2025-12-07 09:28:10 [INF] Sending CANCEL notification to WesternUnionUAT for EndToEndId=2228083818368660 with code=4024
2025-12-07 09:28:12 [INF] WU response OK for EndToEndId=2228083818368660. StatusCode=200, Body={
  "header" : {
    "msgId" : "2228083818368660",
    "creationDateTime" : "2025-12-07 03:28:10.096"
  },
  "paymentInfo" : {
    "identification" : {
      "endToEndId" : "2228083818368660"
    }
  },
  "status" : {
    "code" : "404",
    "subCode" : "7200",
    "msg" : "Transaction does not exist."
  }
}
2025-12-07 09:28:14 [INF] Sending CANCEL notification to WesternUnionUAT for EndToEndId=2228084322867817 with code=4024
2025-12-07 09:28:14 [INF] WU response OK for EndToEndId=2228084322867817. StatusCode=200, Body={
  "header" : {
    "msgId" : "2228084322867817",
    "creationDateTime" : "2025-12-07 03:28:14.291"
  },
  "paymentInfo" : {
    "identification" : {
      "endToEndId" : "2228084322867817"
    }
  },
  "status" : {
    "code" : "404",
    "subCode" : "7200",
    "msg" : "Transaction does not exist."
  }
}
2025-12-07 09:28:16 [INF] Sending CANCEL notification to WesternUnionUAT for EndToEndId=2228480892049530 with code=4024
2025-12-07 09:28:16 [INF] WU response OK for EndToEndId=2228480892049530. StatusCode=200, Body={
  "header" : {
    "msgId" : "2228480892049530",
    "creationDateTime" : "2025-12-07 03:28:16.245"
  },
  "paymentInfo" : {
    "identification" : {
      "endToEndId" : "2228480892049530"
    }
  },
  "status" : {
    "code" : "404",
    "subCode" : "7200",
    "msg" : "Transaction does not exist."
  }
}
2025-12-07 09:28:18 [INF] Sending CANCEL notification to WesternUnionUAT for EndToEndId=2228485770766160 with code=4024
2025-12-07 09:28:18 [INF] WU response OK for EndToEndId=2228485770766160. StatusCode=200, Body={
  "header" : {
    "msgId" : "2228485770766160",
    "creationDateTime" : "2025-12-07 03:28:18.186"
  },
  "paymentInfo" : {
    "identification" : {
      "endToEndId" : "2228485770766160"
    }
  },
  "status" : {
    "code" : "404",
    "subCode" : "7200",
    "msg" : "Transaction does not exist."
  }
}
2025-12-07 09:28:20 [INF] Sending CANCEL notification to WesternUnionUAT for EndToEndId=2228489720707017 with code=4024
2025-12-07 09:28:20 [INF] WU response OK for EndToEndId=2228489720707017. StatusCode=200, Body={
  "header" : {
    "msgId" : "2228489720707017",
    "creationDateTime" : "2025-12-07 03:28:20.126"
  },
  "paymentInfo" : {
    "identification" : {
      "endToEndId" : "2228489720707017"
    }
  },
  "status" : {
    "code" : "404",
    "subCode" : "7200",
    "msg" : "Transaction does not exist."
  }
}
2025-12-07 09:28:22 [INF] Sending CANCEL notification to WesternUnionUAT for EndToEndId=2228680982055570 with code=4024
2025-12-07 09:28:22 [INF] WU response OK for EndToEndId=2228680982055570. StatusCode=200, Body={
  "header" : {
    "msgId" : "2228680982055570",
    "creationDateTime" : "2025-12-07 03:28:22.060"
  },
  "paymentInfo" : {
    "identification" : {
      "endToEndId" : "2228680982055570"
    }
  },
  "status" : {
    "code" : "404",
    "subCode" : "7200",
    "msg" : "Transaction does not exist."
  }
}
2025-12-07 09:28:23 [INF] Sending CANCEL notification to WesternUnionUAT for EndToEndId=2228682621874171 with code=4024
2025-12-07 09:28:24 [INF] WU response OK for EndToEndId=2228682621874171. StatusCode=200, Body={
  "header" : {
    "msgId" : "2228682621874171",
    "creationDateTime" : "2025-12-07 03:28:23.980"
  },
  "paymentInfo" : {
    "identification" : {
      "endToEndId" : "2228682621874171"
    }
  },
  "status" : {
    "code" : "200",
    "subCode" : "0000",
    "msg" : "State is changed successfully"
  }
}
2025-12-07 09:28:26 [INF] Sending CANCEL notification to WesternUnionUAT for EndToEndId=2228682921289164 with code=4024
2025-12-07 09:28:26 [INF] WU response OK for EndToEndId=2228682921289164. StatusCode=200, Body={
  "header" : {
    "msgId" : "2228682921289164",
    "creationDateTime" : "2025-12-07 03:28:26.028"
  },
  "paymentInfo" : {
    "identification" : {
      "endToEndId" : "2228682921289164"
    }
  },
  "status" : {
    "code" : "404",
    "subCode" : "7200",
    "msg" : "Transaction does not exist."
  }
}
2025-12-07 09:28:27 [INF] Sending CANCEL notification to WesternUnionUAT for EndToEndId=2228684241743904 with code=4024
2025-12-07 09:28:28 [INF] WU response OK for EndToEndId=2228684241743904. StatusCode=200, Body={
  "header" : {
    "msgId" : "2228684241743904",
    "creationDateTime" : "2025-12-07 03:28:27.946"
  },
  "paymentInfo" : {
    "identification" : {
      "endToEndId" : "2228684241743904"
    }
  },
  "status" : {
    "code" : "500",
    "subCode" : "1510",
    "msg" : "Invalid payment state transition"
  }
}
2025-12-07 09:28:29 [INF] Sending CANCEL notification to WesternUnionUAT for EndToEndId=2228689290367575 with code=4024
2025-12-07 09:28:30 [INF] WU response OK for EndToEndId=2228689290367575. StatusCode=200, Body={
  "header" : {
    "msgId" : "2228689290367575",
    "creationDateTime" : "2025-12-07 03:28:29.988"
  },
  "paymentInfo" : {
    "identification" : {
      "endToEndId" : "2228689290367575"
    }
  },
  "status" : {
    "code" : "200",
    "subCode" : "0000",
    "msg" : "State is changed successfully"
  }
}
2025-12-07 09:28:32 [INF] Sending CANCEL notification to WesternUnionUAT for EndToEndId=2231289051334951 with code=4024
2025-12-07 09:28:32 [INF] WU response OK for EndToEndId=2231289051334951. StatusCode=200, Body={
  "header" : {
    "msgId" : "2231289051334951",
    "creationDateTime" : "2025-12-07 03:28:32.021"
  },
  "paymentInfo" : {
    "identification" : {
      "endToEndId" : "2231289051334951"
    }
  },
  "status" : {
    "code" : "404",
    "subCode" : "7200",
    "msg" : "Transaction does not exist."
  }
}
2025-12-07 09:28:33 [INF] Sending CANCEL notification to WesternUnionUAT for EndToEndId=2305284391155202 with code=4024
2025-12-07 09:28:34 [INF] WU response OK for EndToEndId=2305284391155202. StatusCode=200, Body={
  "header" : {
    "msgId" : "2305284391155202",
    "creationDateTime" : "2025-12-07 03:28:33.952"
  },
  "paymentInfo" : {
    "identification" : {
      "endToEndId" : "2305284391155202"
    }
  },
  "status" : {
    "code" : "200",
    "subCode" : "0000",
    "msg" : "State is changed successfully"
  }
}
2025-12-07 09:28:36 [INF] Sending CANCEL notification to WesternUnionUAT for EndToEndId=2305586990205069 with code=4024
2025-12-07 09:28:36 [INF] WU response OK for EndToEndId=2305586990205069. StatusCode=200, Body={
  "header" : {
    "msgId" : "2305586990205069",
    "creationDateTime" : "2025-12-07 03:28:36.011"
  },
  "paymentInfo" : {
    "identification" : {
      "endToEndId" : "2305586990205069"
    }
  },
  "status" : {
    "code" : "200",
    "subCode" : "0000",
    "msg" : "State is changed successfully"
  }
}
2025-12-07 09:28:38 [INF] Sending PAID notification to WesternUnionUAT for EndToEndId=2334184040728559 with code=4030
2025-12-07 09:28:38 [INF] WU response OK for EndToEndId=2334184040728559. StatusCode=200, Body={
  "header" : {
    "msgId" : "2334184040728559",
    "creationDateTime" : "2025-12-07 03:28:38.090"
  },
  "paymentInfo" : {
    "identification" : {
      "endToEndId" : "2334184040728559"
    }
  },
  "status" : {
    "code" : "404",
    "subCode" : "7200",
    "msg" : "Transaction does not exist."
  }
}
2025-12-07 09:28:40 [INF] Sending PAID notification to WesternUnionUAT for EndToEndId=2334186940178686 with code=4030
2025-12-07 09:28:40 [INF] WU response OK for EndToEndId=2334186940178686. StatusCode=200, Body={
  "header" : {
    "msgId" : "2334186940178686",
    "creationDateTime" : "2025-12-07 03:28:40.012"
  },
  "paymentInfo" : {
    "identification" : {
      "endToEndId" : "2334186940178686"
    }
  },
  "status" : {
    "code" : "404",
    "subCode" : "7200",
    "msg" : "Transaction does not exist."
  }
}
2025-12-07 09:28:41 [INF] Sending PAID notification to WesternUnionUAT for EndToEndId=2334187339242397 with code=4030
2025-12-07 09:28:42 [INF] WU response OK for EndToEndId=2334187339242397. StatusCode=200, Body={
  "header" : {
    "msgId" : "2334187339242397",
    "creationDateTime" : "2025-12-07 03:28:41.946"
  },
  "paymentInfo" : {
    "identification" : {
      "endToEndId" : "2334187339242397"
    }
  },
  "status" : {
    "code" : "404",
    "subCode" : "7200",
    "msg" : "Transaction does not exist."
  }
}
2025-12-07 09:28:43 [INF] Sending PAID notification to WesternUnionUAT for EndToEndId=2334188245095223 with code=4030
2025-12-07 09:28:44 [INF] WU response OK for EndToEndId=2334188245095223. StatusCode=200, Body={
  "header" : {
    "msgId" : "2334188245095223",
    "creationDateTime" : "2025-12-07 03:28:43.873"
  },
  "paymentInfo" : {
    "identification" : {
      "endToEndId" : "2334188245095223"
    }
  },
  "status" : {
    "code" : "404",
    "subCode" : "7200",
    "msg" : "Transaction does not exist."
  }
}
2025-12-07 09:28:45 [INF] Sending PAID notification to WesternUnionUAT for EndToEndId=2410682753149512 with code=4030
2025-12-07 09:28:46 [INF] WU response OK for EndToEndId=2410682753149512. StatusCode=200, Body={
  "header" : {
    "msgId" : "2410682753149512",
    "creationDateTime" : "2025-12-07 03:28:45.798"
  },
  "paymentInfo" : {
    "identification" : {
      "endToEndId" : "2410682753149512"
    }
  },
  "status" : {
    "code" : "200",
    "subCode" : "0000",
    "msg" : "State is changed successfully"
  }
}
2025-12-07 09:28:47 [INF] Sending PAID notification to WesternUnionUAT for EndToEndId=2410685610728330 with code=4030
2025-12-07 09:28:48 [INF] WU response OK for EndToEndId=2410685610728330. StatusCode=200, Body={
  "header" : {
    "msgId" : "2410685610728330",
    "creationDateTime" : "2025-12-07 03:28:47.878"
  },
  "paymentInfo" : {
    "identification" : {
      "endToEndId" : "2410685610728330"
    }
  },
  "status" : {
    "code" : "200",
    "subCode" : "0000",
    "msg" : "State is changed successfully"
  }
}
2025-12-07 09:28:49 [INF] Sending PAID notification to WesternUnionUAT for EndToEndId=2410689111046871 with code=4030
2025-12-07 09:28:50 [INF] WU response OK for EndToEndId=2410689111046871. StatusCode=200, Body={
  "header" : {
    "msgId" : "2410689111046871",
    "creationDateTime" : "2025-12-07 03:28:49.922"
  },
  "paymentInfo" : {
    "identification" : {
      "endToEndId" : "2410689111046871"
    }
  },
  "status" : {
    "code" : "200",
    "subCode" : "0000",
    "msg" : "State is changed successfully"
  }
}
2025-12-07 09:29:41 [INF] Sending CANCEL notification to WesternUnionUAT for EndToEndId=2228083818368660 with code=4024
2025-12-07 09:29:42 [INF] WU response OK for EndToEndId=2228083818368660. StatusCode=200, Body={
  "header" : {
    "msgId" : "2228083818368660",
    "creationDateTime" : "2025-12-07 03:29:41.996"
  },
  "paymentInfo" : {
    "identification" : {
      "endToEndId" : "2228083818368660"
    }
  },
  "status" : {
    "code" : "404",
    "subCode" : "7200",
    "msg" : "Transaction does not exist."
  }
}
2025-12-07 09:29:44 [INF] Sending CANCEL notification to WesternUnionUAT for EndToEndId=2228084322867817 with code=4024
2025-12-07 09:29:44 [INF] WU response OK for EndToEndId=2228084322867817. StatusCode=200, Body={
  "header" : {
    "msgId" : "2228084322867817",
    "creationDateTime" : "2025-12-07 03:29:44.097"
  },
  "paymentInfo" : {
    "identification" : {
      "endToEndId" : "2228084322867817"
    }
  },
  "status" : {
    "code" : "404",
    "subCode" : "7200",
    "msg" : "Transaction does not exist."
  }
}
2025-12-07 09:29:46 [INF] Sending CANCEL notification to WesternUnionUAT for EndToEndId=2228480892049530 with code=4024
2025-12-07 09:29:46 [INF] WU response OK for EndToEndId=2228480892049530. StatusCode=200, Body={
  "header" : {
    "msgId" : "2228480892049530",
    "creationDateTime" : "2025-12-07 03:29:46.013"
  },
  "paymentInfo" : {
    "identification" : {
      "endToEndId" : "2228480892049530"
    }
  },
  "status" : {
    "code" : "404",
    "subCode" : "7200",
    "msg" : "Transaction does not exist."
  }
}
2025-12-07 09:29:47 [INF] Sending CANCEL notification to WesternUnionUAT for EndToEndId=2228485770766160 with code=4024
2025-12-07 09:29:48 [INF] WU response OK for EndToEndId=2228485770766160. StatusCode=200, Body={
  "header" : {
    "msgId" : "2228485770766160",
    "creationDateTime" : "2025-12-07 03:29:47.954"
  },
  "paymentInfo" : {
    "identification" : {
      "endToEndId" : "2228485770766160"
    }
  },
  "status" : {
    "code" : "404",
    "subCode" : "7200",
    "msg" : "Transaction does not exist."
  }
}
2025-12-07 09:29:49 [INF] Sending CANCEL notification to WesternUnionUAT for EndToEndId=2228489720707017 with code=4024
2025-12-07 09:29:50 [INF] WU response OK for EndToEndId=2228489720707017. StatusCode=200, Body={
  "header" : {
    "msgId" : "2228489720707017",
    "creationDateTime" : "2025-12-07 03:29:49.865"
  },
  "paymentInfo" : {
    "identification" : {
      "endToEndId" : "2228489720707017"
    }
  },
  "status" : {
    "code" : "404",
    "subCode" : "7200",
    "msg" : "Transaction does not exist."
  }
}
2025-12-07 09:29:51 [INF] Sending CANCEL notification to WesternUnionUAT for EndToEndId=2228680982055570 with code=4024
2025-12-07 09:29:52 [INF] WU response OK for EndToEndId=2228680982055570. StatusCode=200, Body={
  "header" : {
    "msgId" : "2228680982055570",
    "creationDateTime" : "2025-12-07 03:29:51.781"
  },
  "paymentInfo" : {
    "identification" : {
      "endToEndId" : "2228680982055570"
    }
  },
  "status" : {
    "code" : "404",
    "subCode" : "7200",
    "msg" : "Transaction does not exist."
  }
}
2025-12-07 09:29:53 [INF] Sending CANCEL notification to WesternUnionUAT for EndToEndId=2228682621874171 with code=4024
2025-12-07 09:29:54 [INF] WU response OK for EndToEndId=2228682621874171. StatusCode=200, Body={
  "header" : {
    "msgId" : "2228682621874171",
    "creationDateTime" : "2025-12-07 03:29:53.704"
  },
  "paymentInfo" : {
    "identification" : {
      "endToEndId" : "2228682621874171"
    }
  },
  "status" : {
    "code" : "200",
    "subCode" : "0000",
    "msg" : "State is changed successfully"
  }
}
2025-12-07 09:29:55 [INF] Sending CANCEL notification to WesternUnionUAT for EndToEndId=2228682921289164 with code=4024
2025-12-07 09:29:56 [INF] WU response OK for EndToEndId=2228682921289164. StatusCode=200, Body={
  "header" : {
    "msgId" : "2228682921289164",
    "creationDateTime" : "2025-12-07 03:29:55.726"
  },
  "paymentInfo" : {
    "identification" : {
      "endToEndId" : "2228682921289164"
    }
  },
  "status" : {
    "code" : "404",
    "subCode" : "7200",
    "msg" : "Transaction does not exist."
  }
}
2025-12-07 09:29:57 [INF] Sending CANCEL notification to WesternUnionUAT for EndToEndId=2228684241743904 with code=4024
2025-12-07 09:29:58 [INF] WU response OK for EndToEndId=2228684241743904. StatusCode=200, Body={
  "header" : {
    "msgId" : "2228684241743904",
    "creationDateTime" : "2025-12-07 03:29:57.645"
  },
  "paymentInfo" : {
    "identification" : {
      "endToEndId" : "2228684241743904"
    }
  },
  "status" : {
    "code" : "500",
    "subCode" : "1510",
    "msg" : "Invalid payment state transition"
  }
}
2025-12-07 09:29:59 [INF] Sending CANCEL notification to WesternUnionUAT for EndToEndId=2228689290367575 with code=4024
2025-12-07 09:30:00 [INF] WU response OK for EndToEndId=2228689290367575. StatusCode=200, Body={
  "header" : {
    "msgId" : "2228689290367575",
    "creationDateTime" : "2025-12-07 03:29:59.650"
  },
  "paymentInfo" : {
    "identification" : {
      "endToEndId" : "2228689290367575"
    }
  },
  "status" : {
    "code" : "200",
    "subCode" : "0000",
    "msg" : "State is changed successfully"
  }
}
2025-12-07 09:30:01 [INF] Sending CANCEL notification to WesternUnionUAT for EndToEndId=2231289051334951 with code=4024
2025-12-07 09:30:02 [INF] WU response OK for EndToEndId=2231289051334951. StatusCode=200, Body={
  "header" : {
    "msgId" : "2231289051334951",
    "creationDateTime" : "2025-12-07 03:30:01.698"
  },
  "paymentInfo" : {
    "identification" : {
      "endToEndId" : "2231289051334951"
    }
  },
  "status" : {
    "code" : "404",
    "subCode" : "7200",
    "msg" : "Transaction does not exist."
  }
}
2025-12-07 09:30:03 [INF] Sending CANCEL notification to WesternUnionUAT for EndToEndId=2305284391155202 with code=4024
2025-12-07 09:30:04 [INF] WU response OK for EndToEndId=2305284391155202. StatusCode=200, Body={
  "header" : {
    "msgId" : "2305284391155202",
    "creationDateTime" : "2025-12-07 03:30:03.617"
  },
  "paymentInfo" : {
    "identification" : {
      "endToEndId" : "2305284391155202"
    }
  },
  "status" : {
    "code" : "200",
    "subCode" : "0000",
    "msg" : "State is changed successfully"
  }
}
2025-12-07 09:30:05 [INF] Sending CANCEL notification to WesternUnionUAT for EndToEndId=2305586990205069 with code=4024
2025-12-07 09:30:06 [INF] WU response OK for EndToEndId=2305586990205069. StatusCode=200, Body={
  "header" : {
    "msgId" : "2305586990205069",
    "creationDateTime" : "2025-12-07 03:30:05.693"
  },
  "paymentInfo" : {
    "identification" : {
      "endToEndId" : "2305586990205069"
    }
  },
  "status" : {
    "code" : "200",
    "subCode" : "0000",
    "msg" : "State is changed successfully"
  }
}
2025-12-07 09:30:07 [INF] Sending PAID notification to WesternUnionUAT for EndToEndId=2334184040728559 with code=4030
2025-12-07 09:30:08 [INF] WU response OK for EndToEndId=2334184040728559. StatusCode=200, Body={
  "header" : {
    "msgId" : "2334184040728559",
    "creationDateTime" : "2025-12-07 03:30:07.765"
  },
  "paymentInfo" : {
    "identification" : {
      "endToEndId" : "2334184040728559"
    }
  },
  "status" : {
    "code" : "404",
    "subCode" : "7200",
    "msg" : "Transaction does not exist."
  }
}
2025-12-07 09:30:09 [INF] Sending PAID notification to WesternUnionUAT for EndToEndId=2334186940178686 with code=4030
2025-12-07 09:30:10 [INF] WU response OK for EndToEndId=2334186940178686. StatusCode=200, Body={
  "header" : {
    "msgId" : "2334186940178686",
    "creationDateTime" : "2025-12-07 03:30:09.692"
  },
  "paymentInfo" : {
    "identification" : {
      "endToEndId" : "2334186940178686"
    }
  },
  "status" : {
    "code" : "404",
    "subCode" : "7200",
    "msg" : "Transaction does not exist."
  }
}
2025-12-07 09:30:11 [INF] Sending PAID notification to WesternUnionUAT for EndToEndId=2334187339242397 with code=4030
2025-12-07 09:30:11 [INF] WU response OK for EndToEndId=2334187339242397. StatusCode=200, Body={
  "header" : {
    "msgId" : "2334187339242397",
    "creationDateTime" : "2025-12-07 03:30:11.614"
  },
  "paymentInfo" : {
    "identification" : {
      "endToEndId" : "2334187339242397"
    }
  },
  "status" : {
    "code" : "404",
    "subCode" : "7200",
    "msg" : "Transaction does not exist."
  }
}
2025-12-07 09:30:13 [INF] Sending PAID notification to WesternUnionUAT for EndToEndId=2334188245095223 with code=4030
2025-12-07 09:30:13 [INF] WU response OK for EndToEndId=2334188245095223. StatusCode=200, Body={
  "header" : {
    "msgId" : "2334188245095223",
    "creationDateTime" : "2025-12-07 03:30:13.541"
  },
  "paymentInfo" : {
    "identification" : {
      "endToEndId" : "2334188245095223"
    }
  },
  "status" : {
    "code" : "404",
    "subCode" : "7200",
    "msg" : "Transaction does not exist."
  }
}
2025-12-07 09:30:15 [INF] Sending PAID notification to WesternUnionUAT for EndToEndId=2410682753149512 with code=4030
2025-12-07 09:30:15 [INF] WU response OK for EndToEndId=2410682753149512. StatusCode=200, Body={
  "header" : {
    "msgId" : "2410682753149512",
    "creationDateTime" : "2025-12-07 03:30:15.454"
  },
  "paymentInfo" : {
    "identification" : {
      "endToEndId" : "2410682753149512"
    }
  },
  "status" : {
    "code" : "200",
    "subCode" : "0000",
    "msg" : "State is changed successfully"
  }
}
2025-12-07 09:30:17 [INF] Sending PAID notification to WesternUnionUAT for EndToEndId=2410685610728330 with code=4030
2025-12-07 09:30:18 [INF] WU response OK for EndToEndId=2410685610728330. StatusCode=200, Body={
  "header" : {
    "msgId" : "2410685610728330",
    "creationDateTime" : "2025-12-07 03:30:17.488"
  },
  "paymentInfo" : {
    "identification" : {
      "endToEndId" : "2410685610728330"
    }
  },
  "status" : {
    "code" : "200",
    "subCode" : "0000",
    "msg" : "State is changed successfully"
  }
}
2025-12-07 09:30:19 [INF] Sending PAID notification to WesternUnionUAT for EndToEndId=2410689111046871 with code=4030
2025-12-07 09:30:20 [INF] WU response OK for EndToEndId=2410689111046871. StatusCode=200, Body={
  "header" : {
    "msgId" : "2410689111046871",
    "creationDateTime" : "2025-12-07 03:30:19.646"
  },
  "paymentInfo" : {
    "identification" : {
      "endToEndId" : "2410689111046871"
    }
  },
  "status" : {
    "code" : "200",
    "subCode" : "0000",
    "msg" : "State is changed successfully"
  }
}
2025-12-07 09:31:11 [INF] Sending CANCEL notification to WesternUnionUAT for EndToEndId=2228083818368660 with code=4024
2025-12-07 09:31:12 [INF] WU response OK for EndToEndId=2228083818368660. StatusCode=200, Body={
  "header" : {
    "msgId" : "2228083818368660",
    "creationDateTime" : "2025-12-07 03:31:11.749"
  },
  "paymentInfo" : {
    "identification" : {
      "endToEndId" : "2228083818368660"
    }
  },
  "status" : {
    "code" : "404",
    "subCode" : "7200",
    "msg" : "Transaction does not exist."
  }
}
2025-12-07 09:31:14 [INF] Sending CANCEL notification to WesternUnionUAT for EndToEndId=2228084322867817 with code=4024
2025-12-07 09:31:14 [INF] WU response OK for EndToEndId=2228084322867817. StatusCode=200, Body={
  "header" : {
    "msgId" : "2228084322867817",
    "creationDateTime" : "2025-12-07 03:31:14.041"
  },
  "paymentInfo" : {
    "identification" : {
      "endToEndId" : "2228084322867817"
    }
  },
  "status" : {
    "code" : "404",
    "subCode" : "7200",
    "msg" : "Transaction does not exist."
  }
}
2025-12-07 09:31:15 [INF] Sending CANCEL notification to WesternUnionUAT for EndToEndId=2228480892049530 with code=4024
2025-12-07 09:31:16 [INF] WU response OK for EndToEndId=2228480892049530. StatusCode=200, Body={
  "header" : {
    "msgId" : "2228480892049530",
    "creationDateTime" : "2025-12-07 03:31:15.985"
  },
  "paymentInfo" : {
    "identification" : {
      "endToEndId" : "2228480892049530"
    }
  },
  "status" : {
    "code" : "404",
    "subCode" : "7200",
    "msg" : "Transaction does not exist."
  }
}
2025-12-07 09:31:17 [INF] Sending CANCEL notification to WesternUnionUAT for EndToEndId=2228485770766160 with code=4024
2025-12-07 09:31:18 [INF] WU response OK for EndToEndId=2228485770766160. StatusCode=200, Body={
  "header" : {
    "msgId" : "2228485770766160",
    "creationDateTime" : "2025-12-07 03:31:17.917"
  },
  "paymentInfo" : {
    "identification" : {
      "endToEndId" : "2228485770766160"
    }
  },
  "status" : {
    "code" : "404",
    "subCode" : "7200",
    "msg" : "Transaction does not exist."
  }
}
2025-12-07 09:31:19 [INF] Sending CANCEL notification to WesternUnionUAT for EndToEndId=2228489720707017 with code=4024
2025-12-07 09:31:20 [INF] WU response OK for EndToEndId=2228489720707017. StatusCode=200, Body={
  "header" : {
    "msgId" : "2228489720707017",
    "creationDateTime" : "2025-12-07 03:31:19.873"
  },
  "paymentInfo" : {
    "identification" : {
      "endToEndId" : "2228489720707017"
    }
  },
  "status" : {
    "code" : "404",
    "subCode" : "7200",
    "msg" : "Transaction does not exist."
  }
}
2025-12-07 09:31:21 [INF] Sending CANCEL notification to WesternUnionUAT for EndToEndId=2228680982055570 with code=4024
2025-12-07 09:31:22 [INF] WU response OK for EndToEndId=2228680982055570. StatusCode=200, Body={
  "header" : {
    "msgId" : "2228680982055570",
    "creationDateTime" : "2025-12-07 03:31:21.800"
  },
  "paymentInfo" : {
    "identification" : {
      "endToEndId" : "2228680982055570"
    }
  },
  "status" : {
    "code" : "404",
    "subCode" : "7200",
    "msg" : "Transaction does not exist."
  }
}
2025-12-07 09:31:23 [INF] Sending CANCEL notification to WesternUnionUAT for EndToEndId=2228682621874171 with code=4024
2025-12-07 09:31:24 [INF] WU response OK for EndToEndId=2228682621874171. StatusCode=200, Body={
  "header" : {
    "msgId" : "2228682621874171",
    "creationDateTime" : "2025-12-07 03:31:23.730"
  },
  "paymentInfo" : {
    "identification" : {
      "endToEndId" : "2228682621874171"
    }
  },
  "status" : {
    "code" : "200",
    "subCode" : "0000",
    "msg" : "State is changed successfully"
  }
}
2025-12-07 09:31:25 [INF] Sending CANCEL notification to WesternUnionUAT for EndToEndId=2228682921289164 with code=4024
2025-12-07 09:31:26 [INF] WU response OK for EndToEndId=2228682921289164. StatusCode=200, Body={
  "header" : {
    "msgId" : "2228682921289164",
    "creationDateTime" : "2025-12-07 03:31:25.856"
  },
  "paymentInfo" : {
    "identification" : {
      "endToEndId" : "2228682921289164"
    }
  },
  "status" : {
    "code" : "404",
    "subCode" : "7200",
    "msg" : "Transaction does not exist."
  }
}
2025-12-07 09:31:27 [INF] Sending CANCEL notification to WesternUnionUAT for EndToEndId=2228684241743904 with code=4024
2025-12-07 09:31:28 [INF] WU response OK for EndToEndId=2228684241743904. StatusCode=200, Body={
  "header" : {
    "msgId" : "2228684241743904",
    "creationDateTime" : "2025-12-07 03:31:27.805"
  },
  "paymentInfo" : {
    "identification" : {
      "endToEndId" : "2228684241743904"
    }
  },
  "status" : {
    "code" : "500",
    "subCode" : "1510",
    "msg" : "Invalid payment state transition"
  }
}
2025-12-07 09:31:29 [INF] Sending CANCEL notification to WesternUnionUAT for EndToEndId=2228689290367575 with code=4024
2025-12-07 09:31:30 [INF] WU response OK for EndToEndId=2228689290367575. StatusCode=200, Body={
  "header" : {
    "msgId" : "2228689290367575",
    "creationDateTime" : "2025-12-07 03:31:29.857"
  },
  "paymentInfo" : {
    "identification" : {
      "endToEndId" : "2228689290367575"
    }
  },
  "status" : {
    "code" : "200",
    "subCode" : "0000",
    "msg" : "State is changed successfully"
  }
}
2025-12-07 09:31:31 [INF] Sending CANCEL notification to WesternUnionUAT for EndToEndId=2231289051334951 with code=4024
2025-12-07 09:31:32 [INF] WU response OK for EndToEndId=2231289051334951. StatusCode=200, Body={
  "header" : {
    "msgId" : "2231289051334951",
    "creationDateTime" : "2025-12-07 03:31:31.988"
  },
  "paymentInfo" : {
    "identification" : {
      "endToEndId" : "2231289051334951"
    }
  },
  "status" : {
    "code" : "404",
    "subCode" : "7200",
    "msg" : "Transaction does not exist."
  }
}
2025-12-07 09:31:33 [INF] Sending CANCEL notification to WesternUnionUAT for EndToEndId=2305284391155202 with code=4024
2025-12-07 09:31:34 [INF] WU response OK for EndToEndId=2305284391155202. StatusCode=200, Body={
  "header" : {
    "msgId" : "2305284391155202",
    "creationDateTime" : "2025-12-07 03:31:33.917"
  },
  "paymentInfo" : {
    "identification" : {
      "endToEndId" : "2305284391155202"
    }
  },
  "status" : {
    "code" : "200",
    "subCode" : "0000",
    "msg" : "State is changed successfully"
  }
}
2025-12-07 09:31:36 [INF] Sending CANCEL notification to WesternUnionUAT for EndToEndId=2305586990205069 with code=4024
2025-12-07 09:31:36 [INF] WU response OK for EndToEndId=2305586990205069. StatusCode=200, Body={
  "header" : {
    "msgId" : "2305586990205069",
    "creationDateTime" : "2025-12-07 03:31:36.153"
  },
  "paymentInfo" : {
    "identification" : {
      "endToEndId" : "2305586990205069"
    }
  },
  "status" : {
    "code" : "200",
    "subCode" : "0000",
    "msg" : "State is changed successfully"
  }
}
2025-12-07 09:31:38 [INF] Sending PAID notification to WesternUnionUAT for EndToEndId=2334184040728559 with code=4030
2025-12-07 09:31:38 [INF] WU response OK for EndToEndId=2334184040728559. StatusCode=200, Body={
  "header" : {
    "msgId" : "2334184040728559",
    "creationDateTime" : "2025-12-07 03:31:38.387"
  },
  "paymentInfo" : {
    "identification" : {
      "endToEndId" : "2334184040728559"
    }
  },
  "status" : {
    "code" : "404",
    "subCode" : "7200",
    "msg" : "Transaction does not exist."
  }
}
2025-12-07 09:31:40 [INF] Sending PAID notification to WesternUnionUAT for EndToEndId=2334186940178686 with code=4030
2025-12-07 09:31:40 [INF] WU response OK for EndToEndId=2334186940178686. StatusCode=200, Body={
  "header" : {
    "msgId" : "2334186940178686",
    "creationDateTime" : "2025-12-07 03:31:40.307"
  },
  "paymentInfo" : {
    "identification" : {
      "endToEndId" : "2334186940178686"
    }
  },
  "status" : {
    "code" : "404",
    "subCode" : "7200",
    "msg" : "Transaction does not exist."
  }
}
2025-12-07 09:31:42 [INF] Sending PAID notification to WesternUnionUAT for EndToEndId=2334187339242397 with code=4030
2025-12-07 09:31:42 [INF] WU response OK for EndToEndId=2334187339242397. StatusCode=200, Body={
  "header" : {
    "msgId" : "2334187339242397",
    "creationDateTime" : "2025-12-07 03:31:42.241"
  },
  "paymentInfo" : {
    "identification" : {
      "endToEndId" : "2334187339242397"
    }
  },
  "status" : {
    "code" : "404",
    "subCode" : "7200",
    "msg" : "Transaction does not exist."
  }
}
2025-12-07 09:31:44 [INF] Sending PAID notification to WesternUnionUAT for EndToEndId=2334188245095223 with code=4030
2025-12-07 09:31:44 [INF] WU response OK for EndToEndId=2334188245095223. StatusCode=200, Body={
  "header" : {
    "msgId" : "2334188245095223",
    "creationDateTime" : "2025-12-07 03:31:44.182"
  },
  "paymentInfo" : {
    "identification" : {
      "endToEndId" : "2334188245095223"
    }
  },
  "status" : {
    "code" : "404",
    "subCode" : "7200",
    "msg" : "Transaction does not exist."
  }
}
2025-12-07 09:31:46 [INF] Sending PAID notification to WesternUnionUAT for EndToEndId=2410682753149512 with code=4030
2025-12-07 09:31:46 [INF] WU response OK for EndToEndId=2410682753149512. StatusCode=200, Body={
  "header" : {
    "msgId" : "2410682753149512",
    "creationDateTime" : "2025-12-07 03:31:46.126"
  },
  "paymentInfo" : {
    "identification" : {
      "endToEndId" : "2410682753149512"
    }
  },
  "status" : {
    "code" : "200",
    "subCode" : "0000",
    "msg" : "State is changed successfully"
  }
}
2025-12-07 09:31:48 [INF] Sending PAID notification to WesternUnionUAT for EndToEndId=2410685610728330 with code=4030
2025-12-07 09:31:49 [INF] WU response OK for EndToEndId=2410685610728330. StatusCode=200, Body={
  "header" : {
    "msgId" : "2410685610728330",
    "creationDateTime" : "2025-12-07 03:31:48.469"
  },
  "paymentInfo" : {
    "identification" : {
      "endToEndId" : "2410685610728330"
    }
  },
  "status" : {
    "code" : "200",
    "subCode" : "0000",
    "msg" : "State is changed successfully"
  }
}
2025-12-07 09:31:50 [INF] Sending PAID notification to WesternUnionUAT for EndToEndId=2410689111046871 with code=4030
2025-12-07 09:31:51 [INF] WU response OK for EndToEndId=2410689111046871. StatusCode=200, Body={
  "header" : {
    "msgId" : "2410689111046871",
    "creationDateTime" : "2025-12-07 03:31:50.719"
  },
  "paymentInfo" : {
    "identification" : {
      "endToEndId" : "2410689111046871"
    }
  },
  "status" : {
    "code" : "200",
    "subCode" : "0000",
    "msg" : "State is changed successfully"
  }
}
2025-12-07 09:32:43 [INF] Sending CANCEL notification to WesternUnionUAT for EndToEndId=2228083818368660 with code=4024
2025-12-07 09:32:43 [INF] WU response OK for EndToEndId=2228083818368660. StatusCode=200, Body={
  "header" : {
    "msgId" : "2228083818368660",
    "creationDateTime" : "2025-12-07 03:32:43.015"
  },
  "paymentInfo" : {
    "identification" : {
      "endToEndId" : "2228083818368660"
    }
  },
  "status" : {
    "code" : "404",
    "subCode" : "7200",
    "msg" : "Transaction does not exist."
  }
}
2025-12-07 09:32:45 [INF] Sending CANCEL notification to WesternUnionUAT for EndToEndId=2228084322867817 with code=4024
2025-12-07 09:32:45 [INF] WU response OK for EndToEndId=2228084322867817. StatusCode=200, Body={
  "header" : {
    "msgId" : "2228084322867817",
    "creationDateTime" : "2025-12-07 03:32:45.201"
  },
  "paymentInfo" : {
    "identification" : {
      "endToEndId" : "2228084322867817"
    }
  },
  "status" : {
    "code" : "404",
    "subCode" : "7200",
    "msg" : "Transaction does not exist."
  }
}
2025-12-07 09:32:47 [INF] Sending CANCEL notification to WesternUnionUAT for EndToEndId=2228480892049530 with code=4024
2025-12-07 09:32:47 [INF] WU response OK for EndToEndId=2228480892049530. StatusCode=200, Body={
  "header" : {
    "msgId" : "2228480892049530",
    "creationDateTime" : "2025-12-07 03:32:47.135"
  },
  "paymentInfo" : {
    "identification" : {
      "endToEndId" : "2228480892049530"
    }
  },
  "status" : {
    "code" : "404",
    "subCode" : "7200",
    "msg" : "Transaction does not exist."
  }
}
2025-12-07 09:32:49 [INF] Sending CANCEL notification to WesternUnionUAT for EndToEndId=2228485770766160 with code=4024
2025-12-07 09:32:49 [INF] WU response OK for EndToEndId=2228485770766160. StatusCode=200, Body={
  "header" : {
    "msgId" : "2228485770766160",
    "creationDateTime" : "2025-12-07 03:32:49.090"
  },
  "paymentInfo" : {
    "identification" : {
      "endToEndId" : "2228485770766160"
    }
  },
  "status" : {
    "code" : "404",
    "subCode" : "7200",
    "msg" : "Transaction does not exist."
  }
}
2025-12-07 09:32:51 [INF] Sending CANCEL notification to WesternUnionUAT for EndToEndId=2228489720707017 with code=4024
2025-12-07 09:32:51 [INF] WU response OK for EndToEndId=2228489720707017. StatusCode=200, Body={
  "header" : {
    "msgId" : "2228489720707017",
    "creationDateTime" : "2025-12-07 03:32:51.009"
  },
  "paymentInfo" : {
    "identification" : {
      "endToEndId" : "2228489720707017"
    }
  },
  "status" : {
    "code" : "404",
    "subCode" : "7200",
    "msg" : "Transaction does not exist."
  }
}
2025-12-07 09:32:52 [INF] Sending CANCEL notification to WesternUnionUAT for EndToEndId=2228680982055570 with code=4024
2025-12-07 09:32:53 [INF] WU response OK for EndToEndId=2228680982055570. StatusCode=200, Body={
  "header" : {
    "msgId" : "2228680982055570",
    "creationDateTime" : "2025-12-07 03:32:52.934"
  },
  "paymentInfo" : {
    "identification" : {
      "endToEndId" : "2228680982055570"
    }
  },
  "status" : {
    "code" : "404",
    "subCode" : "7200",
    "msg" : "Transaction does not exist."
  }
}
2025-12-07 09:32:54 [INF] Sending CANCEL notification to WesternUnionUAT for EndToEndId=2228682621874171 with code=4024
2025-12-07 09:32:55 [INF] WU response OK for EndToEndId=2228682621874171. StatusCode=200, Body={
  "header" : {
    "msgId" : "2228682621874171",
    "creationDateTime" : "2025-12-07 03:32:54.855"
  },
  "paymentInfo" : {
    "identification" : {
      "endToEndId" : "2228682621874171"
    }
  },
  "status" : {
    "code" : "200",
    "subCode" : "0000",
    "msg" : "State is changed successfully"
  }
}
2025-12-07 09:32:56 [INF] Sending CANCEL notification to WesternUnionUAT for EndToEndId=2228682921289164 with code=4024
2025-12-07 09:32:57 [INF] WU response OK for EndToEndId=2228682921289164. StatusCode=200, Body={
  "header" : {
    "msgId" : "2228682921289164",
    "creationDateTime" : "2025-12-07 03:32:56.918"
  },
  "paymentInfo" : {
    "identification" : {
      "endToEndId" : "2228682921289164"
    }
  },
  "status" : {
    "code" : "404",
    "subCode" : "7200",
    "msg" : "Transaction does not exist."
  }
}
2025-12-07 09:32:58 [INF] Sending CANCEL notification to WesternUnionUAT for EndToEndId=2228684241743904 with code=4024
2025-12-07 09:32:59 [INF] WU response OK for EndToEndId=2228684241743904. StatusCode=200, Body={
  "header" : {
    "msgId" : "2228684241743904",
    "creationDateTime" : "2025-12-07 03:32:58.840"
  },
  "paymentInfo" : {
    "identification" : {
      "endToEndId" : "2228684241743904"
    }
  },
  "status" : {
    "code" : "500",
    "subCode" : "1510",
    "msg" : "Invalid payment state transition"
  }
}
2025-12-07 09:33:00 [INF] Sending CANCEL notification to WesternUnionUAT for EndToEndId=2228689290367575 with code=4024
2025-12-07 09:33:01 [INF] WU response OK for EndToEndId=2228689290367575. StatusCode=200, Body={
  "header" : {
    "msgId" : "2228689290367575",
    "creationDateTime" : "2025-12-07 03:33:00.867"
  },
  "paymentInfo" : {
    "identification" : {
      "endToEndId" : "2228689290367575"
    }
  },
  "status" : {
    "code" : "200",
    "subCode" : "0000",
    "msg" : "State is changed successfully"
  }
}
2025-12-07 09:33:02 [INF] Sending CANCEL notification to WesternUnionUAT for EndToEndId=2231289051334951 with code=4024
2025-12-07 09:33:03 [INF] WU response OK for EndToEndId=2231289051334951. StatusCode=200, Body={
  "header" : {
    "msgId" : "2231289051334951",
    "creationDateTime" : "2025-12-07 03:33:02.899"
  },
  "paymentInfo" : {
    "identification" : {
      "endToEndId" : "2231289051334951"
    }
  },
  "status" : {
    "code" : "404",
    "subCode" : "7200",
    "msg" : "Transaction does not exist."
  }
}
2025-12-07 09:33:04 [INF] Sending CANCEL notification to WesternUnionUAT for EndToEndId=2305284391155202 with code=4024
2025-12-07 09:33:05 [INF] WU response OK for EndToEndId=2305284391155202. StatusCode=200, Body={
  "header" : {
    "msgId" : "2305284391155202",
    "creationDateTime" : "2025-12-07 03:33:04.823"
  },
  "paymentInfo" : {
    "identification" : {
      "endToEndId" : "2305284391155202"
    }
  },
  "status" : {
    "code" : "200",
    "subCode" : "0000",
    "msg" : "State is changed successfully"
  }
}
2025-12-07 09:33:06 [INF] Sending CANCEL notification to WesternUnionUAT for EndToEndId=2305586990205069 with code=4024
2025-12-07 09:33:07 [INF] WU response OK for EndToEndId=2305586990205069. StatusCode=200, Body={
  "header" : {
    "msgId" : "2305586990205069",
    "creationDateTime" : "2025-12-07 03:33:06.843"
  },
  "paymentInfo" : {
    "identification" : {
      "endToEndId" : "2305586990205069"
    }
  },
  "status" : {
    "code" : "200",
    "subCode" : "0000",
    "msg" : "State is changed successfully"
  }
}
2025-12-07 09:33:08 [INF] Sending PAID notification to WesternUnionUAT for EndToEndId=2334184040728559 with code=4030
2025-12-07 09:33:09 [INF] WU response OK for EndToEndId=2334184040728559. StatusCode=200, Body={
  "header" : {
    "msgId" : "2334184040728559",
    "creationDateTime" : "2025-12-07 03:33:08.895"
  },
  "paymentInfo" : {
    "identification" : {
      "endToEndId" : "2334184040728559"
    }
  },
  "status" : {
    "code" : "404",
    "subCode" : "7200",
    "msg" : "Transaction does not exist."
  }
}
2025-12-07 09:33:10 [INF] Sending PAID notification to WesternUnionUAT for EndToEndId=2334186940178686 with code=4030
2025-12-07 09:33:11 [INF] WU response OK for EndToEndId=2334186940178686. StatusCode=200, Body={
  "header" : {
    "msgId" : "2334186940178686",
    "creationDateTime" : "2025-12-07 03:33:10.833"
  },
  "paymentInfo" : {
    "identification" : {
      "endToEndId" : "2334186940178686"
    }
  },
  "status" : {
    "code" : "404",
    "subCode" : "7200",
    "msg" : "Transaction does not exist."
  }
}
2025-12-07 09:33:12 [INF] Sending PAID notification to WesternUnionUAT for EndToEndId=2334187339242397 with code=4030
2025-12-07 09:33:13 [INF] WU response OK for EndToEndId=2334187339242397. StatusCode=200, Body={
  "header" : {
    "msgId" : "2334187339242397",
    "creationDateTime" : "2025-12-07 03:33:12.754"
  },
  "paymentInfo" : {
    "identification" : {
      "endToEndId" : "2334187339242397"
    }
  },
  "status" : {
    "code" : "404",
    "subCode" : "7200",
    "msg" : "Transaction does not exist."
  }
}
2025-12-07 09:33:14 [INF] Sending PAID notification to WesternUnionUAT for EndToEndId=2334188245095223 with code=4030
2025-12-07 09:33:15 [INF] WU response OK for EndToEndId=2334188245095223. StatusCode=200, Body={
  "header" : {
    "msgId" : "2334188245095223",
    "creationDateTime" : "2025-12-07 03:33:14.703"
  },
  "paymentInfo" : {
    "identification" : {
      "endToEndId" : "2334188245095223"
    }
  },
  "status" : {
    "code" : "404",
    "subCode" : "7200",
    "msg" : "Transaction does not exist."
  }
}
2025-12-07 09:33:16 [INF] Sending PAID notification to WesternUnionUAT for EndToEndId=2410682753149512 with code=4030
2025-12-07 09:33:17 [INF] WU response OK for EndToEndId=2410682753149512. StatusCode=200, Body={
  "header" : {
    "msgId" : "2410682753149512",
    "creationDateTime" : "2025-12-07 03:33:16.628"
  },
  "paymentInfo" : {
    "identification" : {
      "endToEndId" : "2410682753149512"
    }
  },
  "status" : {
    "code" : "200",
    "subCode" : "0000",
    "msg" : "State is changed successfully"
  }
}
2025-12-07 09:33:18 [INF] Sending PAID notification to WesternUnionUAT for EndToEndId=2410685610728330 with code=4030
2025-12-07 09:33:19 [INF] WU response OK for EndToEndId=2410685610728330. StatusCode=200, Body={
  "header" : {
    "msgId" : "2410685610728330",
    "creationDateTime" : "2025-12-07 03:33:18.670"
  },
  "paymentInfo" : {
    "identification" : {
      "endToEndId" : "2410685610728330"
    }
  },
  "status" : {
    "code" : "200",
    "subCode" : "0000",
    "msg" : "State is changed successfully"
  }
}
2025-12-07 09:33:20 [INF] Sending PAID notification to WesternUnionUAT for EndToEndId=2410689111046871 with code=4030
2025-12-07 09:33:21 [INF] WU response OK for EndToEndId=2410689111046871. StatusCode=200, Body={
  "header" : {
    "msgId" : "2410689111046871",
    "creationDateTime" : "2025-12-07 03:33:20.725"
  },
  "paymentInfo" : {
    "identification" : {
      "endToEndId" : "2410689111046871"
    }
  },
  "status" : {
    "code" : "200",
    "subCode" : "0000",
    "msg" : "State is changed successfully"
  }
}
2025-12-07 09:34:12 [INF] Sending CANCEL notification to WesternUnionUAT for EndToEndId=2228083818368660 with code=4024
2025-12-07 09:34:13 [INF] WU response OK for EndToEndId=2228083818368660. StatusCode=200, Body={
  "header" : {
    "msgId" : "2228083818368660",
    "creationDateTime" : "2025-12-07 03:34:12.813"
  },
  "paymentInfo" : {
    "identification" : {
      "endToEndId" : "2228083818368660"
    }
  },
  "status" : {
    "code" : "404",
    "subCode" : "7200",
    "msg" : "Transaction does not exist."
  }
}
2025-12-07 09:34:15 [INF] Sending CANCEL notification to WesternUnionUAT for EndToEndId=2228084322867817 with code=4024
2025-12-07 09:34:15 [INF] WU response OK for EndToEndId=2228084322867817. StatusCode=200, Body={
  "header" : {
    "msgId" : "2228084322867817",
    "creationDateTime" : "2025-12-07 03:34:15.051"
  },
  "paymentInfo" : {
    "identification" : {
      "endToEndId" : "2228084322867817"
    }
  },
  "status" : {
    "code" : "404",
    "subCode" : "7200",
    "msg" : "Transaction does not exist."
  }
}
2025-12-07 09:34:16 [INF] Sending CANCEL notification to WesternUnionUAT for EndToEndId=2228480892049530 with code=4024
2025-12-07 09:34:17 [INF] WU response OK for EndToEndId=2228480892049530. StatusCode=200, Body={
  "header" : {
    "msgId" : "2228480892049530",
    "creationDateTime" : "2025-12-07 03:34:16.966"
  },
  "paymentInfo" : {
    "identification" : {
      "endToEndId" : "2228480892049530"
    }
  },
  "status" : {
    "code" : "404",
    "subCode" : "7200",
    "msg" : "Transaction does not exist."
  }
}
2025-12-07 09:34:18 [INF] Sending CANCEL notification to WesternUnionUAT for EndToEndId=2228485770766160 with code=4024
2025-12-07 09:34:19 [INF] WU response OK for EndToEndId=2228485770766160. StatusCode=200, Body={
  "header" : {
    "msgId" : "2228485770766160",
    "creationDateTime" : "2025-12-07 03:34:18.895"
  },
  "paymentInfo" : {
    "identification" : {
      "endToEndId" : "2228485770766160"
    }
  },
  "status" : {
    "code" : "404",
    "subCode" : "7200",
    "msg" : "Transaction does not exist."
  }
}
2025-12-07 09:34:20 [INF] Sending CANCEL notification to WesternUnionUAT for EndToEndId=2228489720707017 with code=4024
2025-12-07 09:34:21 [INF] WU response OK for EndToEndId=2228489720707017. StatusCode=200, Body={
  "header" : {
    "msgId" : "2228489720707017",
    "creationDateTime" : "2025-12-07 03:34:20.809"
  },
  "paymentInfo" : {
    "identification" : {
      "endToEndId" : "2228489720707017"
    }
  },
  "status" : {
    "code" : "404",
    "subCode" : "7200",
    "msg" : "Transaction does not exist."
  }
}
2025-12-07 09:34:22 [INF] Sending CANCEL notification to WesternUnionUAT for EndToEndId=2228680982055570 with code=4024
2025-12-07 09:34:23 [INF] WU response OK for EndToEndId=2228680982055570. StatusCode=200, Body={
  "header" : {
    "msgId" : "2228680982055570",
    "creationDateTime" : "2025-12-07 03:34:22.733"
  },
  "paymentInfo" : {
    "identification" : {
      "endToEndId" : "2228680982055570"
    }
  },
  "status" : {
    "code" : "404",
    "subCode" : "7200",
    "msg" : "Transaction does not exist."
  }
}
2025-12-07 09:34:24 [INF] Sending CANCEL notification to WesternUnionUAT for EndToEndId=2228682621874171 with code=4024
2025-12-07 09:34:25 [INF] WU response OK for EndToEndId=2228682621874171. StatusCode=200, Body={
  "header" : {
    "msgId" : "2228682621874171",
    "creationDateTime" : "2025-12-07 03:34:24.661"
  },
  "paymentInfo" : {
    "identification" : {
      "endToEndId" : "2228682621874171"
    }
  },
  "status" : {
    "code" : "200",
    "subCode" : "0000",
    "msg" : "State is changed successfully"
  }
}
2025-12-07 09:34:26 [INF] Sending CANCEL notification to WesternUnionUAT for EndToEndId=2228682921289164 with code=4024
2025-12-07 09:34:27 [INF] WU response OK for EndToEndId=2228682921289164. StatusCode=200, Body={
  "header" : {
    "msgId" : "2228682921289164",
    "creationDateTime" : "2025-12-07 03:34:26.679"
  },
  "paymentInfo" : {
    "identification" : {
      "endToEndId" : "2228682921289164"
    }
  },
  "status" : {
    "code" : "404",
    "subCode" : "7200",
    "msg" : "Transaction does not exist."
  }
}
2025-12-07 09:34:28 [INF] Sending CANCEL notification to WesternUnionUAT for EndToEndId=2228684241743904 with code=4024
2025-12-07 09:34:29 [INF] WU response OK for EndToEndId=2228684241743904. StatusCode=200, Body={
  "header" : {
    "msgId" : "2228684241743904",
    "creationDateTime" : "2025-12-07 03:34:28.614"
  },
  "paymentInfo" : {
    "identification" : {
      "endToEndId" : "2228684241743904"
    }
  },
  "status" : {
    "code" : "500",
    "subCode" : "1510",
    "msg" : "Invalid payment state transition"
  }
}
2025-12-07 09:34:30 [INF] Sending CANCEL notification to WesternUnionUAT for EndToEndId=2228689290367575 with code=4024
2025-12-07 09:34:31 [INF] WU response OK for EndToEndId=2228689290367575. StatusCode=200, Body={
  "header" : {
    "msgId" : "2228689290367575",
    "creationDateTime" : "2025-12-07 03:34:30.614"
  },
  "paymentInfo" : {
    "identification" : {
      "endToEndId" : "2228689290367575"
    }
  },
  "status" : {
    "code" : "200",
    "subCode" : "0000",
    "msg" : "State is changed successfully"
  }
}
2025-12-07 09:34:32 [INF] Sending CANCEL notification to WesternUnionUAT for EndToEndId=2231289051334951 with code=4024
2025-12-07 09:34:32 [INF] WU response OK for EndToEndId=2231289051334951. StatusCode=200, Body={
  "header" : {
    "msgId" : "2231289051334951",
    "creationDateTime" : "2025-12-07 03:34:32.665"
  },
  "paymentInfo" : {
    "identification" : {
      "endToEndId" : "2231289051334951"
    }
  },
  "status" : {
    "code" : "404",
    "subCode" : "7200",
    "msg" : "Transaction does not exist."
  }
}
2025-12-07 09:34:34 [INF] Sending CANCEL notification to WesternUnionUAT for EndToEndId=2305284391155202 with code=4024
2025-12-07 09:34:35 [INF] WU response OK for EndToEndId=2305284391155202. StatusCode=200, Body={
  "header" : {
    "msgId" : "2305284391155202",
    "creationDateTime" : "2025-12-07 03:34:34.577"
  },
  "paymentInfo" : {
    "identification" : {
      "endToEndId" : "2305284391155202"
    }
  },
  "status" : {
    "code" : "200",
    "subCode" : "0000",
    "msg" : "State is changed successfully"
  }
}
2025-12-07 09:34:36 [INF] Sending CANCEL notification to WesternUnionUAT for EndToEndId=2305586990205069 with code=4024
2025-12-07 09:34:37 [INF] WU response OK for EndToEndId=2305586990205069. StatusCode=200, Body={
  "header" : {
    "msgId" : "2305586990205069",
    "creationDateTime" : "2025-12-07 03:34:36.619"
  },
  "paymentInfo" : {
    "identification" : {
      "endToEndId" : "2305586990205069"
    }
  },
  "status" : {
    "code" : "200",
    "subCode" : "0000",
    "msg" : "State is changed successfully"
  }
}
2025-12-07 09:34:38 [INF] Sending PAID notification to WesternUnionUAT for EndToEndId=2334184040728559 with code=4030
2025-12-07 09:34:38 [INF] WU response OK for EndToEndId=2334184040728559. StatusCode=200, Body={
  "header" : {
    "msgId" : "2334184040728559",
    "creationDateTime" : "2025-12-07 03:34:38.660"
  },
  "paymentInfo" : {
    "identification" : {
      "endToEndId" : "2334184040728559"
    }
  },
  "status" : {
    "code" : "404",
    "subCode" : "7200",
    "msg" : "Transaction does not exist."
  }
}
2025-12-07 09:34:40 [INF] Sending PAID notification to WesternUnionUAT for EndToEndId=2334186940178686 with code=4030
2025-12-07 09:34:40 [INF] WU response OK for EndToEndId=2334186940178686. StatusCode=200, Body={
  "header" : {
    "msgId" : "2334186940178686",
    "creationDateTime" : "2025-12-07 03:34:40.578"
  },
  "paymentInfo" : {
    "identification" : {
      "endToEndId" : "2334186940178686"
    }
  },
  "status" : {
    "code" : "404",
    "subCode" : "7200",
    "msg" : "Transaction does not exist."
  }
}
2025-12-07 09:34:42 [INF] Sending PAID notification to WesternUnionUAT for EndToEndId=2334187339242397 with code=4030
2025-12-07 09:34:42 [INF] WU response OK for EndToEndId=2334187339242397. StatusCode=200, Body={
  "header" : {
    "msgId" : "2334187339242397",
    "creationDateTime" : "2025-12-07 03:34:42.488"
  },
  "paymentInfo" : {
    "identification" : {
      "endToEndId" : "2334187339242397"
    }
  },
  "status" : {
    "code" : "404",
    "subCode" : "7200",
    "msg" : "Transaction does not exist."
  }
}
2025-12-07 09:34:44 [INF] Sending PAID notification to WesternUnionUAT for EndToEndId=2334188245095223 with code=4030
2025-12-07 09:34:44 [INF] WU response OK for EndToEndId=2334188245095223. StatusCode=200, Body={
  "header" : {
    "msgId" : "2334188245095223",
    "creationDateTime" : "2025-12-07 03:34:44.413"
  },
  "paymentInfo" : {
    "identification" : {
      "endToEndId" : "2334188245095223"
    }
  },
  "status" : {
    "code" : "404",
    "subCode" : "7200",
    "msg" : "Transaction does not exist."
  }
}
2025-12-07 09:34:46 [INF] Sending PAID notification to WesternUnionUAT for EndToEndId=2410682753149512 with code=4030
2025-12-07 09:34:46 [INF] WU response OK for EndToEndId=2410682753149512. StatusCode=200, Body={
  "header" : {
    "msgId" : "2410682753149512",
    "creationDateTime" : "2025-12-07 03:34:46.497"
  },
  "paymentInfo" : {
    "identification" : {
      "endToEndId" : "2410682753149512"
    }
  },
  "status" : {
    "code" : "200",
    "subCode" : "0000",
    "msg" : "State is changed successfully"
  }
}
2025-12-07 09:34:48 [INF] Sending PAID notification to WesternUnionUAT for EndToEndId=2410685610728330 with code=4030
2025-12-07 09:34:49 [INF] WU response OK for EndToEndId=2410685610728330. StatusCode=200, Body={
  "header" : {
    "msgId" : "2410685610728330",
    "creationDateTime" : "2025-12-07 03:34:48.568"
  },
  "paymentInfo" : {
    "identification" : {
      "endToEndId" : "2410685610728330"
    }
  },
  "status" : {
    "code" : "200",
    "subCode" : "0000",
    "msg" : "State is changed successfully"
  }
}
2025-12-07 09:34:50 [INF] Sending PAID notification to WesternUnionUAT for EndToEndId=2410689111046871 with code=4030
2025-12-07 09:34:51 [INF] WU response OK for EndToEndId=2410689111046871. StatusCode=200, Body={
  "header" : {
    "msgId" : "2410689111046871",
    "creationDateTime" : "2025-12-07 03:34:50.628"
  },
  "paymentInfo" : {
    "identification" : {
      "endToEndId" : "2410689111046871"
    }
  },
  "status" : {
    "code" : "200",
    "subCode" : "0000",
    "msg" : "State is changed successfully"
  }
}
2025-12-07 09:35:42 [INF] Sending CANCEL notification to WesternUnionUAT for EndToEndId=2228083818368660 with code=4024
2025-12-07 09:35:43 [INF] WU response OK for EndToEndId=2228083818368660. StatusCode=200, Body={
  "header" : {
    "msgId" : "2228083818368660",
    "creationDateTime" : "2025-12-07 03:35:42.692"
  },
  "paymentInfo" : {
    "identification" : {
      "endToEndId" : "2228083818368660"
    }
  },
  "status" : {
    "code" : "404",
    "subCode" : "7200",
    "msg" : "Transaction does not exist."
  }
}
2025-12-07 09:35:44 [INF] Sending CANCEL notification to WesternUnionUAT for EndToEndId=2228084322867817 with code=4024
2025-12-07 09:35:45 [INF] WU response OK for EndToEndId=2228084322867817. StatusCode=200, Body={
  "header" : {
    "msgId" : "2228084322867817",
    "creationDateTime" : "2025-12-07 03:35:44.866"
  },
  "paymentInfo" : {
    "identification" : {
      "endToEndId" : "2228084322867817"
    }
  },
  "status" : {
    "code" : "404",
    "subCode" : "7200",
    "msg" : "Transaction does not exist."
  }
}
2025-12-07 09:35:46 [INF] Sending CANCEL notification to WesternUnionUAT for EndToEndId=2228480892049530 with code=4024
2025-12-07 09:35:47 [INF] WU response OK for EndToEndId=2228480892049530. StatusCode=200, Body={
  "header" : {
    "msgId" : "2228480892049530",
    "creationDateTime" : "2025-12-07 03:35:46.796"
  },
  "paymentInfo" : {
    "identification" : {
      "endToEndId" : "2228480892049530"
    }
  },
  "status" : {
    "code" : "404",
    "subCode" : "7200",
    "msg" : "Transaction does not exist."
  }
}
2025-12-07 09:35:48 [INF] Sending CANCEL notification to WesternUnionUAT for EndToEndId=2228485770766160 with code=4024
2025-12-07 09:35:49 [INF] WU response OK for EndToEndId=2228485770766160. StatusCode=200, Body={
  "header" : {
    "msgId" : "2228485770766160",
    "creationDateTime" : "2025-12-07 03:35:48.721"
  },
  "paymentInfo" : {
    "identification" : {
      "endToEndId" : "2228485770766160"
    }
  },
  "status" : {
    "code" : "404",
    "subCode" : "7200",
    "msg" : "Transaction does not exist."
  }
}
2025-12-07 09:35:50 [INF] Sending CANCEL notification to WesternUnionUAT for EndToEndId=2228489720707017 with code=4024
2025-12-07 09:35:50 [INF] WU response OK for EndToEndId=2228489720707017. StatusCode=200, Body={
  "header" : {
    "msgId" : "2228489720707017",
    "creationDateTime" : "2025-12-07 03:35:50.647"
  },
  "paymentInfo" : {
    "identification" : {
      "endToEndId" : "2228489720707017"
    }
  },
  "status" : {
    "code" : "404",
    "subCode" : "7200",
    "msg" : "Transaction does not exist."
  }
}
2025-12-07 09:35:52 [INF] Sending CANCEL notification to WesternUnionUAT for EndToEndId=2228680982055570 with code=4024
2025-12-07 09:35:52 [INF] WU response OK for EndToEndId=2228680982055570. StatusCode=200, Body={
  "header" : {
    "msgId" : "2228680982055570",
    "creationDateTime" : "2025-12-07 03:35:52.570"
  },
  "paymentInfo" : {
    "identification" : {
      "endToEndId" : "2228680982055570"
    }
  },
  "status" : {
    "code" : "404",
    "subCode" : "7200",
    "msg" : "Transaction does not exist."
  }
}
2025-12-07 09:35:54 [INF] Sending CANCEL notification to WesternUnionUAT for EndToEndId=2228682621874171 with code=4024
2025-12-07 09:35:54 [INF] WU response OK for EndToEndId=2228682621874171. StatusCode=200, Body={
  "header" : {
    "msgId" : "2228682621874171",
    "creationDateTime" : "2025-12-07 03:35:54.483"
  },
  "paymentInfo" : {
    "identification" : {
      "endToEndId" : "2228682621874171"
    }
  },
  "status" : {
    "code" : "200",
    "subCode" : "0000",
    "msg" : "State is changed successfully"
  }
}
2025-12-07 09:35:56 [INF] Sending CANCEL notification to WesternUnionUAT for EndToEndId=2228682921289164 with code=4024
2025-12-07 09:35:56 [INF] WU response OK for EndToEndId=2228682921289164. StatusCode=200, Body={
  "header" : {
    "msgId" : "2228682921289164",
    "creationDateTime" : "2025-12-07 03:35:56.513"
  },
  "paymentInfo" : {
    "identification" : {
      "endToEndId" : "2228682921289164"
    }
  },
  "status" : {
    "code" : "404",
    "subCode" : "7200",
    "msg" : "Transaction does not exist."
  }
}
2025-12-07 09:35:58 [INF] Sending CANCEL notification to WesternUnionUAT for EndToEndId=2228684241743904 with code=4024
2025-12-07 09:35:58 [INF] WU response OK for EndToEndId=2228684241743904. StatusCode=200, Body={
  "header" : {
    "msgId" : "2228684241743904",
    "creationDateTime" : "2025-12-07 03:35:58.435"
  },
  "paymentInfo" : {
    "identification" : {
      "endToEndId" : "2228684241743904"
    }
  },
  "status" : {
    "code" : "500",
    "subCode" : "1510",
    "msg" : "Invalid payment state transition"
  }
}
2025-12-07 09:36:00 [INF] Sending CANCEL notification to WesternUnionUAT for EndToEndId=2228689290367575 with code=4024
2025-12-07 09:36:00 [INF] WU response OK for EndToEndId=2228689290367575. StatusCode=200, Body={
  "header" : {
    "msgId" : "2228689290367575",
    "creationDateTime" : "2025-12-07 03:36:00.427"
  },
  "paymentInfo" : {
    "identification" : {
      "endToEndId" : "2228689290367575"
    }
  },
  "status" : {
    "code" : "200",
    "subCode" : "0000",
    "msg" : "State is changed successfully"
  }
}
2025-12-07 09:36:02 [INF] Sending CANCEL notification to WesternUnionUAT for EndToEndId=2231289051334951 with code=4024
2025-12-07 09:36:02 [INF] WU response OK for EndToEndId=2231289051334951. StatusCode=200, Body={
  "header" : {
    "msgId" : "2231289051334951",
    "creationDateTime" : "2025-12-07 03:36:02.471"
  },
  "paymentInfo" : {
    "identification" : {
      "endToEndId" : "2231289051334951"
    }
  },
  "status" : {
    "code" : "404",
    "subCode" : "7200",
    "msg" : "Transaction does not exist."
  }
}
2025-12-07 09:36:04 [INF] Sending CANCEL notification to WesternUnionUAT for EndToEndId=2305284391155202 with code=4024
2025-12-07 09:36:04 [INF] WU response OK for EndToEndId=2305284391155202. StatusCode=200, Body={
  "header" : {
    "msgId" : "2305284391155202",
    "creationDateTime" : "2025-12-07 03:36:04.395"
  },
  "paymentInfo" : {
    "identification" : {
      "endToEndId" : "2305284391155202"
    }
  },
  "status" : {
    "code" : "200",
    "subCode" : "0000",
    "msg" : "State is changed successfully"
  }
}
2025-12-07 09:36:06 [INF] Sending CANCEL notification to WesternUnionUAT for EndToEndId=2305586990205069 with code=4024
2025-12-07 09:36:06 [INF] WU response OK for EndToEndId=2305586990205069. StatusCode=200, Body={
  "header" : {
    "msgId" : "2305586990205069",
    "creationDateTime" : "2025-12-07 03:36:06.444"
  },
  "paymentInfo" : {
    "identification" : {
      "endToEndId" : "2305586990205069"
    }
  },
  "status" : {
    "code" : "200",
    "subCode" : "0000",
    "msg" : "State is changed successfully"
  }
}
2025-12-07 09:36:08 [INF] Sending PAID notification to WesternUnionUAT for EndToEndId=2334184040728559 with code=4030
2025-12-07 09:36:08 [INF] WU response OK for EndToEndId=2334184040728559. StatusCode=200, Body={
  "header" : {
    "msgId" : "2334184040728559",
    "creationDateTime" : "2025-12-07 03:36:08.478"
  },
  "paymentInfo" : {
    "identification" : {
      "endToEndId" : "2334184040728559"
    }
  },
  "status" : {
    "code" : "404",
    "subCode" : "7200",
    "msg" : "Transaction does not exist."
  }
}
2025-12-07 09:36:10 [INF] Sending PAID notification to WesternUnionUAT for EndToEndId=2334186940178686 with code=4030
2025-12-07 09:36:10 [INF] WU response OK for EndToEndId=2334186940178686. StatusCode=200, Body={
  "header" : {
    "msgId" : "2334186940178686",
    "creationDateTime" : "2025-12-07 03:36:10.403"
  },
  "paymentInfo" : {
    "identification" : {
      "endToEndId" : "2334186940178686"
    }
  },
  "status" : {
    "code" : "404",
    "subCode" : "7200",
    "msg" : "Transaction does not exist."
  }
}
2025-12-07 09:36:12 [INF] Sending PAID notification to WesternUnionUAT for EndToEndId=2334187339242397 with code=4030
2025-12-07 09:36:12 [INF] WU response OK for EndToEndId=2334187339242397. StatusCode=200, Body={
  "header" : {
    "msgId" : "2334187339242397",
    "creationDateTime" : "2025-12-07 03:36:12.324"
  },
  "paymentInfo" : {
    "identification" : {
      "endToEndId" : "2334187339242397"
    }
  },
  "status" : {
    "code" : "404",
    "subCode" : "7200",
    "msg" : "Transaction does not exist."
  }
}
2025-12-07 09:36:14 [INF] Sending PAID notification to WesternUnionUAT for EndToEndId=2334188245095223 with code=4030
2025-12-07 09:36:14 [INF] WU response OK for EndToEndId=2334188245095223. StatusCode=200, Body={
  "header" : {
    "msgId" : "2334188245095223",
    "creationDateTime" : "2025-12-07 03:36:14.250"
  },
  "paymentInfo" : {
    "identification" : {
      "endToEndId" : "2334188245095223"
    }
  },
  "status" : {
    "code" : "404",
    "subCode" : "7200",
    "msg" : "Transaction does not exist."
  }
}
2025-12-07 09:36:16 [INF] Sending PAID notification to WesternUnionUAT for EndToEndId=2410682753149512 with code=4030
2025-12-07 09:36:16 [INF] WU response OK for EndToEndId=2410682753149512. StatusCode=200, Body={
  "header" : {
    "msgId" : "2410682753149512",
    "creationDateTime" : "2025-12-07 03:36:16.406"
  },
  "paymentInfo" : {
    "identification" : {
      "endToEndId" : "2410682753149512"
    }
  },
  "status" : {
    "code" : "200",
    "subCode" : "0000",
    "msg" : "State is changed successfully"
  }
}
2025-12-07 09:36:18 [INF] Sending PAID notification to WesternUnionUAT for EndToEndId=2410685610728330 with code=4030
2025-12-07 09:36:18 [INF] WU response OK for EndToEndId=2410685610728330. StatusCode=200, Body={
  "header" : {
    "msgId" : "2410685610728330",
    "creationDateTime" : "2025-12-07 03:36:18.486"
  },
  "paymentInfo" : {
    "identification" : {
      "endToEndId" : "2410685610728330"
    }
  },
  "status" : {
    "code" : "200",
    "subCode" : "0000",
    "msg" : "State is changed successfully"
  }
}
2025-12-07 09:36:20 [INF] Sending PAID notification to WesternUnionUAT for EndToEndId=2410689111046871 with code=4030
2025-12-07 09:36:20 [INF] WU response OK for EndToEndId=2410689111046871. StatusCode=200, Body={
  "header" : {
    "msgId" : "2410689111046871",
    "creationDateTime" : "2025-12-07 03:36:20.569"
  },
  "paymentInfo" : {
    "identification" : {
      "endToEndId" : "2410689111046871"
    }
  },
  "status" : {
    "code" : "200",
    "subCode" : "0000",
    "msg" : "State is changed successfully"
  }
}
2025-12-07 09:37:12 [INF] Sending CANCEL notification to WesternUnionUAT for EndToEndId=2228083818368660 with code=4024
2025-12-07 09:37:13 [INF] WU response OK for EndToEndId=2228083818368660. StatusCode=200, Body={
  "header" : {
    "msgId" : "2228083818368660",
    "creationDateTime" : "2025-12-07 03:37:12.638"
  },
  "paymentInfo" : {
    "identification" : {
      "endToEndId" : "2228083818368660"
    }
  },
  "status" : {
    "code" : "404",
    "subCode" : "7200",
    "msg" : "Transaction does not exist."
  }
}
2025-12-07 09:37:14 [INF] Sending CANCEL notification to WesternUnionUAT for EndToEndId=2228084322867817 with code=4024
2025-12-07 09:37:15 [INF] WU response OK for EndToEndId=2228084322867817. StatusCode=200, Body={
  "header" : {
    "msgId" : "2228084322867817",
    "creationDateTime" : "2025-12-07 03:37:14.829"
  },
  "paymentInfo" : {
    "identification" : {
      "endToEndId" : "2228084322867817"
    }
  },
  "status" : {
    "code" : "404",
    "subCode" : "7200",
    "msg" : "Transaction does not exist."
  }
}
2025-12-07 09:37:16 [INF] Sending CANCEL notification to WesternUnionUAT for EndToEndId=2228480892049530 with code=4024
2025-12-07 09:37:17 [INF] WU response OK for EndToEndId=2228480892049530. StatusCode=200, Body={
  "header" : {
    "msgId" : "2228480892049530",
    "creationDateTime" : "2025-12-07 03:37:16.753"
  },
  "paymentInfo" : {
    "identification" : {
      "endToEndId" : "2228480892049530"
    }
  },
  "status" : {
    "code" : "404",
    "subCode" : "7200",
    "msg" : "Transaction does not exist."
  }
}
2025-12-07 09:37:18 [INF] Sending CANCEL notification to WesternUnionUAT for EndToEndId=2228485770766160 with code=4024
2025-12-07 09:37:19 [INF] WU response OK for EndToEndId=2228485770766160. StatusCode=200, Body={
  "header" : {
    "msgId" : "2228485770766160",
    "creationDateTime" : "2025-12-07 03:37:18.677"
  },
  "paymentInfo" : {
    "identification" : {
      "endToEndId" : "2228485770766160"
    }
  },
  "status" : {
    "code" : "404",
    "subCode" : "7200",
    "msg" : "Transaction does not exist."
  }
}
2025-12-07 09:37:20 [INF] Sending CANCEL notification to WesternUnionUAT for EndToEndId=2228489720707017 with code=4024
2025-12-07 09:37:20 [INF] WU response OK for EndToEndId=2228489720707017. StatusCode=200, Body={
  "header" : {
    "msgId" : "2228489720707017",
    "creationDateTime" : "2025-12-07 03:37:20.626"
  },
  "paymentInfo" : {
    "identification" : {
      "endToEndId" : "2228489720707017"
    }
  },
  "status" : {
    "code" : "404",
    "subCode" : "7200",
    "msg" : "Transaction does not exist."
  }
}
2025-12-07 09:37:22 [INF] Sending CANCEL notification to WesternUnionUAT for EndToEndId=2228680982055570 with code=4024
2025-12-07 09:37:22 [INF] WU response OK for EndToEndId=2228680982055570. StatusCode=200, Body={
  "header" : {
    "msgId" : "2228680982055570",
    "creationDateTime" : "2025-12-07 03:37:22.546"
  },
  "paymentInfo" : {
    "identification" : {
      "endToEndId" : "2228680982055570"
    }
  },
  "status" : {
    "code" : "404",
    "subCode" : "7200",
    "msg" : "Transaction does not exist."
  }
}
2025-12-07 09:37:24 [INF] Sending CANCEL notification to WesternUnionUAT for EndToEndId=2228682621874171 with code=4024
2025-12-07 09:37:24 [INF] WU response OK for EndToEndId=2228682621874171. StatusCode=200, Body={
  "header" : {
    "msgId" : "2228682621874171",
    "creationDateTime" : "2025-12-07 03:37:24.471"
  },
  "paymentInfo" : {
    "identification" : {
      "endToEndId" : "2228682621874171"
    }
  },
  "status" : {
    "code" : "200",
    "subCode" : "0000",
    "msg" : "State is changed successfully"
  }
}
2025-12-07 09:37:26 [INF] Sending CANCEL notification to WesternUnionUAT for EndToEndId=2228682921289164 with code=4024
2025-12-07 09:37:26 [INF] WU response OK for EndToEndId=2228682921289164. StatusCode=200, Body={
  "header" : {
    "msgId" : "2228682921289164",
    "creationDateTime" : "2025-12-07 03:37:26.485"
  },
  "paymentInfo" : {
    "identification" : {
      "endToEndId" : "2228682921289164"
    }
  },
  "status" : {
    "code" : "404",
    "subCode" : "7200",
    "msg" : "Transaction does not exist."
  }
}
2025-12-07 09:37:28 [INF] Sending CANCEL notification to WesternUnionUAT for EndToEndId=2228684241743904 with code=4024
2025-12-07 09:37:28 [INF] WU response OK for EndToEndId=2228684241743904. StatusCode=200, Body={
  "header" : {
    "msgId" : "2228684241743904",
    "creationDateTime" : "2025-12-07 03:37:28.410"
  },
  "paymentInfo" : {
    "identification" : {
      "endToEndId" : "2228684241743904"
    }
  },
  "status" : {
    "code" : "500",
    "subCode" : "1510",
    "msg" : "Invalid payment state transition"
  }
}
2025-12-07 09:37:30 [INF] Sending CANCEL notification to WesternUnionUAT for EndToEndId=2228689290367575 with code=4024
2025-12-07 09:37:30 [INF] WU response OK for EndToEndId=2228689290367575. StatusCode=200, Body={
  "header" : {
    "msgId" : "2228689290367575",
    "creationDateTime" : "2025-12-07 03:37:30.396"
  },
  "paymentInfo" : {
    "identification" : {
      "endToEndId" : "2228689290367575"
    }
  },
  "status" : {
    "code" : "200",
    "subCode" : "0000",
    "msg" : "State is changed successfully"
  }
}
2025-12-07 09:37:32 [INF] Sending CANCEL notification to WesternUnionUAT for EndToEndId=2231289051334951 with code=4024
2025-12-07 09:37:32 [INF] WU response OK for EndToEndId=2231289051334951. StatusCode=200, Body={
  "header" : {
    "msgId" : "2231289051334951",
    "creationDateTime" : "2025-12-07 03:37:32.417"
  },
  "paymentInfo" : {
    "identification" : {
      "endToEndId" : "2231289051334951"
    }
  },
  "status" : {
    "code" : "404",
    "subCode" : "7200",
    "msg" : "Transaction does not exist."
  }
}
2025-12-07 09:37:34 [INF] Sending CANCEL notification to WesternUnionUAT for EndToEndId=2305284391155202 with code=4024
2025-12-07 09:37:34 [INF] WU response OK for EndToEndId=2305284391155202. StatusCode=200, Body={
  "header" : {
    "msgId" : "2305284391155202",
    "creationDateTime" : "2025-12-07 03:37:34.344"
  },
  "paymentInfo" : {
    "identification" : {
      "endToEndId" : "2305284391155202"
    }
  },
  "status" : {
    "code" : "200",
    "subCode" : "0000",
    "msg" : "State is changed successfully"
  }
}
2025-12-07 09:37:36 [INF] Sending CANCEL notification to WesternUnionUAT for EndToEndId=2305586990205069 with code=4024
2025-12-07 09:37:36 [INF] WU response OK for EndToEndId=2305586990205069. StatusCode=200, Body={
  "header" : {
    "msgId" : "2305586990205069",
    "creationDateTime" : "2025-12-07 03:37:36.368"
  },
  "paymentInfo" : {
    "identification" : {
      "endToEndId" : "2305586990205069"
    }
  },
  "status" : {
    "code" : "200",
    "subCode" : "0000",
    "msg" : "State is changed successfully"
  }
}
2025-12-07 09:37:38 [INF] Sending PAID notification to WesternUnionUAT for EndToEndId=2334184040728559 with code=4030
2025-12-07 09:37:38 [INF] WU response OK for EndToEndId=2334184040728559. StatusCode=200, Body={
  "header" : {
    "msgId" : "2334184040728559",
    "creationDateTime" : "2025-12-07 03:37:38.399"
  },
  "paymentInfo" : {
    "identification" : {
      "endToEndId" : "2334184040728559"
    }
  },
  "status" : {
    "code" : "404",
    "subCode" : "7200",
    "msg" : "Transaction does not exist."
  }
}
2025-12-07 09:37:40 [INF] Sending PAID notification to WesternUnionUAT for EndToEndId=2334186940178686 with code=4030
2025-12-07 09:37:40 [INF] WU response OK for EndToEndId=2334186940178686. StatusCode=200, Body={
  "header" : {
    "msgId" : "2334186940178686",
    "creationDateTime" : "2025-12-07 03:37:40.316"
  },
  "paymentInfo" : {
    "identification" : {
      "endToEndId" : "2334186940178686"
    }
  },
  "status" : {
    "code" : "404",
    "subCode" : "7200",
    "msg" : "Transaction does not exist."
  }
}
2025-12-07 09:37:42 [INF] Sending PAID notification to WesternUnionUAT for EndToEndId=2334187339242397 with code=4030
2025-12-07 09:37:42 [INF] WU response OK for EndToEndId=2334187339242397. StatusCode=200, Body={
  "header" : {
    "msgId" : "2334187339242397",
    "creationDateTime" : "2025-12-07 03:37:42.236"
  },
  "paymentInfo" : {
    "identification" : {
      "endToEndId" : "2334187339242397"
    }
  },
  "status" : {
    "code" : "404",
    "subCode" : "7200",
    "msg" : "Transaction does not exist."
  }
}
2025-12-07 09:37:44 [INF] Sending PAID notification to WesternUnionUAT for EndToEndId=2334188245095223 with code=4030
2025-12-07 09:37:44 [INF] WU response OK for EndToEndId=2334188245095223. StatusCode=200, Body={
  "header" : {
    "msgId" : "2334188245095223",
    "creationDateTime" : "2025-12-07 03:37:44.147"
  },
  "paymentInfo" : {
    "identification" : {
      "endToEndId" : "2334188245095223"
    }
  },
  "status" : {
    "code" : "404",
    "subCode" : "7200",
    "msg" : "Transaction does not exist."
  }
}
2025-12-07 09:37:46 [INF] Sending PAID notification to WesternUnionUAT for EndToEndId=2410682753149512 with code=4030
2025-12-07 09:37:46 [INF] WU response OK for EndToEndId=2410682753149512. StatusCode=200, Body={
  "header" : {
    "msgId" : "2410682753149512",
    "creationDateTime" : "2025-12-07 03:37:46.243"
  },
  "paymentInfo" : {
    "identification" : {
      "endToEndId" : "2410682753149512"
    }
  },
  "status" : {
    "code" : "200",
    "subCode" : "0000",
    "msg" : "State is changed successfully"
  }
}
2025-12-07 09:37:48 [INF] Sending PAID notification to WesternUnionUAT for EndToEndId=2410685610728330 with code=4030
2025-12-07 09:37:48 [INF] WU response OK for EndToEndId=2410685610728330. StatusCode=200, Body={
  "header" : {
    "msgId" : "2410685610728330",
    "creationDateTime" : "2025-12-07 03:37:48.291"
  },
  "paymentInfo" : {
    "identification" : {
      "endToEndId" : "2410685610728330"
    }
  },
  "status" : {
    "code" : "200",
    "subCode" : "0000",
    "msg" : "State is changed successfully"
  }
}
2025-12-07 09:37:50 [INF] Sending PAID notification to WesternUnionUAT for EndToEndId=2410689111046871 with code=4030
2025-12-07 09:37:50 [INF] WU response OK for EndToEndId=2410689111046871. StatusCode=200, Body={
  "header" : {
    "msgId" : "2410689111046871",
    "creationDateTime" : "2025-12-07 03:37:50.384"
  },
  "paymentInfo" : {
    "identification" : {
      "endToEndId" : "2410689111046871"
    }
  },
  "status" : {
    "code" : "200",
    "subCode" : "0000",
    "msg" : "State is changed successfully"
  }
}
2025-12-07 09:38:42 [INF] Sending CANCEL notification to WesternUnionUAT for EndToEndId=2228083818368660 with code=4024
2025-12-07 09:38:43 [INF] WU response OK for EndToEndId=2228083818368660. StatusCode=200, Body={
  "header" : {
    "msgId" : "2228083818368660",
    "creationDateTime" : "2025-12-07 03:38:42.471"
  },
  "paymentInfo" : {
    "identification" : {
      "endToEndId" : "2228083818368660"
    }
  },
  "status" : {
    "code" : "404",
    "subCode" : "7200",
    "msg" : "Transaction does not exist."
  }
}
2025-12-07 09:38:44 [INF] Sending CANCEL notification to WesternUnionUAT for EndToEndId=2228084322867817 with code=4024
2025-12-07 09:38:44 [INF] WU response OK for EndToEndId=2228084322867817. StatusCode=200, Body={
  "header" : {
    "msgId" : "2228084322867817",
    "creationDateTime" : "2025-12-07 03:38:44.626"
  },
  "paymentInfo" : {
    "identification" : {
      "endToEndId" : "2228084322867817"
    }
  },
  "status" : {
    "code" : "404",
    "subCode" : "7200",
    "msg" : "Transaction does not exist."
  }
}
2025-12-07 09:38:46 [INF] Sending CANCEL notification to WesternUnionUAT for EndToEndId=2228480892049530 with code=4024
2025-12-07 09:38:46 [INF] WU response OK for EndToEndId=2228480892049530. StatusCode=200, Body={
  "header" : {
    "msgId" : "2228480892049530",
    "creationDateTime" : "2025-12-07 03:38:46.546"
  },
  "paymentInfo" : {
    "identification" : {
      "endToEndId" : "2228480892049530"
    }
  },
  "status" : {
    "code" : "404",
    "subCode" : "7200",
    "msg" : "Transaction does not exist."
  }
}
2025-12-07 09:38:48 [INF] Sending CANCEL notification to WesternUnionUAT for EndToEndId=2228485770766160 with code=4024
2025-12-07 09:38:48 [INF] WU response OK for EndToEndId=2228485770766160. StatusCode=200, Body={
  "header" : {
    "msgId" : "2228485770766160",
    "creationDateTime" : "2025-12-07 03:38:48.473"
  },
  "paymentInfo" : {
    "identification" : {
      "endToEndId" : "2228485770766160"
    }
  },
  "status" : {
    "code" : "404",
    "subCode" : "7200",
    "msg" : "Transaction does not exist."
  }
}
2025-12-07 09:38:50 [INF] Sending CANCEL notification to WesternUnionUAT for EndToEndId=2228489720707017 with code=4024
2025-12-07 09:38:50 [INF] WU response OK for EndToEndId=2228489720707017. StatusCode=200, Body={
  "header" : {
    "msgId" : "2228489720707017",
    "creationDateTime" : "2025-12-07 03:38:50.401"
  },
  "paymentInfo" : {
    "identification" : {
      "endToEndId" : "2228489720707017"
    }
  },
  "status" : {
    "code" : "404",
    "subCode" : "7200",
    "msg" : "Transaction does not exist."
  }
}
2025-12-07 09:38:52 [INF] Sending CANCEL notification to WesternUnionUAT for EndToEndId=2228680982055570 with code=4024
2025-12-07 09:38:52 [INF] WU response OK for EndToEndId=2228680982055570. StatusCode=200, Body={
  "header" : {
    "msgId" : "2228680982055570",
    "creationDateTime" : "2025-12-07 03:38:52.316"
  },
  "paymentInfo" : {
    "identification" : {
      "endToEndId" : "2228680982055570"
    }
  },
  "status" : {
    "code" : "404",
    "subCode" : "7200",
    "msg" : "Transaction does not exist."
  }
}
2025-12-07 09:38:54 [INF] Sending CANCEL notification to WesternUnionUAT for EndToEndId=2228682621874171 with code=4024
2025-12-07 09:38:54 [INF] WU response OK for EndToEndId=2228682621874171. StatusCode=200, Body={
  "header" : {
    "msgId" : "2228682621874171",
    "creationDateTime" : "2025-12-07 03:38:54.259"
  },
  "paymentInfo" : {
    "identification" : {
      "endToEndId" : "2228682621874171"
    }
  },
  "status" : {
    "code" : "200",
    "subCode" : "0000",
    "msg" : "State is changed successfully"
  }
}
2025-12-07 09:38:56 [INF] Sending CANCEL notification to WesternUnionUAT for EndToEndId=2228682921289164 with code=4024
2025-12-07 09:38:56 [INF] WU response OK for EndToEndId=2228682921289164. StatusCode=200, Body={
  "header" : {
    "msgId" : "2228682921289164",
    "creationDateTime" : "2025-12-07 03:38:56.306"
  },
  "paymentInfo" : {
    "identification" : {
      "endToEndId" : "2228682921289164"
    }
  },
  "status" : {
    "code" : "404",
    "subCode" : "7200",
    "msg" : "Transaction does not exist."
  }
}
2025-12-07 09:38:58 [INF] Sending CANCEL notification to WesternUnionUAT for EndToEndId=2228684241743904 with code=4024
2025-12-07 09:38:58 [INF] WU response OK for EndToEndId=2228684241743904. StatusCode=200, Body={
  "header" : {
    "msgId" : "2228684241743904",
    "creationDateTime" : "2025-12-07 03:38:58.230"
  },
  "paymentInfo" : {
    "identification" : {
      "endToEndId" : "2228684241743904"
    }
  },
  "status" : {
    "code" : "500",
    "subCode" : "1510",
    "msg" : "Invalid payment state transition"
  }
}
2025-12-07 09:39:00 [INF] Sending CANCEL notification to WesternUnionUAT for EndToEndId=2228689290367575 with code=4024
2025-12-07 09:39:00 [INF] WU response OK for EndToEndId=2228689290367575. StatusCode=200, Body={
  "header" : {
    "msgId" : "2228689290367575",
    "creationDateTime" : "2025-12-07 03:39:00.218"
  },
  "paymentInfo" : {
    "identification" : {
      "endToEndId" : "2228689290367575"
    }
  },
  "status" : {
    "code" : "200",
    "subCode" : "0000",
    "msg" : "State is changed successfully"
  }
}
2025-12-07 09:39:02 [INF] Sending CANCEL notification to WesternUnionUAT for EndToEndId=2231289051334951 with code=4024
2025-12-07 09:39:02 [INF] WU response OK for EndToEndId=2231289051334951. StatusCode=200, Body={
  "header" : {
    "msgId" : "2231289051334951",
    "creationDateTime" : "2025-12-07 03:39:02.243"
  },
  "paymentInfo" : {
    "identification" : {
      "endToEndId" : "2231289051334951"
    }
  },
  "status" : {
    "code" : "404",
    "subCode" : "7200",
    "msg" : "Transaction does not exist."
  }
}
2025-12-07 09:39:04 [INF] Sending CANCEL notification to WesternUnionUAT for EndToEndId=2305284391155202 with code=4024
2025-12-07 09:39:04 [INF] WU response OK for EndToEndId=2305284391155202. StatusCode=200, Body={
  "header" : {
    "msgId" : "2305284391155202",
    "creationDateTime" : "2025-12-07 03:39:04.174"
  },
  "paymentInfo" : {
    "identification" : {
      "endToEndId" : "2305284391155202"
    }
  },
  "status" : {
    "code" : "200",
    "subCode" : "0000",
    "msg" : "State is changed successfully"
  }
}
2025-12-07 09:39:06 [INF] Sending CANCEL notification to WesternUnionUAT for EndToEndId=2305586990205069 with code=4024
2025-12-07 09:39:06 [INF] WU response OK for EndToEndId=2305586990205069. StatusCode=200, Body={
  "header" : {
    "msgId" : "2305586990205069",
    "creationDateTime" : "2025-12-07 03:39:06.237"
  },
  "paymentInfo" : {
    "identification" : {
      "endToEndId" : "2305586990205069"
    }
  },
  "status" : {
    "code" : "200",
    "subCode" : "0000",
    "msg" : "State is changed successfully"
  }
}
2025-12-07 09:39:08 [INF] Sending PAID notification to WesternUnionUAT for EndToEndId=2334184040728559 with code=4030
2025-12-07 09:39:08 [INF] WU response OK for EndToEndId=2334184040728559. StatusCode=200, Body={
  "header" : {
    "msgId" : "2334184040728559",
    "creationDateTime" : "2025-12-07 03:39:08.259"
  },
  "paymentInfo" : {
    "identification" : {
      "endToEndId" : "2334184040728559"
    }
  },
  "status" : {
    "code" : "404",
    "subCode" : "7200",
    "msg" : "Transaction does not exist."
  }
}
2025-12-07 09:39:10 [INF] Sending PAID notification to WesternUnionUAT for EndToEndId=2334186940178686 with code=4030
2025-12-07 09:39:10 [INF] WU response OK for EndToEndId=2334186940178686. StatusCode=200, Body={
  "header" : {
    "msgId" : "2334186940178686",
    "creationDateTime" : "2025-12-07 03:39:10.178"
  },
  "paymentInfo" : {
    "identification" : {
      "endToEndId" : "2334186940178686"
    }
  },
  "status" : {
    "code" : "404",
    "subCode" : "7200",
    "msg" : "Transaction does not exist."
  }
}
2025-12-07 09:39:12 [INF] Sending PAID notification to WesternUnionUAT for EndToEndId=2334187339242397 with code=4030
2025-12-07 09:39:12 [INF] WU response OK for EndToEndId=2334187339242397. StatusCode=200, Body={
  "header" : {
    "msgId" : "2334187339242397",
    "creationDateTime" : "2025-12-07 03:39:12.100"
  },
  "paymentInfo" : {
    "identification" : {
      "endToEndId" : "2334187339242397"
    }
  },
  "status" : {
    "code" : "404",
    "subCode" : "7200",
    "msg" : "Transaction does not exist."
  }
}
2025-12-07 09:39:14 [INF] Sending PAID notification to WesternUnionUAT for EndToEndId=2334188245095223 with code=4030
2025-12-07 09:39:14 [INF] WU response OK for EndToEndId=2334188245095223. StatusCode=200, Body={
  "header" : {
    "msgId" : "2334188245095223",
    "creationDateTime" : "2025-12-07 03:39:14.019"
  },
  "paymentInfo" : {
    "identification" : {
      "endToEndId" : "2334188245095223"
    }
  },
  "status" : {
    "code" : "404",
    "subCode" : "7200",
    "msg" : "Transaction does not exist."
  }
}
2025-12-07 09:39:16 [INF] Sending PAID notification to WesternUnionUAT for EndToEndId=2410682753149512 with code=4030
2025-12-07 09:39:16 [INF] WU response OK for EndToEndId=2410682753149512. StatusCode=200, Body={
  "header" : {
    "msgId" : "2410682753149512",
    "creationDateTime" : "2025-12-07 03:39:16.196"
  },
  "paymentInfo" : {
    "identification" : {
      "endToEndId" : "2410682753149512"
    }
  },
  "status" : {
    "code" : "200",
    "subCode" : "0000",
    "msg" : "State is changed successfully"
  }
}
2025-12-07 09:39:18 [INF] Sending PAID notification to WesternUnionUAT for EndToEndId=2410685610728330 with code=4030
2025-12-07 09:39:18 [INF] WU response OK for EndToEndId=2410685610728330. StatusCode=200, Body={
  "header" : {
    "msgId" : "2410685610728330",
    "creationDateTime" : "2025-12-07 03:39:18.276"
  },
  "paymentInfo" : {
    "identification" : {
      "endToEndId" : "2410685610728330"
    }
  },
  "status" : {
    "code" : "200",
    "subCode" : "0000",
    "msg" : "State is changed successfully"
  }
}
2025-12-07 09:39:20 [INF] Sending PAID notification to WesternUnionUAT for EndToEndId=2410689111046871 with code=4030
2025-12-07 09:39:20 [INF] WU response OK for EndToEndId=2410689111046871. StatusCode=200, Body={
  "header" : {
    "msgId" : "2410689111046871",
    "creationDateTime" : "2025-12-07 03:39:20.337"
  },
  "paymentInfo" : {
    "identification" : {
      "endToEndId" : "2410689111046871"
    }
  },
  "status" : {
    "code" : "200",
    "subCode" : "0000",
    "msg" : "State is changed successfully"
  }
}
2025-12-07 09:40:12 [INF] Sending CANCEL notification to WesternUnionUAT for EndToEndId=2228083818368660 with code=4024
2025-12-07 09:40:15 [INF] WU response OK for EndToEndId=2228083818368660. StatusCode=200, Body={
  "header" : {
    "msgId" : "2228083818368660",
    "creationDateTime" : "2025-12-07 03:40:12.427"
  },
  "paymentInfo" : {
    "identification" : {
      "endToEndId" : "2228083818368660"
    }
  },
  "status" : {
    "code" : "404",
    "subCode" : "7200",
    "msg" : "Transaction does not exist."
  }
}
2025-12-07 09:40:17 [INF] Sending CANCEL notification to WesternUnionUAT for EndToEndId=2228084322867817 with code=4024
2025-12-07 09:40:17 [INF] WU response OK for EndToEndId=2228084322867817. StatusCode=200, Body={
  "header" : {
    "msgId" : "2228084322867817",
    "creationDateTime" : "2025-12-07 03:40:17.162"
  },
  "paymentInfo" : {
    "identification" : {
      "endToEndId" : "2228084322867817"
    }
  },
  "status" : {
    "code" : "404",
    "subCode" : "7200",
    "msg" : "Transaction does not exist."
  }
}
2025-12-07 09:40:19 [INF] Sending CANCEL notification to WesternUnionUAT for EndToEndId=2228480892049530 with code=4024
2025-12-07 09:40:19 [INF] WU response OK for EndToEndId=2228480892049530. StatusCode=200, Body={
  "header" : {
    "msgId" : "2228480892049530",
    "creationDateTime" : "2025-12-07 03:40:19.093"
  },
  "paymentInfo" : {
    "identification" : {
      "endToEndId" : "2228480892049530"
    }
  },
  "status" : {
    "code" : "404",
    "subCode" : "7200",
    "msg" : "Transaction does not exist."
  }
}
2025-12-07 09:40:21 [INF] Sending CANCEL notification to WesternUnionUAT for EndToEndId=2228485770766160 with code=4024
2025-12-07 09:40:21 [INF] WU response OK for EndToEndId=2228485770766160. StatusCode=200, Body={
  "header" : {
    "msgId" : "2228485770766160",
    "creationDateTime" : "2025-12-07 03:40:21.023"
  },
  "paymentInfo" : {
    "identification" : {
      "endToEndId" : "2228485770766160"
    }
  },
  "status" : {
    "code" : "404",
    "subCode" : "7200",
    "msg" : "Transaction does not exist."
  }
}
2025-12-07 09:40:22 [INF] Sending CANCEL notification to WesternUnionUAT for EndToEndId=2228489720707017 with code=4024
2025-12-07 09:40:23 [INF] WU response OK for EndToEndId=2228489720707017. StatusCode=200, Body={
  "header" : {
    "msgId" : "2228489720707017",
    "creationDateTime" : "2025-12-07 03:40:22.950"
  },
  "paymentInfo" : {
    "identification" : {
      "endToEndId" : "2228489720707017"
    }
  },
  "status" : {
    "code" : "404",
    "subCode" : "7200",
    "msg" : "Transaction does not exist."
  }
}
2025-12-07 09:40:24 [INF] Sending CANCEL notification to WesternUnionUAT for EndToEndId=2228680982055570 with code=4024
2025-12-07 09:40:25 [INF] WU response OK for EndToEndId=2228680982055570. StatusCode=200, Body={
  "header" : {
    "msgId" : "2228680982055570",
    "creationDateTime" : "2025-12-07 03:40:24.890"
  },
  "paymentInfo" : {
    "identification" : {
      "endToEndId" : "2228680982055570"
    }
  },
  "status" : {
    "code" : "404",
    "subCode" : "7200",
    "msg" : "Transaction does not exist."
  }
}
2025-12-07 09:40:26 [INF] Sending CANCEL notification to WesternUnionUAT for EndToEndId=2228682621874171 with code=4024
2025-12-07 09:40:27 [INF] WU response OK for EndToEndId=2228682621874171. StatusCode=200, Body={
  "header" : {
    "msgId" : "2228682621874171",
    "creationDateTime" : "2025-12-07 03:40:26.818"
  },
  "paymentInfo" : {
    "identification" : {
      "endToEndId" : "2228682621874171"
    }
  },
  "status" : {
    "code" : "200",
    "subCode" : "0000",
    "msg" : "State is changed successfully"
  }
}
2025-12-07 09:40:28 [INF] Sending CANCEL notification to WesternUnionUAT for EndToEndId=2228682921289164 with code=4024
2025-12-07 09:40:29 [INF] WU response OK for EndToEndId=2228682921289164. StatusCode=200, Body={
  "header" : {
    "msgId" : "2228682921289164",
    "creationDateTime" : "2025-12-07 03:40:28.854"
  },
  "paymentInfo" : {
    "identification" : {
      "endToEndId" : "2228682921289164"
    }
  },
  "status" : {
    "code" : "404",
    "subCode" : "7200",
    "msg" : "Transaction does not exist."
  }
}
2025-12-07 09:40:30 [INF] Sending CANCEL notification to WesternUnionUAT for EndToEndId=2228684241743904 with code=4024
2025-12-07 09:40:31 [INF] WU response OK for EndToEndId=2228684241743904. StatusCode=200, Body={
  "header" : {
    "msgId" : "2228684241743904",
    "creationDateTime" : "2025-12-07 03:40:30.788"
  },
  "paymentInfo" : {
    "identification" : {
      "endToEndId" : "2228684241743904"
    }
  },
  "status" : {
    "code" : "500",
    "subCode" : "1510",
    "msg" : "Invalid payment state transition"
  }
}
2025-12-07 09:40:32 [INF] Sending CANCEL notification to WesternUnionUAT for EndToEndId=2228689290367575 with code=4024
2025-12-07 09:40:33 [INF] WU response OK for EndToEndId=2228689290367575. StatusCode=200, Body={
  "header" : {
    "msgId" : "2228689290367575",
    "creationDateTime" : "2025-12-07 03:40:32.791"
  },
  "paymentInfo" : {
    "identification" : {
      "endToEndId" : "2228689290367575"
    }
  },
  "status" : {
    "code" : "200",
    "subCode" : "0000",
    "msg" : "State is changed successfully"
  }
}
2025-12-07 09:40:34 [INF] Sending CANCEL notification to WesternUnionUAT for EndToEndId=2231289051334951 with code=4024
2025-12-07 09:40:35 [INF] WU response OK for EndToEndId=2231289051334951. StatusCode=200, Body={
  "header" : {
    "msgId" : "2231289051334951",
    "creationDateTime" : "2025-12-07 03:40:34.817"
  },
  "paymentInfo" : {
    "identification" : {
      "endToEndId" : "2231289051334951"
    }
  },
  "status" : {
    "code" : "404",
    "subCode" : "7200",
    "msg" : "Transaction does not exist."
  }
}
2025-12-07 09:40:36 [INF] Sending CANCEL notification to WesternUnionUAT for EndToEndId=2305284391155202 with code=4024
2025-12-07 09:40:37 [INF] WU response OK for EndToEndId=2305284391155202. StatusCode=200, Body={
  "header" : {
    "msgId" : "2305284391155202",
    "creationDateTime" : "2025-12-07 03:40:36.743"
  },
  "paymentInfo" : {
    "identification" : {
      "endToEndId" : "2305284391155202"
    }
  },
  "status" : {
    "code" : "200",
    "subCode" : "0000",
    "msg" : "State is changed successfully"
  }
}
2025-12-07 09:40:38 [INF] Sending CANCEL notification to WesternUnionUAT for EndToEndId=2305586990205069 with code=4024
2025-12-07 09:40:39 [INF] WU response OK for EndToEndId=2305586990205069. StatusCode=200, Body={
  "header" : {
    "msgId" : "2305586990205069",
    "creationDateTime" : "2025-12-07 03:40:38.788"
  },
  "paymentInfo" : {
    "identification" : {
      "endToEndId" : "2305586990205069"
    }
  },
  "status" : {
    "code" : "200",
    "subCode" : "0000",
    "msg" : "State is changed successfully"
  }
}
2025-12-07 09:40:40 [INF] Sending PAID notification to WesternUnionUAT for EndToEndId=2334184040728559 with code=4030
2025-12-07 09:40:41 [INF] WU response OK for EndToEndId=2334184040728559. StatusCode=200, Body={
  "header" : {
    "msgId" : "2334184040728559",
    "creationDateTime" : "2025-12-07 03:40:40.857"
  },
  "paymentInfo" : {
    "identification" : {
      "endToEndId" : "2334184040728559"
    }
  },
  "status" : {
    "code" : "404",
    "subCode" : "7200",
    "msg" : "Transaction does not exist."
  }
}
2025-12-07 09:40:42 [INF] Sending PAID notification to WesternUnionUAT for EndToEndId=2334186940178686 with code=4030
2025-12-07 09:40:43 [INF] WU response OK for EndToEndId=2334186940178686. StatusCode=200, Body={
  "header" : {
    "msgId" : "2334186940178686",
    "creationDateTime" : "2025-12-07 03:40:42.798"
  },
  "paymentInfo" : {
    "identification" : {
      "endToEndId" : "2334186940178686"
    }
  },
  "status" : {
    "code" : "404",
    "subCode" : "7200",
    "msg" : "Transaction does not exist."
  }
}
2025-12-07 09:40:44 [INF] Sending PAID notification to WesternUnionUAT for EndToEndId=2334187339242397 with code=4030
2025-12-07 09:40:45 [INF] WU response OK for EndToEndId=2334187339242397. StatusCode=200, Body={
  "header" : {
    "msgId" : "2334187339242397",
    "creationDateTime" : "2025-12-07 03:40:44.724"
  },
  "paymentInfo" : {
    "identification" : {
      "endToEndId" : "2334187339242397"
    }
  },
  "status" : {
    "code" : "404",
    "subCode" : "7200",
    "msg" : "Transaction does not exist."
  }
}
2025-12-07 09:40:46 [INF] Sending PAID notification to WesternUnionUAT for EndToEndId=2334188245095223 with code=4030
2025-12-07 09:40:47 [INF] WU response OK for EndToEndId=2334188245095223. StatusCode=200, Body={
  "header" : {
    "msgId" : "2334188245095223",
    "creationDateTime" : "2025-12-07 03:40:46.825"
  },
  "paymentInfo" : {
    "identification" : {
      "endToEndId" : "2334188245095223"
    }
  },
  "status" : {
    "code" : "404",
    "subCode" : "7200",
    "msg" : "Transaction does not exist."
  }
}
2025-12-07 09:40:48 [INF] Sending PAID notification to WesternUnionUAT for EndToEndId=2410682753149512 with code=4030
2025-12-07 09:40:49 [INF] WU response OK for EndToEndId=2410682753149512. StatusCode=200, Body={
  "header" : {
    "msgId" : "2410682753149512",
    "creationDateTime" : "2025-12-07 03:40:48.756"
  },
  "paymentInfo" : {
    "identification" : {
      "endToEndId" : "2410682753149512"
    }
  },
  "status" : {
    "code" : "200",
    "subCode" : "0000",
    "msg" : "State is changed successfully"
  }
}
2025-12-07 09:40:50 [INF] Sending PAID notification to WesternUnionUAT for EndToEndId=2410685610728330 with code=4030
2025-12-07 09:40:51 [INF] WU response OK for EndToEndId=2410685610728330. StatusCode=200, Body={
  "header" : {
    "msgId" : "2410685610728330",
    "creationDateTime" : "2025-12-07 03:40:50.806"
  },
  "paymentInfo" : {
    "identification" : {
      "endToEndId" : "2410685610728330"
    }
  },
  "status" : {
    "code" : "200",
    "subCode" : "0000",
    "msg" : "State is changed successfully"
  }
}
2025-12-07 09:40:52 [INF] Sending PAID notification to WesternUnionUAT for EndToEndId=2410689111046871 with code=4030
2025-12-07 09:40:53 [INF] WU response OK for EndToEndId=2410689111046871. StatusCode=200, Body={
  "header" : {
    "msgId" : "2410689111046871",
    "creationDateTime" : "2025-12-07 03:40:52.862"
  },
  "paymentInfo" : {
    "identification" : {
      "endToEndId" : "2410689111046871"
    }
  },
  "status" : {
    "code" : "200",
    "subCode" : "0000",
    "msg" : "State is changed successfully"
  }
}
2025-12-07 09:52:23 [INF] Sending CANCEL notification to WesternUnionUAT for EndToEndId=2228083818368660 with code=4024
2025-12-07 09:52:24 [INF] WU response OK for EndToEndId=2228083818368660. StatusCode=200, Body={
  "header" : {
    "msgId" : "2228083818368660",
    "creationDateTime" : "2025-12-07 03:52:23.945"
  },
  "paymentInfo" : {
    "identification" : {
      "endToEndId" : "2228083818368660"
    }
  },
  "status" : {
    "code" : "404",
    "subCode" : "7200",
    "msg" : "Transaction does not exist."
  }
}
2025-12-07 09:52:24 [WRN] Western Union status update FAILED for EndToEndId=2228083818368660. Unexpected subCode=7200.
2025-12-07 09:52:26 [INF] Sending CANCEL notification to WesternUnionUAT for EndToEndId=2228084322867817 with code=4024
2025-12-07 09:52:26 [INF] WU response OK for EndToEndId=2228084322867817. StatusCode=200, Body={
  "header" : {
    "msgId" : "2228084322867817",
    "creationDateTime" : "2025-12-07 03:52:26.472"
  },
  "paymentInfo" : {
    "identification" : {
      "endToEndId" : "2228084322867817"
    }
  },
  "status" : {
    "code" : "404",
    "subCode" : "7200",
    "msg" : "Transaction does not exist."
  }
}
2025-12-07 09:52:26 [WRN] Western Union status update FAILED for EndToEndId=2228084322867817. Unexpected subCode=7200.
2025-12-07 09:52:28 [INF] Sending CANCEL notification to WesternUnionUAT for EndToEndId=2228480892049530 with code=4024
2025-12-07 09:52:28 [INF] WU response OK for EndToEndId=2228480892049530. StatusCode=200, Body={
  "header" : {
    "msgId" : "2228480892049530",
    "creationDateTime" : "2025-12-07 03:52:28.398"
  },
  "paymentInfo" : {
    "identification" : {
      "endToEndId" : "2228480892049530"
    }
  },
  "status" : {
    "code" : "404",
    "subCode" : "7200",
    "msg" : "Transaction does not exist."
  }
}
2025-12-07 09:52:28 [WRN] Western Union status update FAILED for EndToEndId=2228480892049530. Unexpected subCode=7200.
2025-12-07 09:52:30 [INF] Sending CANCEL notification to WesternUnionUAT for EndToEndId=2228485770766160 with code=4024
2025-12-07 09:52:30 [INF] WU response OK for EndToEndId=2228485770766160. StatusCode=200, Body={
  "header" : {
    "msgId" : "2228485770766160",
    "creationDateTime" : "2025-12-07 03:52:30.323"
  },
  "paymentInfo" : {
    "identification" : {
      "endToEndId" : "2228485770766160"
    }
  },
  "status" : {
    "code" : "404",
    "subCode" : "7200",
    "msg" : "Transaction does not exist."
  }
}
2025-12-07 09:52:30 [WRN] Western Union status update FAILED for EndToEndId=2228485770766160. Unexpected subCode=7200.
2025-12-07 09:52:32 [INF] Sending CANCEL notification to WesternUnionUAT for EndToEndId=2228489720707017 with code=4024
2025-12-07 09:52:32 [INF] WU response OK for EndToEndId=2228489720707017. StatusCode=200, Body={
  "header" : {
    "msgId" : "2228489720707017",
    "creationDateTime" : "2025-12-07 03:52:32.249"
  },
  "paymentInfo" : {
    "identification" : {
      "endToEndId" : "2228489720707017"
    }
  },
  "status" : {
    "code" : "404",
    "subCode" : "7200",
    "msg" : "Transaction does not exist."
  }
}
2025-12-07 09:52:32 [WRN] Western Union status update FAILED for EndToEndId=2228489720707017. Unexpected subCode=7200.
2025-12-07 09:52:34 [INF] Sending CANCEL notification to WesternUnionUAT for EndToEndId=2228680982055570 with code=4024
2025-12-07 09:52:34 [INF] WU response OK for EndToEndId=2228680982055570. StatusCode=200, Body={
  "header" : {
    "msgId" : "2228680982055570",
    "creationDateTime" : "2025-12-07 03:52:34.178"
  },
  "paymentInfo" : {
    "identification" : {
      "endToEndId" : "2228680982055570"
    }
  },
  "status" : {
    "code" : "404",
    "subCode" : "7200",
    "msg" : "Transaction does not exist."
  }
}
2025-12-07 09:52:34 [WRN] Western Union status update FAILED for EndToEndId=2228680982055570. Unexpected subCode=7200.
2025-12-07 09:52:36 [INF] Sending CANCEL notification to WesternUnionUAT for EndToEndId=2228682621874171 with code=4024
2025-12-07 09:52:36 [INF] WU response OK for EndToEndId=2228682621874171. StatusCode=200, Body={
  "header" : {
    "msgId" : "2228682621874171",
    "creationDateTime" : "2025-12-07 03:52:36.135"
  },
  "paymentInfo" : {
    "identification" : {
      "endToEndId" : "2228682621874171"
    }
  },
  "status" : {
    "code" : "200",
    "subCode" : "0000",
    "msg" : "State is changed successfully"
  }
}
2025-12-07 09:52:36 [WRN] Western Union status update FAILED for EndToEndId=2228682621874171. Unexpected subCode=0000.
2025-12-07 09:52:38 [INF] Sending CANCEL notification to WesternUnionUAT for EndToEndId=2228682921289164 with code=4024
2025-12-07 09:52:38 [INF] WU response OK for EndToEndId=2228682921289164. StatusCode=200, Body={
  "header" : {
    "msgId" : "2228682921289164",
    "creationDateTime" : "2025-12-07 03:52:38.162"
  },
  "paymentInfo" : {
    "identification" : {
      "endToEndId" : "2228682921289164"
    }
  },
  "status" : {
    "code" : "404",
    "subCode" : "7200",
    "msg" : "Transaction does not exist."
  }
}
2025-12-07 09:52:38 [WRN] Western Union status update FAILED for EndToEndId=2228682921289164. Unexpected subCode=7200.
2025-12-07 09:52:40 [INF] Sending CANCEL notification to WesternUnionUAT for EndToEndId=2228684241743904 with code=4024
2025-12-07 09:52:40 [INF] WU response OK for EndToEndId=2228684241743904. StatusCode=200, Body={
  "header" : {
    "msgId" : "2228684241743904",
    "creationDateTime" : "2025-12-07 03:52:40.077"
  },
  "paymentInfo" : {
    "identification" : {
      "endToEndId" : "2228684241743904"
    }
  },
  "status" : {
    "code" : "500",
    "subCode" : "1510",
    "msg" : "Invalid payment state transition"
  }
}
2025-12-07 09:52:40 [WRN] Western Union status update FAILED for EndToEndId=2228684241743904. Unexpected subCode=1510.
2025-12-07 09:52:42 [INF] Sending CANCEL notification to WesternUnionUAT for EndToEndId=2228689290367575 with code=4024
2025-12-07 09:52:42 [INF] WU response OK for EndToEndId=2228689290367575. StatusCode=200, Body={
  "header" : {
    "msgId" : "2228689290367575",
    "creationDateTime" : "2025-12-07 03:52:42.082"
  },
  "paymentInfo" : {
    "identification" : {
      "endToEndId" : "2228689290367575"
    }
  },
  "status" : {
    "code" : "200",
    "subCode" : "0000",
    "msg" : "State is changed successfully"
  }
}
2025-12-07 09:52:42 [WRN] Western Union status update FAILED for EndToEndId=2228689290367575. Unexpected subCode=0000.
2025-12-07 09:52:44 [INF] Sending CANCEL notification to WesternUnionUAT for EndToEndId=2231289051334951 with code=4024
2025-12-07 09:52:44 [INF] WU response OK for EndToEndId=2231289051334951. StatusCode=200, Body={
  "header" : {
    "msgId" : "2231289051334951",
    "creationDateTime" : "2025-12-07 03:52:44.113"
  },
  "paymentInfo" : {
    "identification" : {
      "endToEndId" : "2231289051334951"
    }
  },
  "status" : {
    "code" : "404",
    "subCode" : "7200",
    "msg" : "Transaction does not exist."
  }
}
2025-12-07 09:52:44 [WRN] Western Union status update FAILED for EndToEndId=2231289051334951. Unexpected subCode=7200.
2025-12-07 09:52:46 [INF] Sending CANCEL notification to WesternUnionUAT for EndToEndId=2305284391155202 with code=4024
2025-12-07 09:52:46 [INF] WU response OK for EndToEndId=2305284391155202. StatusCode=200, Body={
  "header" : {
    "msgId" : "2305284391155202",
    "creationDateTime" : "2025-12-07 03:52:46.047"
  },
  "paymentInfo" : {
    "identification" : {
      "endToEndId" : "2305284391155202"
    }
  },
  "status" : {
    "code" : "200",
    "subCode" : "0000",
    "msg" : "State is changed successfully"
  }
}
2025-12-07 09:52:46 [WRN] Western Union status update FAILED for EndToEndId=2305284391155202. Unexpected subCode=0000.
2025-12-07 09:52:48 [INF] Sending CANCEL notification to WesternUnionUAT for EndToEndId=2305586990205069 with code=4024
2025-12-07 09:52:48 [INF] WU response OK for EndToEndId=2305586990205069. StatusCode=200, Body={
  "header" : {
    "msgId" : "2305586990205069",
    "creationDateTime" : "2025-12-07 03:52:48.104"
  },
  "paymentInfo" : {
    "identification" : {
      "endToEndId" : "2305586990205069"
    }
  },
  "status" : {
    "code" : "200",
    "subCode" : "0000",
    "msg" : "State is changed successfully"
  }
}
2025-12-07 09:52:48 [WRN] Western Union status update FAILED for EndToEndId=2305586990205069. Unexpected subCode=0000.
2025-12-07 09:52:50 [INF] Sending PAID notification to WesternUnionUAT for EndToEndId=2334184040728559 with code=4030
2025-12-07 09:52:50 [INF] WU response OK for EndToEndId=2334184040728559. StatusCode=200, Body={
  "header" : {
    "msgId" : "2334184040728559",
    "creationDateTime" : "2025-12-07 03:52:50.154"
  },
  "paymentInfo" : {
    "identification" : {
      "endToEndId" : "2334184040728559"
    }
  },
  "status" : {
    "code" : "404",
    "subCode" : "7200",
    "msg" : "Transaction does not exist."
  }
}
2025-12-07 09:52:50 [WRN] Western Union status update FAILED for EndToEndId=2334184040728559. Unexpected subCode=7200.
2025-12-07 09:52:52 [INF] Sending PAID notification to WesternUnionUAT for EndToEndId=2334186940178686 with code=4030
2025-12-07 09:52:52 [INF] WU response OK for EndToEndId=2334186940178686. StatusCode=200, Body={
  "header" : {
    "msgId" : "2334186940178686",
    "creationDateTime" : "2025-12-07 03:52:52.074"
  },
  "paymentInfo" : {
    "identification" : {
      "endToEndId" : "2334186940178686"
    }
  },
  "status" : {
    "code" : "404",
    "subCode" : "7200",
    "msg" : "Transaction does not exist."
  }
}
2025-12-07 09:52:52 [WRN] Western Union status update FAILED for EndToEndId=2334186940178686. Unexpected subCode=7200.
2025-12-07 09:52:54 [INF] Sending PAID notification to WesternUnionUAT for EndToEndId=2334187339242397 with code=4030
2025-12-07 09:52:54 [INF] WU response OK for EndToEndId=2334187339242397. StatusCode=200, Body={
  "header" : {
    "msgId" : "2334187339242397",
    "creationDateTime" : "2025-12-07 03:52:54.002"
  },
  "paymentInfo" : {
    "identification" : {
      "endToEndId" : "2334187339242397"
    }
  },
  "status" : {
    "code" : "404",
    "subCode" : "7200",
    "msg" : "Transaction does not exist."
  }
}
2025-12-07 09:52:54 [WRN] Western Union status update FAILED for EndToEndId=2334187339242397. Unexpected subCode=7200.
2025-12-07 09:52:55 [INF] Sending PAID notification to WesternUnionUAT for EndToEndId=2334188245095223 with code=4030
2025-12-07 09:52:56 [INF] WU response OK for EndToEndId=2334188245095223. StatusCode=200, Body={
  "header" : {
    "msgId" : "2334188245095223",
    "creationDateTime" : "2025-12-07 03:52:55.926"
  },
  "paymentInfo" : {
    "identification" : {
      "endToEndId" : "2334188245095223"
    }
  },
  "status" : {
    "code" : "404",
    "subCode" : "7200",
    "msg" : "Transaction does not exist."
  }
}
2025-12-07 09:52:56 [WRN] Western Union status update FAILED for EndToEndId=2334188245095223. Unexpected subCode=7200.
2025-12-07 09:52:57 [INF] Sending PAID notification to WesternUnionUAT for EndToEndId=2410682753149512 with code=4030
2025-12-07 09:52:58 [INF] WU response OK for EndToEndId=2410682753149512. StatusCode=200, Body={
  "header" : {
    "msgId" : "2410682753149512",
    "creationDateTime" : "2025-12-07 03:52:57.857"
  },
  "paymentInfo" : {
    "identification" : {
      "endToEndId" : "2410682753149512"
    }
  },
  "status" : {
    "code" : "200",
    "subCode" : "0000",
    "msg" : "State is changed successfully"
  }
}
2025-12-07 09:52:58 [WRN] Western Union status update FAILED for EndToEndId=2410682753149512. Unexpected subCode=0000.
2025-12-07 09:52:59 [INF] Sending PAID notification to WesternUnionUAT for EndToEndId=2410685610728330 with code=4030
2025-12-07 09:53:00 [INF] WU response OK for EndToEndId=2410685610728330. StatusCode=200, Body={
  "header" : {
    "msgId" : "2410685610728330",
    "creationDateTime" : "2025-12-07 03:52:59.950"
  },
  "paymentInfo" : {
    "identification" : {
      "endToEndId" : "2410685610728330"
    }
  },
  "status" : {
    "code" : "200",
    "subCode" : "0000",
    "msg" : "State is changed successfully"
  }
}
2025-12-07 09:53:00 [WRN] Western Union status update FAILED for EndToEndId=2410685610728330. Unexpected subCode=0000.
2025-12-07 09:53:02 [INF] Sending PAID notification to WesternUnionUAT for EndToEndId=2410689111046871 with code=4030
2025-12-07 09:53:02 [INF] WU response OK for EndToEndId=2410689111046871. StatusCode=200, Body={
  "header" : {
    "msgId" : "2410689111046871",
    "creationDateTime" : "2025-12-07 03:53:02.007"
  },
  "paymentInfo" : {
    "identification" : {
      "endToEndId" : "2410689111046871"
    }
  },
  "status" : {
    "code" : "200",
    "subCode" : "0000",
    "msg" : "State is changed successfully"
  }
}
2025-12-07 09:53:02 [WRN] Western Union status update FAILED for EndToEndId=2410689111046871. Unexpected subCode=0000.
2025-12-07 09:53:54 [INF] Sending CANCEL notification to WesternUnionUAT for EndToEndId=2228083818368660 with code=4024
2025-12-07 09:53:54 [INF] WU response OK for EndToEndId=2228083818368660. StatusCode=200, Body={
  "header" : {
    "msgId" : "2228083818368660",
    "creationDateTime" : "2025-12-07 03:53:54.090"
  },
  "paymentInfo" : {
    "identification" : {
      "endToEndId" : "2228083818368660"
    }
  },
  "status" : {
    "code" : "404",
    "subCode" : "7200",
    "msg" : "Transaction does not exist."
  }
}
2025-12-07 09:53:54 [WRN] Western Union status update FAILED for EndToEndId=2228083818368660. Unexpected subCode=7200.
2025-12-07 09:53:56 [INF] Sending CANCEL notification to WesternUnionUAT for EndToEndId=2228084322867817 with code=4024
2025-12-07 09:53:56 [INF] WU response OK for EndToEndId=2228084322867817. StatusCode=200, Body={
  "header" : {
    "msgId" : "2228084322867817",
    "creationDateTime" : "2025-12-07 03:53:56.248"
  },
  "paymentInfo" : {
    "identification" : {
      "endToEndId" : "2228084322867817"
    }
  },
  "status" : {
    "code" : "404",
    "subCode" : "7200",
    "msg" : "Transaction does not exist."
  }
}
2025-12-07 09:53:56 [WRN] Western Union status update FAILED for EndToEndId=2228084322867817. Unexpected subCode=7200.
2025-12-07 09:53:58 [INF] Sending CANCEL notification to WesternUnionUAT for EndToEndId=2228480892049530 with code=4024
2025-12-07 09:53:58 [INF] WU response OK for EndToEndId=2228480892049530. StatusCode=200, Body={
  "header" : {
    "msgId" : "2228480892049530",
    "creationDateTime" : "2025-12-07 03:53:58.186"
  },
  "paymentInfo" : {
    "identification" : {
      "endToEndId" : "2228480892049530"
    }
  },
  "status" : {
    "code" : "404",
    "subCode" : "7200",
    "msg" : "Transaction does not exist."
  }
}
2025-12-07 09:53:58 [WRN] Western Union status update FAILED for EndToEndId=2228480892049530. Unexpected subCode=7200.
2025-12-07 09:54:00 [INF] Sending CANCEL notification to WesternUnionUAT for EndToEndId=2228485770766160 with code=4024
2025-12-07 09:54:00 [INF] WU response OK for EndToEndId=2228485770766160. StatusCode=200, Body={
  "header" : {
    "msgId" : "2228485770766160",
    "creationDateTime" : "2025-12-07 03:54:00.109"
  },
  "paymentInfo" : {
    "identification" : {
      "endToEndId" : "2228485770766160"
    }
  },
  "status" : {
    "code" : "404",
    "subCode" : "7200",
    "msg" : "Transaction does not exist."
  }
}
2025-12-07 09:54:00 [WRN] Western Union status update FAILED for EndToEndId=2228485770766160. Unexpected subCode=7200.
2025-12-07 09:54:02 [INF] Sending CANCEL notification to WesternUnionUAT for EndToEndId=2228489720707017 with code=4024
2025-12-07 09:54:02 [INF] WU response OK for EndToEndId=2228489720707017. StatusCode=200, Body={
  "header" : {
    "msgId" : "2228489720707017",
    "creationDateTime" : "2025-12-07 03:54:02.032"
  },
  "paymentInfo" : {
    "identification" : {
      "endToEndId" : "2228489720707017"
    }
  },
  "status" : {
    "code" : "404",
    "subCode" : "7200",
    "msg" : "Transaction does not exist."
  }
}
2025-12-07 09:54:02 [WRN] Western Union status update FAILED for EndToEndId=2228489720707017. Unexpected subCode=7200.
2025-12-07 09:54:03 [INF] Sending CANCEL notification to WesternUnionUAT for EndToEndId=2228680982055570 with code=4024
2025-12-07 09:54:04 [INF] WU response OK for EndToEndId=2228680982055570. StatusCode=200, Body={
  "header" : {
    "msgId" : "2228680982055570",
    "creationDateTime" : "2025-12-07 03:54:03.959"
  },
  "paymentInfo" : {
    "identification" : {
      "endToEndId" : "2228680982055570"
    }
  },
  "status" : {
    "code" : "404",
    "subCode" : "7200",
    "msg" : "Transaction does not exist."
  }
}
2025-12-07 09:54:04 [WRN] Western Union status update FAILED for EndToEndId=2228680982055570. Unexpected subCode=7200.
2025-12-07 09:54:05 [INF] Sending CANCEL notification to WesternUnionUAT for EndToEndId=2228682621874171 with code=4024
2025-12-07 09:54:06 [INF] WU response OK for EndToEndId=2228682621874171. StatusCode=200, Body={
  "header" : {
    "msgId" : "2228682621874171",
    "creationDateTime" : "2025-12-07 03:54:05.899"
  },
  "paymentInfo" : {
    "identification" : {
      "endToEndId" : "2228682621874171"
    }
  },
  "status" : {
    "code" : "200",
    "subCode" : "0000",
    "msg" : "State is changed successfully"
  }
}
2025-12-07 09:54:06 [WRN] Western Union status update FAILED for EndToEndId=2228682621874171. Unexpected subCode=0000.
2025-12-07 09:54:07 [INF] Sending CANCEL notification to WesternUnionUAT for EndToEndId=2228682921289164 with code=4024
2025-12-07 09:54:08 [INF] WU response OK for EndToEndId=2228682921289164. StatusCode=200, Body={
  "header" : {
    "msgId" : "2228682921289164",
    "creationDateTime" : "2025-12-07 03:54:07.911"
  },
  "paymentInfo" : {
    "identification" : {
      "endToEndId" : "2228682921289164"
    }
  },
  "status" : {
    "code" : "404",
    "subCode" : "7200",
    "msg" : "Transaction does not exist."
  }
}
2025-12-07 09:54:08 [WRN] Western Union status update FAILED for EndToEndId=2228682921289164. Unexpected subCode=7200.
2025-12-07 09:54:09 [INF] Sending CANCEL notification to WesternUnionUAT for EndToEndId=2228684241743904 with code=4024
2025-12-07 09:54:10 [INF] WU response OK for EndToEndId=2228684241743904. StatusCode=200, Body={
  "header" : {
    "msgId" : "2228684241743904",
    "creationDateTime" : "2025-12-07 03:54:09.825"
  },
  "paymentInfo" : {
    "identification" : {
      "endToEndId" : "2228684241743904"
    }
  },
  "status" : {
    "code" : "500",
    "subCode" : "1510",
    "msg" : "Invalid payment state transition"
  }
}
2025-12-07 09:54:10 [WRN] Western Union status update FAILED for EndToEndId=2228684241743904. Unexpected subCode=1510.
2025-12-07 09:54:11 [INF] Sending CANCEL notification to WesternUnionUAT for EndToEndId=2228689290367575 with code=4024
2025-12-07 09:54:12 [INF] WU response OK for EndToEndId=2228689290367575. StatusCode=200, Body={
  "header" : {
    "msgId" : "2228689290367575",
    "creationDateTime" : "2025-12-07 03:54:11.807"
  },
  "paymentInfo" : {
    "identification" : {
      "endToEndId" : "2228689290367575"
    }
  },
  "status" : {
    "code" : "200",
    "subCode" : "0000",
    "msg" : "State is changed successfully"
  }
}
2025-12-07 09:54:12 [WRN] Western Union status update FAILED for EndToEndId=2228689290367575. Unexpected subCode=0000.
2025-12-07 09:54:13 [INF] Sending CANCEL notification to WesternUnionUAT for EndToEndId=2231289051334951 with code=4024
2025-12-07 09:54:14 [INF] WU response OK for EndToEndId=2231289051334951. StatusCode=200, Body={
  "header" : {
    "msgId" : "2231289051334951",
    "creationDateTime" : "2025-12-07 03:54:13.835"
  },
  "paymentInfo" : {
    "identification" : {
      "endToEndId" : "2231289051334951"
    }
  },
  "status" : {
    "code" : "404",
    "subCode" : "7200",
    "msg" : "Transaction does not exist."
  }
}
2025-12-07 09:54:14 [WRN] Western Union status update FAILED for EndToEndId=2231289051334951. Unexpected subCode=7200.
2025-12-07 09:54:15 [INF] Sending CANCEL notification to WesternUnionUAT for EndToEndId=2305284391155202 with code=4024
2025-12-07 09:54:16 [INF] WU response OK for EndToEndId=2305284391155202. StatusCode=200, Body={
  "header" : {
    "msgId" : "2305284391155202",
    "creationDateTime" : "2025-12-07 03:54:15.756"
  },
  "paymentInfo" : {
    "identification" : {
      "endToEndId" : "2305284391155202"
    }
  },
  "status" : {
    "code" : "200",
    "subCode" : "0000",
    "msg" : "State is changed successfully"
  }
}
2025-12-07 09:54:16 [WRN] Western Union status update FAILED for EndToEndId=2305284391155202. Unexpected subCode=0000.
2025-12-07 09:54:17 [INF] Sending CANCEL notification to WesternUnionUAT for EndToEndId=2305586990205069 with code=4024
2025-12-07 09:54:18 [INF] WU response OK for EndToEndId=2305586990205069. StatusCode=200, Body={
  "header" : {
    "msgId" : "2305586990205069",
    "creationDateTime" : "2025-12-07 03:54:17.803"
  },
  "paymentInfo" : {
    "identification" : {
      "endToEndId" : "2305586990205069"
    }
  },
  "status" : {
    "code" : "200",
    "subCode" : "0000",
    "msg" : "State is changed successfully"
  }
}
2025-12-07 09:54:18 [WRN] Western Union status update FAILED for EndToEndId=2305586990205069. Unexpected subCode=0000.
2025-12-07 09:54:19 [INF] Sending PAID notification to WesternUnionUAT for EndToEndId=2334184040728559 with code=4030
2025-12-07 09:54:20 [INF] WU response OK for EndToEndId=2334184040728559. StatusCode=200, Body={
  "header" : {
    "msgId" : "2334184040728559",
    "creationDateTime" : "2025-12-07 03:54:19.820"
  },
  "paymentInfo" : {
    "identification" : {
      "endToEndId" : "2334184040728559"
    }
  },
  "status" : {
    "code" : "404",
    "subCode" : "7200",
    "msg" : "Transaction does not exist."
  }
}
2025-12-07 09:54:20 [WRN] Western Union status update FAILED for EndToEndId=2334184040728559. Unexpected subCode=7200.
2025-12-07 09:54:21 [INF] Sending PAID notification to WesternUnionUAT for EndToEndId=2334186940178686 with code=4030
2025-12-07 09:54:22 [INF] WU response OK for EndToEndId=2334186940178686. StatusCode=200, Body={
  "header" : {
    "msgId" : "2334186940178686",
    "creationDateTime" : "2025-12-07 03:54:21.743"
  },
  "paymentInfo" : {
    "identification" : {
      "endToEndId" : "2334186940178686"
    }
  },
  "status" : {
    "code" : "404",
    "subCode" : "7200",
    "msg" : "Transaction does not exist."
  }
}
2025-12-07 09:54:22 [WRN] Western Union status update FAILED for EndToEndId=2334186940178686. Unexpected subCode=7200.
2025-12-07 09:54:23 [INF] Sending PAID notification to WesternUnionUAT for EndToEndId=2334187339242397 with code=4030
2025-12-07 09:54:23 [INF] WU response OK for EndToEndId=2334187339242397. StatusCode=200, Body={
  "header" : {
    "msgId" : "2334187339242397",
    "creationDateTime" : "2025-12-07 03:54:23.673"
  },
  "paymentInfo" : {
    "identification" : {
      "endToEndId" : "2334187339242397"
    }
  },
  "status" : {
    "code" : "404",
    "subCode" : "7200",
    "msg" : "Transaction does not exist."
  }
}
2025-12-07 09:54:23 [WRN] Western Union status update FAILED for EndToEndId=2334187339242397. Unexpected subCode=7200.
2025-12-07 09:54:25 [INF] Sending PAID notification to WesternUnionUAT for EndToEndId=2334188245095223 with code=4030
2025-12-07 09:54:25 [INF] WU response OK for EndToEndId=2334188245095223. StatusCode=200, Body={
  "header" : {
    "msgId" : "2334188245095223",
    "creationDateTime" : "2025-12-07 03:54:25.599"
  },
  "paymentInfo" : {
    "identification" : {
      "endToEndId" : "2334188245095223"
    }
  },
  "status" : {
    "code" : "404",
    "subCode" : "7200",
    "msg" : "Transaction does not exist."
  }
}
2025-12-07 09:54:25 [WRN] Western Union status update FAILED for EndToEndId=2334188245095223. Unexpected subCode=7200.
2025-12-07 09:54:27 [INF] Sending PAID notification to WesternUnionUAT for EndToEndId=2410682753149512 with code=4030
2025-12-07 09:54:27 [INF] WU response OK for EndToEndId=2410682753149512. StatusCode=200, Body={
  "header" : {
    "msgId" : "2410682753149512",
    "creationDateTime" : "2025-12-07 03:54:27.524"
  },
  "paymentInfo" : {
    "identification" : {
      "endToEndId" : "2410682753149512"
    }
  },
  "status" : {
    "code" : "200",
    "subCode" : "0000",
    "msg" : "State is changed successfully"
  }
}
2025-12-07 09:54:27 [WRN] Western Union status update FAILED for EndToEndId=2410682753149512. Unexpected subCode=0000.
2025-12-07 09:54:29 [INF] Sending PAID notification to WesternUnionUAT for EndToEndId=2410685610728330 with code=4030
2025-12-07 09:54:30 [INF] WU response OK for EndToEndId=2410685610728330. StatusCode=200, Body={
  "header" : {
    "msgId" : "2410685610728330",
    "creationDateTime" : "2025-12-07 03:54:29.570"
  },
  "paymentInfo" : {
    "identification" : {
      "endToEndId" : "2410685610728330"
    }
  },
  "status" : {
    "code" : "200",
    "subCode" : "0000",
    "msg" : "State is changed successfully"
  }
}
2025-12-07 09:54:30 [WRN] Western Union status update FAILED for EndToEndId=2410685610728330. Unexpected subCode=0000.
2025-12-07 09:54:31 [INF] Sending PAID notification to WesternUnionUAT for EndToEndId=2410689111046871 with code=4030
2025-12-07 09:54:32 [INF] WU response OK for EndToEndId=2410689111046871. StatusCode=200, Body={
  "header" : {
    "msgId" : "2410689111046871",
    "creationDateTime" : "2025-12-07 03:54:31.650"
  },
  "paymentInfo" : {
    "identification" : {
      "endToEndId" : "2410689111046871"
    }
  },
  "status" : {
    "code" : "200",
    "subCode" : "0000",
    "msg" : "State is changed successfully"
  }
}
2025-12-07 09:54:32 [WRN] Western Union status update FAILED for EndToEndId=2410689111046871. Unexpected subCode=0000.
2025-12-07 09:55:23 [INF] Sending CANCEL notification to WesternUnionUAT for EndToEndId=2228083818368660 with code=4024
2025-12-07 09:55:24 [INF] WU response OK for EndToEndId=2228083818368660. StatusCode=200, Body={
  "header" : {
    "msgId" : "2228083818368660",
    "creationDateTime" : "2025-12-07 03:55:23.791"
  },
  "paymentInfo" : {
    "identification" : {
      "endToEndId" : "2228083818368660"
    }
  },
  "status" : {
    "code" : "404",
    "subCode" : "7200",
    "msg" : "Transaction does not exist."
  }
}
2025-12-07 09:55:24 [WRN] Western Union status update FAILED for EndToEndId=2228083818368660. Unexpected subCode=7200.
2025-12-07 09:55:26 [INF] Sending CANCEL notification to WesternUnionUAT for EndToEndId=2228084322867817 with code=4024
2025-12-07 09:55:26 [INF] WU response OK for EndToEndId=2228084322867817. StatusCode=200, Body={
  "header" : {
    "msgId" : "2228084322867817",
    "creationDateTime" : "2025-12-07 03:55:26.020"
  },
  "paymentInfo" : {
    "identification" : {
      "endToEndId" : "2228084322867817"
    }
  },
  "status" : {
    "code" : "404",
    "subCode" : "7200",
    "msg" : "Transaction does not exist."
  }
}
2025-12-07 09:55:26 [WRN] Western Union status update FAILED for EndToEndId=2228084322867817. Unexpected subCode=7200.
2025-12-07 09:55:27 [INF] Sending CANCEL notification to WesternUnionUAT for EndToEndId=2228480892049530 with code=4024
2025-12-07 09:55:28 [INF] WU response OK for EndToEndId=2228480892049530. StatusCode=200, Body={
  "header" : {
    "msgId" : "2228480892049530",
    "creationDateTime" : "2025-12-07 03:55:27.942"
  },
  "paymentInfo" : {
    "identification" : {
      "endToEndId" : "2228480892049530"
    }
  },
  "status" : {
    "code" : "404",
    "subCode" : "7200",
    "msg" : "Transaction does not exist."
  }
}
2025-12-07 09:55:28 [WRN] Western Union status update FAILED for EndToEndId=2228480892049530. Unexpected subCode=7200.
2025-12-07 09:55:29 [INF] Sending CANCEL notification to WesternUnionUAT for EndToEndId=2228485770766160 with code=4024
2025-12-07 09:55:30 [INF] WU response OK for EndToEndId=2228485770766160. StatusCode=200, Body={
  "header" : {
    "msgId" : "2228485770766160",
    "creationDateTime" : "2025-12-07 03:55:29.853"
  },
  "paymentInfo" : {
    "identification" : {
      "endToEndId" : "2228485770766160"
    }
  },
  "status" : {
    "code" : "404",
    "subCode" : "7200",
    "msg" : "Transaction does not exist."
  }
}
2025-12-07 09:55:30 [WRN] Western Union status update FAILED for EndToEndId=2228485770766160. Unexpected subCode=7200.
2025-12-07 09:55:31 [INF] Sending CANCEL notification to WesternUnionUAT for EndToEndId=2228489720707017 with code=4024
2025-12-07 09:55:32 [INF] WU response OK for EndToEndId=2228489720707017. StatusCode=200, Body={
  "header" : {
    "msgId" : "2228489720707017",
    "creationDateTime" : "2025-12-07 03:55:31.785"
  },
  "paymentInfo" : {
    "identification" : {
      "endToEndId" : "2228489720707017"
    }
  },
  "status" : {
    "code" : "404",
    "subCode" : "7200",
    "msg" : "Transaction does not exist."
  }
}
2025-12-07 09:55:32 [WRN] Western Union status update FAILED for EndToEndId=2228489720707017. Unexpected subCode=7200.
2025-12-07 09:55:33 [INF] Sending CANCEL notification to WesternUnionUAT for EndToEndId=2228680982055570 with code=4024
2025-12-07 09:55:34 [INF] WU response OK for EndToEndId=2228680982055570. StatusCode=200, Body={
  "header" : {
    "msgId" : "2228680982055570",
    "creationDateTime" : "2025-12-07 03:55:33.715"
  },
  "paymentInfo" : {
    "identification" : {
      "endToEndId" : "2228680982055570"
    }
  },
  "status" : {
    "code" : "404",
    "subCode" : "7200",
    "msg" : "Transaction does not exist."
  }
}
2025-12-07 09:55:34 [WRN] Western Union status update FAILED for EndToEndId=2228680982055570. Unexpected subCode=7200.
2025-12-07 09:55:35 [INF] Sending CANCEL notification to WesternUnionUAT for EndToEndId=2228682621874171 with code=4024
2025-12-07 09:55:36 [INF] WU response OK for EndToEndId=2228682621874171. StatusCode=200, Body={
  "header" : {
    "msgId" : "2228682621874171",
    "creationDateTime" : "2025-12-07 03:55:35.632"
  },
  "paymentInfo" : {
    "identification" : {
      "endToEndId" : "2228682621874171"
    }
  },
  "status" : {
    "code" : "200",
    "subCode" : "0000",
    "msg" : "State is changed successfully"
  }
}
2025-12-07 09:55:36 [WRN] Western Union status update FAILED for EndToEndId=2228682621874171. Unexpected subCode=0000.
2025-12-07 09:55:37 [INF] Sending CANCEL notification to WesternUnionUAT for EndToEndId=2228682921289164 with code=4024
2025-12-07 09:55:37 [INF] WU response OK for EndToEndId=2228682921289164. StatusCode=200, Body={
  "header" : {
    "msgId" : "2228682921289164",
    "creationDateTime" : "2025-12-07 03:55:37.654"
  },
  "paymentInfo" : {
    "identification" : {
      "endToEndId" : "2228682921289164"
    }
  },
  "status" : {
    "code" : "404",
    "subCode" : "7200",
    "msg" : "Transaction does not exist."
  }
}
2025-12-07 09:55:37 [WRN] Western Union status update FAILED for EndToEndId=2228682921289164. Unexpected subCode=7200.
2025-12-07 09:55:39 [INF] Sending CANCEL notification to WesternUnionUAT for EndToEndId=2228684241743904 with code=4024
2025-12-07 09:55:39 [INF] WU response OK for EndToEndId=2228684241743904. StatusCode=200, Body={
  "header" : {
    "msgId" : "2228684241743904",
    "creationDateTime" : "2025-12-07 03:55:39.580"
  },
  "paymentInfo" : {
    "identification" : {
      "endToEndId" : "2228684241743904"
    }
  },
  "status" : {
    "code" : "500",
    "subCode" : "1510",
    "msg" : "Invalid payment state transition"
  }
}
2025-12-07 09:55:39 [WRN] Western Union status update FAILED for EndToEndId=2228684241743904. Unexpected subCode=1510.
2025-12-07 09:55:41 [INF] Sending CANCEL notification to WesternUnionUAT for EndToEndId=2228689290367575 with code=4024
2025-12-07 09:55:41 [INF] WU response OK for EndToEndId=2228689290367575. StatusCode=200, Body={
  "header" : {
    "msgId" : "2228689290367575",
    "creationDateTime" : "2025-12-07 03:55:41.569"
  },
  "paymentInfo" : {
    "identification" : {
      "endToEndId" : "2228689290367575"
    }
  },
  "status" : {
    "code" : "200",
    "subCode" : "0000",
    "msg" : "State is changed successfully"
  }
}
2025-12-07 09:55:41 [WRN] Western Union status update FAILED for EndToEndId=2228689290367575. Unexpected subCode=0000.
2025-12-07 09:55:43 [INF] Sending CANCEL notification to WesternUnionUAT for EndToEndId=2231289051334951 with code=4024
2025-12-07 09:55:43 [INF] WU response OK for EndToEndId=2231289051334951. StatusCode=200, Body={
  "header" : {
    "msgId" : "2231289051334951",
    "creationDateTime" : "2025-12-07 03:55:43.586"
  },
  "paymentInfo" : {
    "identification" : {
      "endToEndId" : "2231289051334951"
    }
  },
  "status" : {
    "code" : "404",
    "subCode" : "7200",
    "msg" : "Transaction does not exist."
  }
}
2025-12-07 09:55:43 [WRN] Western Union status update FAILED for EndToEndId=2231289051334951. Unexpected subCode=7200.
2025-12-07 09:55:45 [INF] Sending CANCEL notification to WesternUnionUAT for EndToEndId=2305284391155202 with code=4024
2025-12-07 09:56:19 [INF] Sending CANCEL notification to WesternUnionUAT for EndToEndId=2228083818368660 with code=4024
2025-12-07 09:56:20 [INF] WU response OK for EndToEndId=2228083818368660. StatusCode=200, Body={
  "header" : {
    "msgId" : "2228083818368660",
    "creationDateTime" : "2025-12-07 03:56:19.611"
  },
  "paymentInfo" : {
    "identification" : {
      "endToEndId" : "2228083818368660"
    }
  },
  "status" : {
    "code" : "404",
    "subCode" : "7200",
    "msg" : "Transaction does not exist."
  }
}
2025-12-07 09:56:51 [WRN] Western Union status update FAILED for EndToEndId=2228083818368660. Unexpected subCode=7200.
2025-12-07 09:57:06 [INF] Sending CANCEL notification to WesternUnionUAT for EndToEndId=2228084322867817 with code=4024
2025-12-07 09:57:07 [INF] WU response OK for EndToEndId=2228084322867817. StatusCode=200, Body={
  "header" : {
    "msgId" : "2228084322867817",
    "creationDateTime" : "2025-12-07 03:57:01.344"
  },
  "paymentInfo" : {
    "identification" : {
      "endToEndId" : "2228084322867817"
    }
  },
  "status" : {
    "code" : "404",
    "subCode" : "7200",
    "msg" : "Transaction does not exist."
  }
}
2025-12-07 09:57:20 [WRN] Western Union status update FAILED for EndToEndId=2228084322867817. Unexpected subCode=7200.
2025-12-07 09:57:40 [INF] Sending CANCEL notification to WesternUnionUAT for EndToEndId=2228480892049530 with code=4024
2025-12-07 09:57:40 [INF] WU response OK for EndToEndId=2228480892049530. StatusCode=200, Body={
  "header" : {
    "msgId" : "2228480892049530",
    "creationDateTime" : "2025-12-07 03:57:40.128"
  },
  "paymentInfo" : {
    "identification" : {
      "endToEndId" : "2228480892049530"
    }
  },
  "status" : {
    "code" : "404",
    "subCode" : "7200",
    "msg" : "Transaction does not exist."
  }
}
2025-12-07 09:57:48 [WRN] Western Union status update FAILED for EndToEndId=2228480892049530. Unexpected subCode=7200.
2025-12-07 09:57:49 [INF] Sending CANCEL notification to WesternUnionUAT for EndToEndId=2228485770766160 with code=4024
2025-12-07 09:57:50 [INF] WU response OK for EndToEndId=2228485770766160. StatusCode=200, Body={
  "header" : {
    "msgId" : "2228485770766160",
    "creationDateTime" : "2025-12-07 03:57:49.797"
  },
  "paymentInfo" : {
    "identification" : {
      "endToEndId" : "2228485770766160"
    }
  },
  "status" : {
    "code" : "404",
    "subCode" : "7200",
    "msg" : "Transaction does not exist."
  }
}
2025-12-07 09:57:53 [WRN] Western Union status update FAILED for EndToEndId=2228485770766160. Unexpected subCode=7200.
2025-12-07 09:57:55 [INF] Sending CANCEL notification to WesternUnionUAT for EndToEndId=2228489720707017 with code=4024
2025-12-07 09:57:55 [INF] WU response OK for EndToEndId=2228489720707017. StatusCode=200, Body={
  "header" : {
    "msgId" : "2228489720707017",
    "creationDateTime" : "2025-12-07 03:57:55.388"
  },
  "paymentInfo" : {
    "identification" : {
      "endToEndId" : "2228489720707017"
    }
  },
  "status" : {
    "code" : "404",
    "subCode" : "7200",
    "msg" : "Transaction does not exist."
  }
}
2025-12-07 09:57:58 [WRN] Western Union status update FAILED for EndToEndId=2228489720707017. Unexpected subCode=7200.
2025-12-07 09:58:04 [INF] Sending CANCEL notification to WesternUnionUAT for EndToEndId=2228680982055570 with code=4024
2025-12-07 09:58:04 [INF] WU response OK for EndToEndId=2228680982055570. StatusCode=200, Body={
  "header" : {
    "msgId" : "2228680982055570",
    "creationDateTime" : "2025-12-07 03:58:04.295"
  },
  "paymentInfo" : {
    "identification" : {
      "endToEndId" : "2228680982055570"
    }
  },
  "status" : {
    "code" : "404",
    "subCode" : "7200",
    "msg" : "Transaction does not exist."
  }
}
2025-12-07 09:58:07 [WRN] Western Union status update FAILED for EndToEndId=2228680982055570. Unexpected subCode=7200.
2025-12-07 09:58:19 [INF] Sending CANCEL notification to WesternUnionUAT for EndToEndId=2228682621874171 with code=4024
2025-12-07 09:58:20 [INF] WU response OK for EndToEndId=2228682621874171. StatusCode=200, Body={
  "header" : {
    "msgId" : "2228682621874171",
    "creationDateTime" : "2025-12-07 03:58:19.689"
  },
  "paymentInfo" : {
    "identification" : {
      "endToEndId" : "2228682621874171"
    }
  },
  "status" : {
    "code" : "200",
    "subCode" : "0000",
    "msg" : "State is changed successfully"
  }
}
2025-12-07 10:02:16 [INF] Sending CANCEL notification to WesternUnionUAT for EndToEndId=2228083818368660 with code=4024
2025-12-07 10:02:16 [INF] WU response OK for EndToEndId=2228083818368660. StatusCode=200, Body={
  "header" : {
    "msgId" : "2228083818368660",
    "creationDateTime" : "2025-12-07 04:02:16.075"
  },
  "paymentInfo" : {
    "identification" : {
      "endToEndId" : "2228083818368660"
    }
  },
  "status" : {
    "code" : "404",
    "subCode" : "7200",
    "msg" : "Transaction does not exist."
  }
}
2025-12-07 10:03:20 [WRN] Western Union status update FAILED for EndToEndId=2228083818368660. Unexpected subCode=7200.
2025-12-07 10:03:27 [INF] Sending CANCEL notification to WesternUnionUAT for EndToEndId=2228084322867817 with code=4024
2025-12-07 10:03:28 [INF] WU response OK for EndToEndId=2228084322867817. StatusCode=200, Body={
  "header" : {
    "msgId" : "2228084322867817",
    "creationDateTime" : "2025-12-07 04:03:27.896"
  },
  "paymentInfo" : {
    "identification" : {
      "endToEndId" : "2228084322867817"
    }
  },
  "status" : {
    "code" : "404",
    "subCode" : "7200",
    "msg" : "Transaction does not exist."
  }
}
2025-12-07 10:03:31 [WRN] Western Union status update FAILED for EndToEndId=2228084322867817. Unexpected subCode=7200.
2025-12-07 10:03:33 [INF] Sending CANCEL notification to WesternUnionUAT for EndToEndId=2228480892049530 with code=4024
2025-12-07 10:03:33 [INF] WU response OK for EndToEndId=2228480892049530. StatusCode=200, Body={
  "header" : {
    "msgId" : "2228480892049530",
    "creationDateTime" : "2025-12-07 04:03:33.429"
  },
  "paymentInfo" : {
    "identification" : {
      "endToEndId" : "2228480892049530"
    }
  },
  "status" : {
    "code" : "404",
    "subCode" : "7200",
    "msg" : "Transaction does not exist."
  }
}
2025-12-07 10:03:37 [WRN] Western Union status update FAILED for EndToEndId=2228480892049530. Unexpected subCode=7200.
2025-12-07 10:03:39 [INF] Sending CANCEL notification to WesternUnionUAT for EndToEndId=2228485770766160 with code=4024
2025-12-07 10:03:39 [INF] WU response OK for EndToEndId=2228485770766160. StatusCode=200, Body={
  "header" : {
    "msgId" : "2228485770766160",
    "creationDateTime" : "2025-12-07 04:03:39.451"
  },
  "paymentInfo" : {
    "identification" : {
      "endToEndId" : "2228485770766160"
    }
  },
  "status" : {
    "code" : "404",
    "subCode" : "7200",
    "msg" : "Transaction does not exist."
  }
}
2025-12-07 10:03:44 [WRN] Western Union status update FAILED for EndToEndId=2228485770766160. Unexpected subCode=7200.
2025-12-07 10:03:48 [INF] Sending CANCEL notification to WesternUnionUAT for EndToEndId=2228489720707017 with code=4024
2025-12-07 10:03:48 [INF] WU response OK for EndToEndId=2228489720707017. StatusCode=200, Body={
  "header" : {
    "msgId" : "2228489720707017",
    "creationDateTime" : "2025-12-07 04:03:48.548"
  },
  "paymentInfo" : {
    "identification" : {
      "endToEndId" : "2228489720707017"
    }
  },
  "status" : {
    "code" : "404",
    "subCode" : "7200",
    "msg" : "Transaction does not exist."
  }
}
2025-12-07 10:03:52 [WRN] Western Union status update FAILED for EndToEndId=2228489720707017. Unexpected subCode=7200.
2025-12-07 10:04:05 [INF] Sending CANCEL notification to WesternUnionUAT for EndToEndId=2228680982055570 with code=4024
2025-12-07 10:04:06 [INF] WU response OK for EndToEndId=2228680982055570. StatusCode=200, Body={
  "header" : {
    "msgId" : "2228680982055570",
    "creationDateTime" : "2025-12-07 04:04:05.511"
  },
  "paymentInfo" : {
    "identification" : {
      "endToEndId" : "2228680982055570"
    }
  },
  "status" : {
    "code" : "404",
    "subCode" : "7200",
    "msg" : "Transaction does not exist."
  }
}
2025-12-07 10:04:08 [WRN] Western Union status update FAILED for EndToEndId=2228680982055570. Unexpected subCode=7200.
2025-12-07 10:04:13 [INF] Sending CANCEL notification to WesternUnionUAT for EndToEndId=2228682621874171 with code=4024
2025-12-07 10:04:13 [INF] WU response OK for EndToEndId=2228682621874171. StatusCode=200, Body={
  "header" : {
    "msgId" : "2228682621874171",
    "creationDateTime" : "2025-12-07 04:04:13.024"
  },
  "paymentInfo" : {
    "identification" : {
      "endToEndId" : "2228682621874171"
    }
  },
  "status" : {
    "code" : "200",
    "subCode" : "0000",
    "msg" : "State is changed successfully"
  }
}
2025-12-07 10:04:19 [INF] Western Union status update SUCCESS for EndToEndId=2228682621874171 with subCode=0000.
2025-12-07 10:05:42 [INF] Sending CANCEL notification to WesternUnionUAT for EndToEndId=2228682921289164 with code=4024
2025-12-07 10:05:43 [INF] WU response OK for EndToEndId=2228682921289164. StatusCode=200, Body={
  "header" : {
    "msgId" : "2228682921289164",
    "creationDateTime" : "2025-12-07 04:05:42.359"
  },
  "paymentInfo" : {
    "identification" : {
      "endToEndId" : "2228682921289164"
    }
  },
  "status" : {
    "code" : "404",
    "subCode" : "7200",
    "msg" : "Transaction does not exist."
  }
}
2025-12-07 10:05:44 [WRN] Western Union status update FAILED for EndToEndId=2228682921289164. Unexpected subCode=7200.
2025-12-07 10:05:46 [INF] Sending CANCEL notification to WesternUnionUAT for EndToEndId=2228684241743904 with code=4024
2025-12-07 10:05:46 [INF] WU response OK for EndToEndId=2228684241743904. StatusCode=200, Body={
  "header" : {
    "msgId" : "2228684241743904",
    "creationDateTime" : "2025-12-07 04:05:46.289"
  },
  "paymentInfo" : {
    "identification" : {
      "endToEndId" : "2228684241743904"
    }
  },
  "status" : {
    "code" : "500",
    "subCode" : "1510",
    "msg" : "Invalid payment state transition"
  }
}
2025-12-07 10:08:00 [INF] Sending CANCEL notification to WesternUnionUAT for EndToEndId=2228083818368660 with code=4024
2025-12-07 10:08:01 [INF] WU response OK for EndToEndId=2228083818368660. StatusCode=200, Body={
  "header" : {
    "msgId" : "2228083818368660",
    "creationDateTime" : "2025-12-07 04:08:00.193"
  },
  "paymentInfo" : {
    "identification" : {
      "endToEndId" : "2228083818368660"
    }
  },
  "status" : {
    "code" : "404",
    "subCode" : "7200",
    "msg" : "Transaction does not exist."
  }
}
2025-12-07 10:08:06 [WRN] Western Union status update FAILED for EndToEndId=2228083818368660. Unexpected subCode=7200.
2025-12-07 10:08:08 [INF] Sending CANCEL notification to WesternUnionUAT for EndToEndId=2228084322867817 with code=4024
2025-12-07 10:08:08 [INF] WU response OK for EndToEndId=2228084322867817. StatusCode=200, Body={
  "header" : {
    "msgId" : "2228084322867817",
    "creationDateTime" : "2025-12-07 04:08:08.116"
  },
  "paymentInfo" : {
    "identification" : {
      "endToEndId" : "2228084322867817"
    }
  },
  "status" : {
    "code" : "404",
    "subCode" : "7200",
    "msg" : "Transaction does not exist."
  }
}
2025-12-07 10:08:11 [WRN] Western Union status update FAILED for EndToEndId=2228084322867817. Unexpected subCode=7200.
2025-12-07 10:08:13 [INF] Sending CANCEL notification to WesternUnionUAT for EndToEndId=2228480892049530 with code=4024
2025-12-07 10:08:13 [INF] WU response OK for EndToEndId=2228480892049530. StatusCode=200, Body={
  "header" : {
    "msgId" : "2228480892049530",
    "creationDateTime" : "2025-12-07 04:08:13.365"
  },
  "paymentInfo" : {
    "identification" : {
      "endToEndId" : "2228480892049530"
    }
  },
  "status" : {
    "code" : "404",
    "subCode" : "7200",
    "msg" : "Transaction does not exist."
  }
}
2025-12-07 10:08:15 [WRN] Western Union status update FAILED for EndToEndId=2228480892049530. Unexpected subCode=7200.
2025-12-07 10:08:17 [INF] Sending CANCEL notification to WesternUnionUAT for EndToEndId=2228485770766160 with code=4024
2025-12-07 10:08:17 [INF] WU response OK for EndToEndId=2228485770766160. StatusCode=200, Body={
  "header" : {
    "msgId" : "2228485770766160",
    "creationDateTime" : "2025-12-07 04:08:17.151"
  },
  "paymentInfo" : {
    "identification" : {
      "endToEndId" : "2228485770766160"
    }
  },
  "status" : {
    "code" : "404",
    "subCode" : "7200",
    "msg" : "Transaction does not exist."
  }
}
2025-12-07 10:08:20 [WRN] Western Union status update FAILED for EndToEndId=2228485770766160. Unexpected subCode=7200.
2025-12-07 10:08:22 [INF] Sending CANCEL notification to WesternUnionUAT for EndToEndId=2228489720707017 with code=4024
2025-12-07 10:08:22 [INF] WU response OK for EndToEndId=2228489720707017. StatusCode=200, Body={
  "header" : {
    "msgId" : "2228489720707017",
    "creationDateTime" : "2025-12-07 04:08:22.074"
  },
  "paymentInfo" : {
    "identification" : {
      "endToEndId" : "2228489720707017"
    }
  },
  "status" : {
    "code" : "404",
    "subCode" : "7200",
    "msg" : "Transaction does not exist."
  }
}
2025-12-07 10:08:25 [WRN] Western Union status update FAILED for EndToEndId=2228489720707017. Unexpected subCode=7200.
2025-12-07 10:08:27 [INF] Sending CANCEL notification to WesternUnionUAT for EndToEndId=2228680982055570 with code=4024
2025-12-07 10:08:27 [INF] WU response OK for EndToEndId=2228680982055570. StatusCode=200, Body={
  "header" : {
    "msgId" : "2228680982055570",
    "creationDateTime" : "2025-12-07 04:08:27.092"
  },
  "paymentInfo" : {
    "identification" : {
      "endToEndId" : "2228680982055570"
    }
  },
  "status" : {
    "code" : "404",
    "subCode" : "7200",
    "msg" : "Transaction does not exist."
  }
}
2025-12-07 10:08:30 [WRN] Western Union status update FAILED for EndToEndId=2228680982055570. Unexpected subCode=7200.
2025-12-07 10:08:32 [INF] Sending CANCEL notification to WesternUnionUAT for EndToEndId=2228682621874171 with code=4024
2025-12-07 10:08:33 [INF] WU response OK for EndToEndId=2228682621874171. StatusCode=200, Body={
  "header" : {
    "msgId" : "2228682621874171",
    "creationDateTime" : "2025-12-07 04:08:32.579"
  },
  "paymentInfo" : {
    "identification" : {
      "endToEndId" : "2228682621874171"
    }
  },
  "status" : {
    "code" : "200",
    "subCode" : "0000",
    "msg" : "State is changed successfully"
  }
}
2025-12-07 10:08:40 [INF] Western Union status update SUCCESS for EndToEndId=2228682621874171 with subCode=0000.
2025-12-07 10:12:37 [INF] Sending CANCEL notification to WesternUnionUAT for EndToEndId=2228083818368660 with code=4024
2025-12-07 10:12:38 [INF] WU response OK for EndToEndId=2228083818368660. StatusCode=200, Body={
  "header" : {
    "msgId" : "2228083818368660",
    "creationDateTime" : "2025-12-07 04:12:37.390"
  },
  "paymentInfo" : {
    "identification" : {
      "endToEndId" : "2228083818368660"
    }
  },
  "status" : {
    "code" : "404",
    "subCode" : "7200",
    "msg" : "Transaction does not exist."
  }
}
2025-12-07 10:12:43 [WRN] Western Union status update FAILED for EndToEndId=2228083818368660. Unexpected subCode=7200.
2025-12-07 10:12:44 [INF] Sending CANCEL notification to WesternUnionUAT for EndToEndId=2228084322867817 with code=4024
2025-12-07 10:12:45 [INF] WU response OK for EndToEndId=2228084322867817. StatusCode=200, Body={
  "header" : {
    "msgId" : "2228084322867817",
    "creationDateTime" : "2025-12-07 04:12:44.676"
  },
  "paymentInfo" : {
    "identification" : {
      "endToEndId" : "2228084322867817"
    }
  },
  "status" : {
    "code" : "404",
    "subCode" : "7200",
    "msg" : "Transaction does not exist."
  }
}
2025-12-07 10:12:57 [WRN] Western Union status update FAILED for EndToEndId=2228084322867817. Unexpected subCode=7200.
2025-12-07 10:13:05 [INF] Sending CANCEL notification to WesternUnionUAT for EndToEndId=2228480892049530 with code=4024
2025-12-07 10:13:05 [INF] WU response OK for EndToEndId=2228480892049530. StatusCode=200, Body={
  "header" : {
    "msgId" : "2228480892049530",
    "creationDateTime" : "2025-12-07 04:13:05.552"
  },
  "paymentInfo" : {
    "identification" : {
      "endToEndId" : "2228480892049530"
    }
  },
  "status" : {
    "code" : "404",
    "subCode" : "7200",
    "msg" : "Transaction does not exist."
  }
}
2025-12-07 10:13:13 [WRN] Western Union status update FAILED for EndToEndId=2228480892049530. Unexpected subCode=7200.
2025-12-07 10:13:15 [INF] Sending CANCEL notification to WesternUnionUAT for EndToEndId=2228485770766160 with code=4024
2025-12-07 10:13:15 [INF] WU response OK for EndToEndId=2228485770766160. StatusCode=200, Body={
  "header" : {
    "msgId" : "2228485770766160",
    "creationDateTime" : "2025-12-07 04:13:15.029"
  },
  "paymentInfo" : {
    "identification" : {
      "endToEndId" : "2228485770766160"
    }
  },
  "status" : {
    "code" : "404",
    "subCode" : "7200",
    "msg" : "Transaction does not exist."
  }
}
2025-12-07 10:13:18 [WRN] Western Union status update FAILED for EndToEndId=2228485770766160. Unexpected subCode=7200.
2025-12-07 10:13:20 [INF] Sending CANCEL notification to WesternUnionUAT for EndToEndId=2228489720707017 with code=4024
2025-12-07 10:13:20 [INF] WU response OK for EndToEndId=2228489720707017. StatusCode=200, Body={
  "header" : {
    "msgId" : "2228489720707017",
    "creationDateTime" : "2025-12-07 04:13:20.525"
  },
  "paymentInfo" : {
    "identification" : {
      "endToEndId" : "2228489720707017"
    }
  },
  "status" : {
    "code" : "404",
    "subCode" : "7200",
    "msg" : "Transaction does not exist."
  }
}
2025-12-07 10:13:24 [WRN] Western Union status update FAILED for EndToEndId=2228489720707017. Unexpected subCode=7200.
2025-12-07 10:13:25 [INF] Sending CANCEL notification to WesternUnionUAT for EndToEndId=2228680982055570 with code=4024
2025-12-07 10:13:26 [INF] WU response OK for EndToEndId=2228680982055570. StatusCode=200, Body={
  "header" : {
    "msgId" : "2228680982055570",
    "creationDateTime" : "2025-12-07 04:13:25.805"
  },
  "paymentInfo" : {
    "identification" : {
      "endToEndId" : "2228680982055570"
    }
  },
  "status" : {
    "code" : "404",
    "subCode" : "7200",
    "msg" : "Transaction does not exist."
  }
}
2025-12-07 10:13:31 [WRN] Western Union status update FAILED for EndToEndId=2228680982055570. Unexpected subCode=7200.
2025-12-07 10:13:33 [INF] Sending CANCEL notification to WesternUnionUAT for EndToEndId=2228682621874171 with code=4024
2025-12-07 10:13:33 [INF] WU response OK for EndToEndId=2228682621874171. StatusCode=200, Body={
  "header" : {
    "msgId" : "2228682621874171",
    "creationDateTime" : "2025-12-07 04:13:33.373"
  },
  "paymentInfo" : {
    "identification" : {
      "endToEndId" : "2228682621874171"
    }
  },
  "status" : {
    "code" : "200",
    "subCode" : "0000",
    "msg" : "State is changed successfully"
  }
}
2025-12-07 10:13:41 [INF] Western Union status update SUCCESS for EndToEndId=2228682621874171 with subCode=0000.
2025-12-07 10:13:58 [INF] Sending CANCEL notification to WesternUnionUAT for EndToEndId=2228682921289164 with code=4024
2025-12-07 10:13:59 [INF] WU response OK for EndToEndId=2228682921289164. StatusCode=200, Body={
  "header" : {
    "msgId" : "2228682921289164",
    "creationDateTime" : "2025-12-07 04:13:58.787"
  },
  "paymentInfo" : {
    "identification" : {
      "endToEndId" : "2228682921289164"
    }
  },
  "status" : {
    "code" : "404",
    "subCode" : "7200",
    "msg" : "Transaction does not exist."
  }
}
2025-12-07 10:15:57 [INF] Sending CANCEL notification to WesternUnionUAT for EndToEndId=2228083818368660 with code=4024
2025-12-07 10:15:58 [INF] WU response OK for EndToEndId=2228083818368660. StatusCode=200, Body={
  "header" : {
    "msgId" : "2228083818368660",
    "creationDateTime" : "2025-12-07 04:15:57.698"
  },
  "paymentInfo" : {
    "identification" : {
      "endToEndId" : "2228083818368660"
    }
  },
  "status" : {
    "code" : "404",
    "subCode" : "7200",
    "msg" : "Transaction does not exist."
  }
}
2025-12-07 10:16:02 [WRN] Western Union status update FAILED for EndToEndId=2228083818368660. Unexpected subCode=7200 and code=404
2025-12-07 10:16:02 [INF] Sending CANCEL notification to WesternUnionUAT for EndToEndId=2228084322867817 with code=4024
2025-12-07 10:16:02 [INF] WU response OK for EndToEndId=2228084322867817. StatusCode=200, Body={
  "header" : {
    "msgId" : "2228084322867817",
    "creationDateTime" : "2025-12-07 04:16:02.228"
  },
  "paymentInfo" : {
    "identification" : {
      "endToEndId" : "2228084322867817"
    }
  },
  "status" : {
    "code" : "404",
    "subCode" : "7200",
    "msg" : "Transaction does not exist."
  }
}
2025-12-07 10:16:12 [WRN] Western Union status update FAILED for EndToEndId=2228084322867817. Unexpected subCode=7200 and code=404
2025-12-07 10:16:13 [INF] Sending CANCEL notification to WesternUnionUAT for EndToEndId=2228480892049530 with code=4024
2025-12-07 10:16:14 [INF] WU response OK for EndToEndId=2228480892049530. StatusCode=200, Body={
  "header" : {
    "msgId" : "2228480892049530",
    "creationDateTime" : "2025-12-07 04:16:13.913"
  },
  "paymentInfo" : {
    "identification" : {
      "endToEndId" : "2228480892049530"
    }
  },
  "status" : {
    "code" : "404",
    "subCode" : "7200",
    "msg" : "Transaction does not exist."
  }
}
2025-12-07 10:16:24 [INF] Sending CANCEL notification to WesternUnionUAT for EndToEndId=2228083818368660 with code=4024
2025-12-07 10:16:25 [INF] WU response OK for EndToEndId=2228083818368660. StatusCode=200, Body={
  "header" : {
    "msgId" : "2228083818368660",
    "creationDateTime" : "2025-12-07 04:16:24.620"
  },
  "paymentInfo" : {
    "identification" : {
      "endToEndId" : "2228083818368660"
    }
  },
  "status" : {
    "code" : "404",
    "subCode" : "7200",
    "msg" : "Transaction does not exist."
  }
}
2025-12-07 10:16:27 [WRN] Western Union status update FAILED for EndToEndId=2228083818368660. Unexpected subCode=7200 and code=404
2025-12-07 10:16:36 [INF] Sending CANCEL notification to WesternUnionUAT for EndToEndId=2228084322867817 with code=4024
2025-12-07 10:16:36 [INF] WU response OK for EndToEndId=2228084322867817. StatusCode=200, Body={
  "header" : {
    "msgId" : "2228084322867817",
    "creationDateTime" : "2025-12-07 04:16:35.290"
  },
  "paymentInfo" : {
    "identification" : {
      "endToEndId" : "2228084322867817"
    }
  },
  "status" : {
    "code" : "404",
    "subCode" : "7200",
    "msg" : "Transaction does not exist."
  }
}
2025-12-07 10:16:38 [WRN] Western Union status update FAILED for EndToEndId=2228084322867817. Unexpected subCode=7200 and code=404
2025-12-07 10:16:38 [INF] Sending CANCEL notification to WesternUnionUAT for EndToEndId=2228480892049530 with code=4024
2025-12-07 10:16:39 [INF] WU response OK for EndToEndId=2228480892049530. StatusCode=200, Body={
  "header" : {
    "msgId" : "2228480892049530",
    "creationDateTime" : "2025-12-07 04:16:38.866"
  },
  "paymentInfo" : {
    "identification" : {
      "endToEndId" : "2228480892049530"
    }
  },
  "status" : {
    "code" : "404",
    "subCode" : "7200",
    "msg" : "Transaction does not exist."
  }
}
2025-12-07 10:16:40 [WRN] Western Union status update FAILED for EndToEndId=2228480892049530. Unexpected subCode=7200 and code=404
2025-12-07 10:16:40 [INF] Sending CANCEL notification to WesternUnionUAT for EndToEndId=2228485770766160 with code=4024
2025-12-07 10:16:41 [INF] WU response OK for EndToEndId=2228485770766160. StatusCode=200, Body={
  "header" : {
    "msgId" : "2228485770766160",
    "creationDateTime" : "2025-12-07 04:16:40.779"
  },
  "paymentInfo" : {
    "identification" : {
      "endToEndId" : "2228485770766160"
    }
  },
  "status" : {
    "code" : "404",
    "subCode" : "7200",
    "msg" : "Transaction does not exist."
  }
}
2025-12-07 10:16:42 [WRN] Western Union status update FAILED for EndToEndId=2228485770766160. Unexpected subCode=7200 and code=404
2025-12-07 10:16:42 [INF] Sending CANCEL notification to WesternUnionUAT for EndToEndId=2228489720707017 with code=4024
2025-12-07 10:16:42 [INF] WU response OK for EndToEndId=2228489720707017. StatusCode=200, Body={
  "header" : {
    "msgId" : "2228489720707017",
    "creationDateTime" : "2025-12-07 04:16:42.172"
  },
  "paymentInfo" : {
    "identification" : {
      "endToEndId" : "2228489720707017"
    }
  },
  "status" : {
    "code" : "404",
    "subCode" : "7200",
    "msg" : "Transaction does not exist."
  }
}
2025-12-07 10:16:43 [WRN] Western Union status update FAILED for EndToEndId=2228489720707017. Unexpected subCode=7200 and code=404
2025-12-07 10:16:43 [INF] Sending CANCEL notification to WesternUnionUAT for EndToEndId=2228680982055570 with code=4024
2025-12-07 10:16:43 [INF] WU response OK for EndToEndId=2228680982055570. StatusCode=200, Body={
  "header" : {
    "msgId" : "2228680982055570",
    "creationDateTime" : "2025-12-07 04:16:43.067"
  },
  "paymentInfo" : {
    "identification" : {
      "endToEndId" : "2228680982055570"
    }
  },
  "status" : {
    "code" : "404",
    "subCode" : "7200",
    "msg" : "Transaction does not exist."
  }
}
2025-12-07 10:17:09 [INF] Sending CANCEL notification to WesternUnionUAT for EndToEndId=2228083818368660 with code=4024
2025-12-07 10:17:10 [INF] WU response OK for EndToEndId=2228083818368660. StatusCode=200, Body={
  "header" : {
    "msgId" : "2228083818368660",
    "creationDateTime" : "2025-12-07 04:17:09.352"
  },
  "paymentInfo" : {
    "identification" : {
      "endToEndId" : "2228083818368660"
    }
  },
  "status" : {
    "code" : "404",
    "subCode" : "7200",
    "msg" : "Transaction does not exist."
  }
}
2025-12-07 10:17:12 [WRN] Western Union status update FAILED for EndToEndId=2228083818368660. Unexpected subCode=7200 and code=404
2025-12-07 10:17:14 [INF] Sending CANCEL notification to WesternUnionUAT for EndToEndId=2228084322867817 with code=4024
2025-12-07 10:17:14 [INF] WU response OK for EndToEndId=2228084322867817. StatusCode=200, Body={
  "header" : {
    "msgId" : "2228084322867817",
    "creationDateTime" : "2025-12-07 04:17:14.298"
  },
  "paymentInfo" : {
    "identification" : {
      "endToEndId" : "2228084322867817"
    }
  },
  "status" : {
    "code" : "404",
    "subCode" : "7200",
    "msg" : "Transaction does not exist."
  }
}
2025-12-07 10:17:23 [WRN] Western Union status update FAILED for EndToEndId=2228084322867817. Unexpected subCode=7200 and code=404
2025-12-07 10:17:25 [INF] Sending CANCEL notification to WesternUnionUAT for EndToEndId=2228480892049530 with code=4024
2025-12-07 10:17:25 [INF] WU response OK for EndToEndId=2228480892049530. StatusCode=200, Body={
  "header" : {
    "msgId" : "2228480892049530",
    "creationDateTime" : "2025-12-07 04:17:25.306"
  },
  "paymentInfo" : {
    "identification" : {
      "endToEndId" : "2228480892049530"
    }
  },
  "status" : {
    "code" : "404",
    "subCode" : "7200",
    "msg" : "Transaction does not exist."
  }
}
2025-12-07 10:17:54 [WRN] Western Union status update FAILED for EndToEndId=2228480892049530. Unexpected subCode=7200 and code=404
2025-12-07 10:17:55 [INF] Sending CANCEL notification to WesternUnionUAT for EndToEndId=2228485770766160 with code=4024
2025-12-07 10:17:56 [INF] WU response OK for EndToEndId=2228485770766160. StatusCode=200, Body={
  "header" : {
    "msgId" : "2228485770766160",
    "creationDateTime" : "2025-12-07 04:17:55.727"
  },
  "paymentInfo" : {
    "identification" : {
      "endToEndId" : "2228485770766160"
    }
  },
  "status" : {
    "code" : "404",
    "subCode" : "7200",
    "msg" : "Transaction does not exist."
  }
}
2025-12-07 10:17:59 [WRN] Western Union status update FAILED for EndToEndId=2228485770766160. Unexpected subCode=7200 and code=404
2025-12-07 10:18:01 [INF] Sending CANCEL notification to WesternUnionUAT for EndToEndId=2228489720707017 with code=4024
2025-12-07 10:18:01 [INF] WU response OK for EndToEndId=2228489720707017. StatusCode=200, Body={
  "header" : {
    "msgId" : "2228489720707017",
    "creationDateTime" : "2025-12-07 04:18:01.254"
  },
  "paymentInfo" : {
    "identification" : {
      "endToEndId" : "2228489720707017"
    }
  },
  "status" : {
    "code" : "404",
    "subCode" : "7200",
    "msg" : "Transaction does not exist."
  }
}
2025-12-07 10:18:04 [WRN] Western Union status update FAILED for EndToEndId=2228489720707017. Unexpected subCode=7200 and code=404
2025-12-07 10:18:06 [INF] Sending CANCEL notification to WesternUnionUAT for EndToEndId=2228680982055570 with code=4024
2025-12-07 10:18:06 [INF] WU response OK for EndToEndId=2228680982055570. StatusCode=200, Body={
  "header" : {
    "msgId" : "2228680982055570",
    "creationDateTime" : "2025-12-07 04:18:06.577"
  },
  "paymentInfo" : {
    "identification" : {
      "endToEndId" : "2228680982055570"
    }
  },
  "status" : {
    "code" : "404",
    "subCode" : "7200",
    "msg" : "Transaction does not exist."
  }
}
2025-12-07 10:18:09 [WRN] Western Union status update FAILED for EndToEndId=2228680982055570. Unexpected subCode=7200 and code=404
2025-12-07 10:18:11 [INF] Sending CANCEL notification to WesternUnionUAT for EndToEndId=2228682621874171 with code=4024
2025-12-07 10:18:11 [INF] WU response OK for EndToEndId=2228682621874171. StatusCode=200, Body={
  "header" : {
    "msgId" : "2228682621874171",
    "creationDateTime" : "2025-12-07 04:18:11.125"
  },
  "paymentInfo" : {
    "identification" : {
      "endToEndId" : "2228682621874171"
    }
  },
  "status" : {
    "code" : "200",
    "subCode" : "0000",
    "msg" : "State is changed successfully"
  }
}
2025-12-07 10:18:14 [INF] Western Union status update SUCCESS for EndToEndId=2228682621874171 with subCode=0000 and code=200
2025-12-07 10:18:16 [INF] Sending CANCEL notification to WesternUnionUAT for EndToEndId=2228682921289164 with code=4024
2025-12-07 10:18:17 [INF] WU response OK for EndToEndId=2228682921289164. StatusCode=200, Body={
  "header" : {
    "msgId" : "2228682921289164",
    "creationDateTime" : "2025-12-07 04:18:16.750"
  },
  "paymentInfo" : {
    "identification" : {
      "endToEndId" : "2228682921289164"
    }
  },
  "status" : {
    "code" : "404",
    "subCode" : "7200",
    "msg" : "Transaction does not exist."
  }
}
2025-12-07 10:45:04 [INF] Sending CANCEL notification to WesternUnionUAT for EndToEndId=2228083818368660 with code=4024
2025-12-07 10:45:06 [INF] WU response OK for EndToEndId=2228083818368660. StatusCode=200, Body={
  "header" : {
    "msgId" : "2228083818368660",
    "creationDateTime" : "2025-12-07 04:45:04.180"
  },
  "paymentInfo" : {
    "identification" : {
      "endToEndId" : "2228083818368660"
    }
  },
  "status" : {
    "code" : "404",
    "subCode" : "7200",
    "msg" : "Transaction does not exist."
  }
}
2025-12-07 10:45:10 [WRN] Western Union status update FAILED for EndToEndId=2228083818368660. Unexpected subCode=7200 and code=404
2025-12-07 10:45:12 [INF] Sending CANCEL notification to WesternUnionUAT for EndToEndId=2228084322867817 with code=4024
2025-12-07 10:45:12 [INF] WU response OK for EndToEndId=2228084322867817. StatusCode=200, Body={
  "header" : {
    "msgId" : "2228084322867817",
    "creationDateTime" : "2025-12-07 04:45:12.107"
  },
  "paymentInfo" : {
    "identification" : {
      "endToEndId" : "2228084322867817"
    }
  },
  "status" : {
    "code" : "404",
    "subCode" : "7200",
    "msg" : "Transaction does not exist."
  }
}
2025-12-07 10:45:15 [WRN] Western Union status update FAILED for EndToEndId=2228084322867817. Unexpected subCode=7200 and code=404
2025-12-07 10:45:17 [INF] Sending CANCEL notification to WesternUnionUAT for EndToEndId=2228480892049530 with code=4024
2025-12-07 10:45:17 [INF] WU response OK for EndToEndId=2228480892049530. StatusCode=200, Body={
  "header" : {
    "msgId" : "2228480892049530",
    "creationDateTime" : "2025-12-07 04:45:17.525"
  },
  "paymentInfo" : {
    "identification" : {
      "endToEndId" : "2228480892049530"
    }
  },
  "status" : {
    "code" : "404",
    "subCode" : "7200",
    "msg" : "Transaction does not exist."
  }
}
2025-12-07 10:45:21 [WRN] Western Union status update FAILED for EndToEndId=2228480892049530. Unexpected subCode=7200 and code=404
2025-12-07 10:45:24 [INF] Sending CANCEL notification to WesternUnionUAT for EndToEndId=2228485770766160 with code=4024
2025-12-07 10:45:24 [INF] WU response OK for EndToEndId=2228485770766160. StatusCode=200, Body={
  "header" : {
    "msgId" : "2228485770766160",
    "creationDateTime" : "2025-12-07 04:45:24.256"
  },
  "paymentInfo" : {
    "identification" : {
      "endToEndId" : "2228485770766160"
    }
  },
  "status" : {
    "code" : "404",
    "subCode" : "7200",
    "msg" : "Transaction does not exist."
  }
}
2025-12-07 10:45:28 [WRN] Western Union status update FAILED for EndToEndId=2228485770766160. Unexpected subCode=7200 and code=404
2025-12-07 10:45:29 [INF] Sending CANCEL notification to WesternUnionUAT for EndToEndId=2228489720707017 with code=4024
2025-12-07 10:45:30 [INF] WU response OK for EndToEndId=2228489720707017. StatusCode=200, Body={
  "header" : {
    "msgId" : "2228489720707017",
    "creationDateTime" : "2025-12-07 04:45:29.697"
  },
  "paymentInfo" : {
    "identification" : {
      "endToEndId" : "2228489720707017"
    }
  },
  "status" : {
    "code" : "404",
    "subCode" : "7200",
    "msg" : "Transaction does not exist."
  }
}
2025-12-07 10:45:32 [WRN] Western Union status update FAILED for EndToEndId=2228489720707017. Unexpected subCode=7200 and code=404
2025-12-07 10:45:34 [INF] Sending CANCEL notification to WesternUnionUAT for EndToEndId=2228680982055570 with code=4024
2025-12-07 10:45:34 [INF] WU response OK for EndToEndId=2228680982055570. StatusCode=200, Body={
  "header" : {
    "msgId" : "2228680982055570",
    "creationDateTime" : "2025-12-07 04:45:34.507"
  },
  "paymentInfo" : {
    "identification" : {
      "endToEndId" : "2228680982055570"
    }
  },
  "status" : {
    "code" : "404",
    "subCode" : "7200",
    "msg" : "Transaction does not exist."
  }
}
2025-12-07 10:45:36 [WRN] Western Union status update FAILED for EndToEndId=2228680982055570. Unexpected subCode=7200 and code=404
2025-12-07 10:45:39 [INF] Sending CANCEL notification to WesternUnionUAT for EndToEndId=2228682621874171 with code=4024
2025-12-07 10:45:39 [INF] WU response OK for EndToEndId=2228682621874171. StatusCode=200, Body={
  "header" : {
    "msgId" : "2228682621874171",
    "creationDateTime" : "2025-12-07 04:45:39.204"
  },
  "paymentInfo" : {
    "identification" : {
      "endToEndId" : "2228682621874171"
    }
  },
  "status" : {
    "code" : "200",
    "subCode" : "0000",
    "msg" : "State is changed successfully"
  }
}
2025-12-07 10:45:43 [INF] Western Union status update SUCCESS for EndToEndId=2228682621874171 with subCode=0000 and code=200
2025-12-07 12:38:42 [INF] Sending CANCEL notification to WesternUnionUAT for EndToEndId=2228083818368660 with code=4024
2025-12-07 12:38:44 [INF] WU response OK for EndToEndId=2228083818368660. StatusCode=200, Body={
  "header" : {
    "msgId" : "2228083818368660",
    "creationDateTime" : "2025-12-07 06:38:42.215"
  },
  "paymentInfo" : {
    "identification" : {
      "endToEndId" : "2228083818368660"
    }
  },
  "status" : {
    "code" : "404",
    "subCode" : "7200",
    "msg" : "Transaction does not exist."
  }
}
2025-12-07 12:38:48 [WRN] Western Union status update FAILED for EndToEndId=2228083818368660. Unexpected subCode=7200 and code=404
2025-12-07 12:38:49 [INF] Sending CANCEL notification to WesternUnionUAT for EndToEndId=2228084322867817 with code=4024
2025-12-07 12:38:49 [INF] WU response OK for EndToEndId=2228084322867817. StatusCode=200, Body={
  "header" : {
    "msgId" : "2228084322867817",
    "creationDateTime" : "2025-12-07 06:38:49.634"
  },
  "paymentInfo" : {
    "identification" : {
      "endToEndId" : "2228084322867817"
    }
  },
  "status" : {
    "code" : "404",
    "subCode" : "7200",
    "msg" : "Transaction does not exist."
  }
}
2025-12-07 12:39:01 [WRN] Western Union status update FAILED for EndToEndId=2228084322867817. Unexpected subCode=7200 and code=404
2025-12-07 12:39:04 [INF] Sending CANCEL notification to WesternUnionUAT for EndToEndId=2228480892049530 with code=4024
2025-12-07 12:39:04 [INF] WU response OK for EndToEndId=2228480892049530. StatusCode=200, Body={
  "header" : {
    "msgId" : "2228480892049530",
    "creationDateTime" : "2025-12-07 06:39:04.295"
  },
  "paymentInfo" : {
    "identification" : {
      "endToEndId" : "2228480892049530"
    }
  },
  "status" : {
    "code" : "404",
    "subCode" : "7200",
    "msg" : "Transaction does not exist."
  }
}
2025-12-07 12:39:08 [WRN] Western Union status update FAILED for EndToEndId=2228480892049530. Unexpected subCode=7200 and code=404
2025-12-07 12:39:10 [INF] Sending CANCEL notification to WesternUnionUAT for EndToEndId=2228485770766160 with code=4024
2025-12-07 12:39:10 [INF] WU response OK for EndToEndId=2228485770766160. StatusCode=200, Body={
  "header" : {
    "msgId" : "2228485770766160",
    "creationDateTime" : "2025-12-07 06:39:10.107"
  },
  "paymentInfo" : {
    "identification" : {
      "endToEndId" : "2228485770766160"
    }
  },
  "status" : {
    "code" : "404",
    "subCode" : "7200",
    "msg" : "Transaction does not exist."
  }
}
2025-12-07 12:39:13 [WRN] Western Union status update FAILED for EndToEndId=2228485770766160. Unexpected subCode=7200 and code=404
2025-12-07 12:39:15 [INF] Sending CANCEL notification to WesternUnionUAT for EndToEndId=2228489720707017 with code=4024
2025-12-07 12:39:15 [INF] WU response OK for EndToEndId=2228489720707017. StatusCode=200, Body={
  "header" : {
    "msgId" : "2228489720707017",
    "creationDateTime" : "2025-12-07 06:39:15.063"
  },
  "paymentInfo" : {
    "identification" : {
      "endToEndId" : "2228489720707017"
    }
  },
  "status" : {
    "code" : "404",
    "subCode" : "7200",
    "msg" : "Transaction does not exist."
  }
}
2025-12-07 12:39:18 [WRN] Western Union status update FAILED for EndToEndId=2228489720707017. Unexpected subCode=7200 and code=404
2025-12-07 12:39:20 [INF] Sending CANCEL notification to WesternUnionUAT for EndToEndId=2228680982055570 with code=4024
2025-12-07 12:39:20 [INF] WU response OK for EndToEndId=2228680982055570. StatusCode=200, Body={
  "header" : {
    "msgId" : "2228680982055570",
    "creationDateTime" : "2025-12-07 06:39:20.540"
  },
  "paymentInfo" : {
    "identification" : {
      "endToEndId" : "2228680982055570"
    }
  },
  "status" : {
    "code" : "404",
    "subCode" : "7200",
    "msg" : "Transaction does not exist."
  }
}
2025-12-07 12:39:23 [WRN] Western Union status update FAILED for EndToEndId=2228680982055570. Unexpected subCode=7200 and code=404
2025-12-07 12:39:25 [INF] Sending CANCEL notification to WesternUnionUAT for EndToEndId=2228682621874171 with code=4024
2025-12-07 12:39:25 [INF] WU response OK for EndToEndId=2228682621874171. StatusCode=200, Body={
  "header" : {
    "msgId" : "2228682621874171",
    "creationDateTime" : "2025-12-07 06:39:25.037"
  },
  "paymentInfo" : {
    "identification" : {
      "endToEndId" : "2228682621874171"
    }
  },
  "status" : {
    "code" : "200",
    "subCode" : "0000",
    "msg" : "State is changed successfully"
  }
}
2025-12-07 12:40:35 [INF] Western Union status update SUCCESS for EndToEndId=2228682621874171 with subCode=0000 and code=200
2025-12-07 12:40:44 [INF] Sending CANCEL notification to WesternUnionUAT for EndToEndId=2228682921289164 with code=4024
2025-12-07 12:40:46 [INF] WU response OK for EndToEndId=2228682921289164. StatusCode=200, Body={
  "header" : {
    "msgId" : "2228682921289164",
    "creationDateTime" : "2025-12-07 06:40:44.819"
  },
  "paymentInfo" : {
    "identification" : {
      "endToEndId" : "2228682921289164"
    }
  },
  "status" : {
    "code" : "404",
    "subCode" : "7200",
    "msg" : "Transaction does not exist."
  }
}
2025-12-07 12:54:41 [INF] Sending CANCEL notification to WesternUnionUAT for EndToEndId=2228083818368660 with code=4024
2025-12-07 12:54:42 [INF] WU response OK for EndToEndId=2228083818368660. StatusCode=200, Body={
  "header" : {
    "msgId" : "2228083818368660",
    "creationDateTime" : "2025-12-07 06:54:41.007"
  },
  "paymentInfo" : {
    "identification" : {
      "endToEndId" : "2228083818368660"
    }
  },
  "status" : {
    "code" : "404",
    "subCode" : "7200",
    "msg" : "Transaction does not exist."
  }
}
2025-12-07 12:55:19 [WRN] Western Union status update FAILED for EndToEndId=2228083818368660. Unexpected subCode=7200 and code=404
2025-12-07 12:55:21 [INF] Sending CANCEL notification to WesternUnionUAT for EndToEndId=2228084322867817 with code=4024
2025-12-07 12:55:21 [INF] WU response OK for EndToEndId=2228084322867817. StatusCode=200, Body={
  "header" : {
    "msgId" : "2228084322867817",
    "creationDateTime" : "2025-12-07 06:55:21.117"
  },
  "paymentInfo" : {
    "identification" : {
      "endToEndId" : "2228084322867817"
    }
  },
  "status" : {
    "code" : "404",
    "subCode" : "7200",
    "msg" : "Transaction does not exist."
  }
}
2025-12-07 12:55:25 [WRN] Western Union status update FAILED for EndToEndId=2228084322867817. Unexpected subCode=7200 and code=404
2025-12-07 12:55:27 [INF] Sending CANCEL notification to WesternUnionUAT for EndToEndId=2228480892049530 with code=4024
2025-12-07 12:55:27 [INF] WU response OK for EndToEndId=2228480892049530. StatusCode=200, Body={
  "header" : {
    "msgId" : "2228480892049530",
    "creationDateTime" : "2025-12-07 06:55:27.032"
  },
  "paymentInfo" : {
    "identification" : {
      "endToEndId" : "2228480892049530"
    }
  },
  "status" : {
    "code" : "404",
    "subCode" : "7200",
    "msg" : "Transaction does not exist."
  }
}
2025-12-07 12:55:30 [WRN] Western Union status update FAILED for EndToEndId=2228480892049530. Unexpected subCode=7200 and code=404
2025-12-07 12:55:32 [INF] Sending CANCEL notification to WesternUnionUAT for EndToEndId=2228485770766160 with code=4024
2025-12-07 12:55:32 [INF] WU response OK for EndToEndId=2228485770766160. StatusCode=200, Body={
  "header" : {
    "msgId" : "2228485770766160",
    "creationDateTime" : "2025-12-07 06:55:32.090"
  },
  "paymentInfo" : {
    "identification" : {
      "endToEndId" : "2228485770766160"
    }
  },
  "status" : {
    "code" : "404",
    "subCode" : "7200",
    "msg" : "Transaction does not exist."
  }
}
2025-12-07 12:55:34 [WRN] Western Union status update FAILED for EndToEndId=2228485770766160. Unexpected subCode=7200 and code=404
2025-12-07 12:55:36 [INF] Sending CANCEL notification to WesternUnionUAT for EndToEndId=2228489720707017 with code=4024
2025-12-07 12:55:36 [INF] WU response OK for EndToEndId=2228489720707017. StatusCode=200, Body={
  "header" : {
    "msgId" : "2228489720707017",
    "creationDateTime" : "2025-12-07 06:55:36.554"
  },
  "paymentInfo" : {
    "identification" : {
      "endToEndId" : "2228489720707017"
    }
  },
  "status" : {
    "code" : "404",
    "subCode" : "7200",
    "msg" : "Transaction does not exist."
  }
}
2025-12-07 12:55:39 [WRN] Western Union status update FAILED for EndToEndId=2228489720707017. Unexpected subCode=7200 and code=404
2025-12-07 12:55:41 [INF] Sending CANCEL notification to WesternUnionUAT for EndToEndId=2228680982055570 with code=4024
2025-12-07 12:55:41 [INF] WU response OK for EndToEndId=2228680982055570. StatusCode=200, Body={
  "header" : {
    "msgId" : "2228680982055570",
    "creationDateTime" : "2025-12-07 06:55:41.274"
  },
  "paymentInfo" : {
    "identification" : {
      "endToEndId" : "2228680982055570"
    }
  },
  "status" : {
    "code" : "404",
    "subCode" : "7200",
    "msg" : "Transaction does not exist."
  }
}
2025-12-07 12:55:44 [WRN] Western Union status update FAILED for EndToEndId=2228680982055570. Unexpected subCode=7200 and code=404
2025-12-07 12:55:45 [INF] Sending CANCEL notification to WesternUnionUAT for EndToEndId=2228682621874171 with code=4024
2025-12-07 12:55:46 [INF] WU response OK for EndToEndId=2228682621874171. StatusCode=200, Body={
  "header" : {
    "msgId" : "2228682621874171",
    "creationDateTime" : "2025-12-07 06:55:45.675"
  },
  "paymentInfo" : {
    "identification" : {
      "endToEndId" : "2228682621874171"
    }
  },
  "status" : {
    "code" : "200",
    "subCode" : "0000",
    "msg" : "State is changed successfully"
  }
}
2025-12-07 12:55:50 [INF] Western Union status update SUCCESS for EndToEndId=2228682621874171 with subCode=0000 and code=200
2025-12-07 12:56:14 [INF] Sending CANCEL notification to WesternUnionUAT for EndToEndId=2228682921289164 with code=4024
2025-12-07 12:56:15 [INF] WU response OK for EndToEndId=2228682921289164. StatusCode=200, Body={
  "header" : {
    "msgId" : "2228682921289164",
    "creationDateTime" : "2025-12-07 06:56:14.429"
  },
  "paymentInfo" : {
    "identification" : {
      "endToEndId" : "2228682921289164"
    }
  },
  "status" : {
    "code" : "404",
    "subCode" : "7200",
    "msg" : "Transaction does not exist."
  }
}
2025-12-07 13:27:50 [INF] Sending CANCEL notification to WesternUnionUAT for EndToEndId=2228083818368660 with code=4024
2025-12-07 13:27:52 [INF] WU response OK for EndToEndId=2228083818368660. StatusCode=200, Body={
  "header" : {
    "msgId" : "2228083818368660",
    "creationDateTime" : "2025-12-07 07:27:50.816"
  },
  "paymentInfo" : {
    "identification" : {
      "endToEndId" : "2228083818368660"
    }
  },
  "status" : {
    "code" : "404",
    "subCode" : "7200",
    "msg" : "Transaction does not exist."
  }
}
2025-12-07 13:27:54 [WRN] Western Union status update FAILED for EndToEndId=2228083818368660. Unexpected subCode=7200 and code=404
2025-12-07 13:27:55 [INF] Sending CANCEL notification to WesternUnionUAT for EndToEndId=2228084322867817 with code=4024
2025-12-07 13:27:56 [INF] WU response OK for EndToEndId=2228084322867817. StatusCode=200, Body={
  "header" : {
    "msgId" : "2228084322867817",
    "creationDateTime" : "2025-12-07 07:27:55.754"
  },
  "paymentInfo" : {
    "identification" : {
      "endToEndId" : "2228084322867817"
    }
  },
  "status" : {
    "code" : "404",
    "subCode" : "7200",
    "msg" : "Transaction does not exist."
  }
}
2025-12-07 13:27:58 [WRN] Western Union status update FAILED for EndToEndId=2228084322867817. Unexpected subCode=7200 and code=404
2025-12-07 13:28:00 [INF] Sending CANCEL notification to WesternUnionUAT for EndToEndId=2228480892049530 with code=4024
2025-12-07 13:28:00 [INF] WU response OK for EndToEndId=2228480892049530. StatusCode=200, Body={
  "header" : {
    "msgId" : "2228480892049530",
    "creationDateTime" : "2025-12-07 07:28:00.107"
  },
  "paymentInfo" : {
    "identification" : {
      "endToEndId" : "2228480892049530"
    }
  },
  "status" : {
    "code" : "404",
    "subCode" : "7200",
    "msg" : "Transaction does not exist."
  }
}
2025-12-07 13:28:03 [WRN] Western Union status update FAILED for EndToEndId=2228480892049530. Unexpected subCode=7200 and code=404
2025-12-07 13:28:05 [INF] Sending CANCEL notification to WesternUnionUAT for EndToEndId=2228485770766160 with code=4024
2025-12-07 13:28:05 [INF] WU response OK for EndToEndId=2228485770766160. StatusCode=200, Body={
  "header" : {
    "msgId" : "2228485770766160",
    "creationDateTime" : "2025-12-07 07:28:04.997"
  },
  "paymentInfo" : {
    "identification" : {
      "endToEndId" : "2228485770766160"
    }
  },
  "status" : {
    "code" : "404",
    "subCode" : "7200",
    "msg" : "Transaction does not exist."
  }
}
2025-12-07 13:28:07 [WRN] Western Union status update FAILED for EndToEndId=2228485770766160. Unexpected subCode=7200 and code=404
2025-12-07 13:28:09 [INF] Sending CANCEL notification to WesternUnionUAT for EndToEndId=2228489720707017 with code=4024
2025-12-07 13:28:09 [INF] WU response OK for EndToEndId=2228489720707017. StatusCode=200, Body={
  "header" : {
    "msgId" : "2228489720707017",
    "creationDateTime" : "2025-12-07 07:28:09.049"
  },
  "paymentInfo" : {
    "identification" : {
      "endToEndId" : "2228489720707017"
    }
  },
  "status" : {
    "code" : "404",
    "subCode" : "7200",
    "msg" : "Transaction does not exist."
  }
}
2025-12-07 13:28:12 [WRN] Western Union status update FAILED for EndToEndId=2228489720707017. Unexpected subCode=7200 and code=404
2025-12-07 13:28:13 [INF] Sending CANCEL notification to WesternUnionUAT for EndToEndId=2228680982055570 with code=4024
2025-12-07 13:28:14 [INF] WU response OK for EndToEndId=2228680982055570. StatusCode=200, Body={
  "header" : {
    "msgId" : "2228680982055570",
    "creationDateTime" : "2025-12-07 07:28:13.861"
  },
  "paymentInfo" : {
    "identification" : {
      "endToEndId" : "2228680982055570"
    }
  },
  "status" : {
    "code" : "404",
    "subCode" : "7200",
    "msg" : "Transaction does not exist."
  }
}
2025-12-07 13:28:17 [WRN] Western Union status update FAILED for EndToEndId=2228680982055570. Unexpected subCode=7200 and code=404
2025-12-07 13:28:18 [INF] Sending CANCEL notification to WesternUnionUAT for EndToEndId=2228682621874171 with code=4024
2025-12-07 13:28:19 [INF] WU response OK for EndToEndId=2228682621874171. StatusCode=200, Body={
  "header" : {
    "msgId" : "2228682621874171",
    "creationDateTime" : "2025-12-07 07:28:18.919"
  },
  "paymentInfo" : {
    "identification" : {
      "endToEndId" : "2228682621874171"
    }
  },
  "status" : {
    "code" : "200",
    "subCode" : "0000",
    "msg" : "State is changed successfully"
  }
}
2025-12-07 13:28:26 [INF] Western Union status update SUCCESS for EndToEndId=2228682621874171 with subCode=0000 and code=200
2025-12-07 13:28:28 [INF] Sending CANCEL notification to WesternUnionUAT for EndToEndId=2228682921289164 with code=4024
2025-12-07 13:28:29 [INF] WU response OK for EndToEndId=2228682921289164. StatusCode=200, Body={
  "header" : {
    "msgId" : "2228682921289164",
    "creationDateTime" : "2025-12-07 07:28:28.665"
  },
  "paymentInfo" : {
    "identification" : {
      "endToEndId" : "2228682921289164"
    }
  },
  "status" : {
    "code" : "404",
    "subCode" : "7200",
    "msg" : "Transaction does not exist."
  }
}
2025-12-07 15:00:44 [INF] Sending CANCEL notification to WesternUnionUAT for EndToEndId=2228083818368660 with code=4024
2025-12-07 15:00:46 [INF] WU response OK for EndToEndId=2228083818368660. StatusCode=200, Body={
  "header" : {
    "msgId" : "2228083818368660",
    "creationDateTime" : "2025-12-07 09:00:44.590"
  },
  "paymentInfo" : {
    "identification" : {
      "endToEndId" : "2228083818368660"
    }
  },
  "status" : {
    "code" : "404",
    "subCode" : "7200",
    "msg" : "Transaction does not exist."
  }
}
2025-12-07 15:00:50 [WRN] Western Union status update FAILED for EndToEndId=2228083818368660. Unexpected subCode=7200 and code=404
2025-12-07 15:00:51 [INF] Sending CANCEL notification to WesternUnionUAT for EndToEndId=2228084322867817 with code=4024
2025-12-07 15:00:52 [INF] WU response OK for EndToEndId=2228084322867817. StatusCode=200, Body={
  "header" : {
    "msgId" : "2228084322867817",
    "creationDateTime" : "2025-12-07 09:00:51.670"
  },
  "paymentInfo" : {
    "identification" : {
      "endToEndId" : "2228084322867817"
    }
  },
  "status" : {
    "code" : "404",
    "subCode" : "7200",
    "msg" : "Transaction does not exist."
  }
}
2025-12-07 15:00:54 [WRN] Western Union status update FAILED for EndToEndId=2228084322867817. Unexpected subCode=7200 and code=404
2025-12-07 15:00:56 [INF] Sending CANCEL notification to WesternUnionUAT for EndToEndId=2228480892049530 with code=4024
2025-12-07 15:00:56 [INF] WU response OK for EndToEndId=2228480892049530. StatusCode=200, Body={
  "header" : {
    "msgId" : "2228480892049530",
    "creationDateTime" : "2025-12-07 09:00:56.257"
  },
  "paymentInfo" : {
    "identification" : {
      "endToEndId" : "2228480892049530"
    }
  },
  "status" : {
    "code" : "404",
    "subCode" : "7200",
    "msg" : "Transaction does not exist."
  }
}
2025-12-07 15:00:57 [WRN] Western Union status update FAILED for EndToEndId=2228480892049530. Unexpected subCode=7200 and code=404
2025-12-07 15:00:58 [INF] Sending CANCEL notification to WesternUnionUAT for EndToEndId=2228485770766160 with code=4024
2025-12-07 15:00:58 [INF] WU response OK for EndToEndId=2228485770766160. StatusCode=200, Body={
  "header" : {
    "msgId" : "2228485770766160",
    "creationDateTime" : "2025-12-07 09:00:58.660"
  },
  "paymentInfo" : {
    "identification" : {
      "endToEndId" : "2228485770766160"
    }
  },
  "status" : {
    "code" : "404",
    "subCode" : "7200",
    "msg" : "Transaction does not exist."
  }
}
2025-12-07 15:01:00 [WRN] Western Union status update FAILED for EndToEndId=2228485770766160. Unexpected subCode=7200 and code=404
2025-12-07 15:01:02 [INF] Sending CANCEL notification to WesternUnionUAT for EndToEndId=2228489720707017 with code=4024
2025-12-07 15:01:02 [INF] WU response OK for EndToEndId=2228489720707017. StatusCode=200, Body={
  "header" : {
    "msgId" : "2228489720707017",
    "creationDateTime" : "2025-12-07 09:01:02.173"
  },
  "paymentInfo" : {
    "identification" : {
      "endToEndId" : "2228489720707017"
    }
  },
  "status" : {
    "code" : "404",
    "subCode" : "7200",
    "msg" : "Transaction does not exist."
  }
}
2025-12-07 15:01:05 [WRN] Western Union status update FAILED for EndToEndId=2228489720707017. Unexpected subCode=7200 and code=404
2025-12-07 15:01:06 [INF] Sending CANCEL notification to WesternUnionUAT for EndToEndId=2228680982055570 with code=4024
2025-12-07 15:01:07 [INF] WU response OK for EndToEndId=2228680982055570. StatusCode=200, Body={
  "header" : {
    "msgId" : "2228680982055570",
    "creationDateTime" : "2025-12-07 09:01:06.711"
  },
  "paymentInfo" : {
    "identification" : {
      "endToEndId" : "2228680982055570"
    }
  },
  "status" : {
    "code" : "404",
    "subCode" : "7200",
    "msg" : "Transaction does not exist."
  }
}
2025-12-07 15:01:09 [WRN] Western Union status update FAILED for EndToEndId=2228680982055570. Unexpected subCode=7200 and code=404
2025-12-07 15:01:11 [INF] Sending CANCEL notification to WesternUnionUAT for EndToEndId=2228682621874171 with code=4024
2025-12-07 15:01:11 [INF] WU response OK for EndToEndId=2228682621874171. StatusCode=200, Body={
  "header" : {
    "msgId" : "2228682621874171",
    "creationDateTime" : "2025-12-07 09:01:11.105"
  },
  "paymentInfo" : {
    "identification" : {
      "endToEndId" : "2228682621874171"
    }
  },
  "status" : {
    "code" : "200",
    "subCode" : "0000",
    "msg" : "State is changed successfully"
  }
}
2025-12-07 15:01:15 [INF] Western Union status update SUCCESS for EndToEndId=2228682621874171 with subCode=0000 and code=200
2025-12-07 15:01:16 [INF] Sending CANCEL notification to WesternUnionUAT for EndToEndId=2228682921289164 with code=4024
2025-12-07 15:01:17 [INF] WU response OK for EndToEndId=2228682921289164. StatusCode=200, Body={
  "header" : {
    "msgId" : "2228682921289164",
    "creationDateTime" : "2025-12-07 09:01:16.801"
  },
  "paymentInfo" : {
    "identification" : {
      "endToEndId" : "2228682921289164"
    }
  },
  "status" : {
    "code" : "404",
    "subCode" : "7200",
    "msg" : "Transaction does not exist."
  }
}
2025-12-07 15:13:42 [INF] Sending CANCEL notification to WesternUnionUAT for EndToEndId=2228083818368660 with code=4024
2025-12-07 15:13:45 [INF] WU response OK for EndToEndId=2228083818368660. StatusCode=200, Body={
  "header" : {
    "msgId" : "2228083818368660",
    "creationDateTime" : "2025-12-07 09:13:42.498"
  },
  "paymentInfo" : {
    "identification" : {
      "endToEndId" : "2228083818368660"
    }
  },
  "status" : {
    "code" : "404",
    "subCode" : "7200",
    "msg" : "Transaction does not exist."
  }
}
2025-12-07 15:13:49 [WRN] Western Union status update FAILED for EndToEndId=2228083818368660. Unexpected subCode=7200 and code=404
2025-12-07 15:13:50 [INF] Sending CANCEL notification to WesternUnionUAT for EndToEndId=2228084322867817 with code=4024
2025-12-07 15:13:51 [INF] WU response OK for EndToEndId=2228084322867817. StatusCode=200, Body={
  "header" : {
    "msgId" : "2228084322867817",
    "creationDateTime" : "2025-12-07 09:13:50.770"
  },
  "paymentInfo" : {
    "identification" : {
      "endToEndId" : "2228084322867817"
    }
  },
  "status" : {
    "code" : "404",
    "subCode" : "7200",
    "msg" : "Transaction does not exist."
  }
}
2025-12-07 15:13:52 [WRN] Western Union status update FAILED for EndToEndId=2228084322867817. Unexpected subCode=7200 and code=404
2025-12-07 15:13:53 [INF] Sending CANCEL notification to WesternUnionUAT for EndToEndId=2228480892049530 with code=4024
2025-12-07 15:13:54 [INF] WU response OK for EndToEndId=2228480892049530. StatusCode=200, Body={
  "header" : {
    "msgId" : "2228480892049530",
    "creationDateTime" : "2025-12-07 09:13:53.948"
  },
  "paymentInfo" : {
    "identification" : {
      "endToEndId" : "2228480892049530"
    }
  },
  "status" : {
    "code" : "404",
    "subCode" : "7200",
    "msg" : "Transaction does not exist."
  }
}
2025-12-07 15:13:57 [WRN] Western Union status update FAILED for EndToEndId=2228480892049530. Unexpected subCode=7200 and code=404
2025-12-07 15:13:59 [INF] Sending CANCEL notification to WesternUnionUAT for EndToEndId=2228485770766160 with code=4024
2025-12-07 15:13:59 [INF] WU response OK for EndToEndId=2228485770766160. StatusCode=200, Body={
  "header" : {
    "msgId" : "2228485770766160",
    "creationDateTime" : "2025-12-07 09:13:59.299"
  },
  "paymentInfo" : {
    "identification" : {
      "endToEndId" : "2228485770766160"
    }
  },
  "status" : {
    "code" : "404",
    "subCode" : "7200",
    "msg" : "Transaction does not exist."
  }
}
2025-12-07 15:14:02 [WRN] Western Union status update FAILED for EndToEndId=2228485770766160. Unexpected subCode=7200 and code=404
2025-12-07 15:14:04 [INF] Sending CANCEL notification to WesternUnionUAT for EndToEndId=2228489720707017 with code=4024
2025-12-07 15:14:04 [INF] WU response OK for EndToEndId=2228489720707017. StatusCode=200, Body={
  "header" : {
    "msgId" : "2228489720707017",
    "creationDateTime" : "2025-12-07 09:14:04.107"
  },
  "paymentInfo" : {
    "identification" : {
      "endToEndId" : "2228489720707017"
    }
  },
  "status" : {
    "code" : "404",
    "subCode" : "7200",
    "msg" : "Transaction does not exist."
  }
}
2025-12-07 15:14:07 [WRN] Western Union status update FAILED for EndToEndId=2228489720707017. Unexpected subCode=7200 and code=404
2025-12-07 15:14:09 [INF] Sending CANCEL notification to WesternUnionUAT for EndToEndId=2228680982055570 with code=4024
2025-12-07 15:14:09 [INF] WU response OK for EndToEndId=2228680982055570. StatusCode=200, Body={
  "header" : {
    "msgId" : "2228680982055570",
    "creationDateTime" : "2025-12-07 09:14:09.267"
  },
  "paymentInfo" : {
    "identification" : {
      "endToEndId" : "2228680982055570"
    }
  },
  "status" : {
    "code" : "404",
    "subCode" : "7200",
    "msg" : "Transaction does not exist."
  }
}
2025-12-07 15:14:12 [WRN] Western Union status update FAILED for EndToEndId=2228680982055570. Unexpected subCode=7200 and code=404
2025-12-07 15:14:13 [INF] Sending CANCEL notification to WesternUnionUAT for EndToEndId=2228682621874171 with code=4024
2025-12-07 15:14:14 [INF] WU response OK for EndToEndId=2228682621874171. StatusCode=200, Body={
  "header" : {
    "msgId" : "2228682621874171",
    "creationDateTime" : "2025-12-07 09:14:13.959"
  },
  "paymentInfo" : {
    "identification" : {
      "endToEndId" : "2228682621874171"
    }
  },
  "status" : {
    "code" : "200",
    "subCode" : "0000",
    "msg" : "State is changed successfully"
  }
}
2025-12-07 15:14:19 [INF] Western Union status update SUCCESS for EndToEndId=2228682621874171 with subCode=0000 and code=200
2025-12-07 15:14:47 [INF] Sending CANCEL notification to WesternUnionUAT for EndToEndId=2228682921289164 with code=4024
2025-12-07 15:14:48 [INF] WU response OK for EndToEndId=2228682921289164. StatusCode=200, Body={
  "header" : {
    "msgId" : "2228682921289164",
    "creationDateTime" : "2025-12-07 09:14:47.527"
  },
  "paymentInfo" : {
    "identification" : {
      "endToEndId" : "2228682921289164"
    }
  },
  "status" : {
    "code" : "404",
    "subCode" : "7200",
    "msg" : "Transaction does not exist."
  }
}
2025-12-07 15:15:19 [WRN] Western Union status update FAILED for EndToEndId=2228682921289164. Unexpected subCode=7200 and code=404
2025-12-07 15:15:21 [INF] Sending CANCEL notification to WesternUnionUAT for EndToEndId=2228684241743904 with code=4024
2025-12-07 15:15:22 [INF] WU response OK for EndToEndId=2228684241743904. StatusCode=200, Body={
  "header" : {
    "msgId" : "2228684241743904",
    "creationDateTime" : "2025-12-07 09:15:21.446"
  },
  "paymentInfo" : {
    "identification" : {
      "endToEndId" : "2228684241743904"
    }
  },
  "status" : {
    "code" : "500",
    "subCode" : "1510",
    "msg" : "Invalid payment state transition"
  }
}
2025-12-07 15:15:22 [WRN] Western Union status update FAILED for EndToEndId=2228684241743904. Unexpected subCode=1510 and code=500
2025-12-07 15:15:23 [INF] Sending CANCEL notification to WesternUnionUAT for EndToEndId=2228689290367575 with code=4024
2025-12-07 15:15:24 [INF] WU response OK for EndToEndId=2228689290367575. StatusCode=200, Body={
  "header" : {
    "msgId" : "2228689290367575",
    "creationDateTime" : "2025-12-07 09:15:23.692"
  },
  "paymentInfo" : {
    "identification" : {
      "endToEndId" : "2228689290367575"
    }
  },
  "status" : {
    "code" : "200",
    "subCode" : "0000",
    "msg" : "State is changed successfully"
  }
}
2025-12-07 15:15:24 [INF] Western Union status update SUCCESS for EndToEndId=2228689290367575 with subCode=0000 and code=200
2025-12-07 15:15:25 [INF] Sending CANCEL notification to WesternUnionUAT for EndToEndId=2231289051334951 with code=4024
2025-12-07 15:15:26 [INF] WU response OK for EndToEndId=2231289051334951. StatusCode=200, Body={
  "header" : {
    "msgId" : "2231289051334951",
    "creationDateTime" : "2025-12-07 09:15:25.742"
  },
  "paymentInfo" : {
    "identification" : {
      "endToEndId" : "2231289051334951"
    }
  },
  "status" : {
    "code" : "404",
    "subCode" : "7200",
    "msg" : "Transaction does not exist."
  }
}
2025-12-07 15:15:26 [WRN] Western Union status update FAILED for EndToEndId=2231289051334951. Unexpected subCode=7200 and code=404
2025-12-07 15:15:27 [INF] Sending CANCEL notification to WesternUnionUAT for EndToEndId=2305284391155202 with code=4024
2025-12-07 15:15:28 [INF] WU response OK for EndToEndId=2305284391155202. StatusCode=200, Body={
  "header" : {
    "msgId" : "2305284391155202",
    "creationDateTime" : "2025-12-07 09:15:27.670"
  },
  "paymentInfo" : {
    "identification" : {
      "endToEndId" : "2305284391155202"
    }
  },
  "status" : {
    "code" : "200",
    "subCode" : "0000",
    "msg" : "State is changed successfully"
  }
}
2025-12-07 15:15:28 [INF] Western Union status update SUCCESS for EndToEndId=2305284391155202 with subCode=0000 and code=200
2025-12-07 15:15:29 [INF] Sending CANCEL notification to WesternUnionUAT for EndToEndId=2305586990205069 with code=4024
2025-12-07 15:15:30 [INF] WU response OK for EndToEndId=2305586990205069. StatusCode=200, Body={
  "header" : {
    "msgId" : "2305586990205069",
    "creationDateTime" : "2025-12-07 09:15:29.732"
  },
  "paymentInfo" : {
    "identification" : {
      "endToEndId" : "2305586990205069"
    }
  },
  "status" : {
    "code" : "200",
    "subCode" : "0000",
    "msg" : "State is changed successfully"
  }
}
2025-12-07 15:15:30 [INF] Western Union status update SUCCESS for EndToEndId=2305586990205069 with subCode=0000 and code=200
2025-12-07 15:15:31 [INF] Sending PAID notification to WesternUnionUAT for EndToEndId=2334184040728559 with code=4030
2025-12-07 15:15:32 [INF] WU response OK for EndToEndId=2334184040728559. StatusCode=200, Body={
  "header" : {
    "msgId" : "2334184040728559",
    "creationDateTime" : "2025-12-07 09:15:31.785"
  },
  "paymentInfo" : {
    "identification" : {
      "endToEndId" : "2334184040728559"
    }
  },
  "status" : {
    "code" : "404",
    "subCode" : "7200",
    "msg" : "Transaction does not exist."
  }
}
2025-12-07 15:15:32 [WRN] Western Union status update FAILED for EndToEndId=2334184040728559. Unexpected subCode=7200 and code=404
2025-12-07 15:15:33 [INF] Sending PAID notification to WesternUnionUAT for EndToEndId=2334186940178686 with code=4030
2025-12-07 15:15:34 [INF] WU response OK for EndToEndId=2334186940178686. StatusCode=200, Body={
  "header" : {
    "msgId" : "2334186940178686",
    "creationDateTime" : "2025-12-07 09:15:33.707"
  },
  "paymentInfo" : {
    "identification" : {
      "endToEndId" : "2334186940178686"
    }
  },
  "status" : {
    "code" : "404",
    "subCode" : "7200",
    "msg" : "Transaction does not exist."
  }
}
2025-12-07 15:15:34 [WRN] Western Union status update FAILED for EndToEndId=2334186940178686. Unexpected subCode=7200 and code=404
2025-12-07 15:15:35 [INF] Sending PAID notification to WesternUnionUAT for EndToEndId=2334187339242397 with code=4030
2025-12-07 15:15:35 [INF] WU response OK for EndToEndId=2334187339242397. StatusCode=200, Body={
  "header" : {
    "msgId" : "2334187339242397",
    "creationDateTime" : "2025-12-07 09:15:35.635"
  },
  "paymentInfo" : {
    "identification" : {
      "endToEndId" : "2334187339242397"
    }
  },
  "status" : {
    "code" : "404",
    "subCode" : "7200",
    "msg" : "Transaction does not exist."
  }
}
2025-12-07 15:15:35 [WRN] Western Union status update FAILED for EndToEndId=2334187339242397. Unexpected subCode=7200 and code=404
2025-12-07 15:15:37 [INF] Sending PAID notification to WesternUnionUAT for EndToEndId=2334188245095223 with code=4030
2025-12-07 15:15:37 [INF] WU response OK for EndToEndId=2334188245095223. StatusCode=200, Body={
  "header" : {
    "msgId" : "2334188245095223",
    "creationDateTime" : "2025-12-07 09:15:37.564"
  },
  "paymentInfo" : {
    "identification" : {
      "endToEndId" : "2334188245095223"
    }
  },
  "status" : {
    "code" : "404",
    "subCode" : "7200",
    "msg" : "Transaction does not exist."
  }
}
2025-12-07 15:15:37 [WRN] Western Union status update FAILED for EndToEndId=2334188245095223. Unexpected subCode=7200 and code=404
2025-12-07 15:15:39 [INF] Sending PAID notification to WesternUnionUAT for EndToEndId=2410682753149512 with code=4030
2025-12-07 15:15:40 [INF] WU response OK for EndToEndId=2410682753149512. StatusCode=200, Body={
  "header" : {
    "msgId" : "2410682753149512",
    "creationDateTime" : "2025-12-07 09:15:39.523"
  },
  "paymentInfo" : {
    "identification" : {
      "endToEndId" : "2410682753149512"
    }
  },
  "status" : {
    "code" : "200",
    "subCode" : "0000",
    "msg" : "State is changed successfully"
  }
}
2025-12-07 15:15:40 [INF] Western Union status update SUCCESS for EndToEndId=2410682753149512 with subCode=0000 and code=200
2025-12-07 15:15:41 [INF] Sending PAID notification to WesternUnionUAT for EndToEndId=2410685610728330 with code=4030
2025-12-07 15:15:42 [INF] WU response OK for EndToEndId=2410685610728330. StatusCode=200, Body={
  "header" : {
    "msgId" : "2410685610728330",
    "creationDateTime" : "2025-12-07 09:15:41.652"
  },
  "paymentInfo" : {
    "identification" : {
      "endToEndId" : "2410685610728330"
    }
  },
  "status" : {
    "code" : "200",
    "subCode" : "0000",
    "msg" : "State is changed successfully"
  }
}
2025-12-07 15:15:42 [INF] Western Union status update SUCCESS for EndToEndId=2410685610728330 with subCode=0000 and code=200
2025-12-07 15:15:43 [INF] Sending PAID notification to WesternUnionUAT for EndToEndId=2410689111046871 with code=4030
2025-12-07 15:15:44 [INF] WU response OK for EndToEndId=2410689111046871. StatusCode=200, Body={
  "header" : {
    "msgId" : "2410689111046871",
    "creationDateTime" : "2025-12-07 09:15:43.722"
  },
  "paymentInfo" : {
    "identification" : {
      "endToEndId" : "2410689111046871"
    }
  },
  "status" : {
    "code" : "200",
    "subCode" : "0000",
    "msg" : "State is changed successfully"
  }
}
2025-12-07 15:15:44 [INF] Western Union status update SUCCESS for EndToEndId=2410689111046871 with subCode=0000 and code=200
2025-12-07 15:16:35 [INF] Sending CANCEL notification to WesternUnionUAT for EndToEndId=2228083818368660 with code=4024
2025-12-07 15:16:37 [INF] WU response OK for EndToEndId=2228083818368660. StatusCode=200, Body={
  "header" : {
    "msgId" : "2228083818368660",
    "creationDateTime" : "2025-12-07 09:16:35.856"
  },
  "paymentInfo" : {
    "identification" : {
      "endToEndId" : "2228083818368660"
    }
  },
  "status" : {
    "code" : "404",
    "subCode" : "7200",
    "msg" : "Transaction does not exist."
  }
}
2025-12-07 15:16:37 [WRN] Western Union status update FAILED for EndToEndId=2228083818368660. Unexpected subCode=7200 and code=404
2025-12-07 15:16:38 [INF] Sending CANCEL notification to WesternUnionUAT for EndToEndId=2228084322867817 with code=4024
2025-12-07 15:16:39 [INF] WU response OK for EndToEndId=2228084322867817. StatusCode=200, Body={
  "header" : {
    "msgId" : "2228084322867817",
    "creationDateTime" : "2025-12-07 09:16:38.785"
  },
  "paymentInfo" : {
    "identification" : {
      "endToEndId" : "2228084322867817"
    }
  },
  "status" : {
    "code" : "404",
    "subCode" : "7200",
    "msg" : "Transaction does not exist."
  }
}
2025-12-07 15:16:39 [WRN] Western Union status update FAILED for EndToEndId=2228084322867817. Unexpected subCode=7200 and code=404
2025-12-07 15:16:40 [INF] Sending CANCEL notification to WesternUnionUAT for EndToEndId=2228480892049530 with code=4024
2025-12-07 15:16:41 [INF] WU response OK for EndToEndId=2228480892049530. StatusCode=200, Body={
  "header" : {
    "msgId" : "2228480892049530",
    "creationDateTime" : "2025-12-07 09:16:40.709"
  },
  "paymentInfo" : {
    "identification" : {
      "endToEndId" : "2228480892049530"
    }
  },
  "status" : {
    "code" : "404",
    "subCode" : "7200",
    "msg" : "Transaction does not exist."
  }
}
2025-12-07 15:16:41 [WRN] Western Union status update FAILED for EndToEndId=2228480892049530. Unexpected subCode=7200 and code=404
2025-12-07 15:16:42 [INF] Sending CANCEL notification to WesternUnionUAT for EndToEndId=2228485770766160 with code=4024
2025-12-07 15:16:42 [INF] WU response OK for EndToEndId=2228485770766160. StatusCode=200, Body={
  "header" : {
    "msgId" : "2228485770766160",
    "creationDateTime" : "2025-12-07 09:16:42.635"
  },
  "paymentInfo" : {
    "identification" : {
      "endToEndId" : "2228485770766160"
    }
  },
  "status" : {
    "code" : "404",
    "subCode" : "7200",
    "msg" : "Transaction does not exist."
  }
}
2025-12-07 15:16:42 [WRN] Western Union status update FAILED for EndToEndId=2228485770766160. Unexpected subCode=7200 and code=404
2025-12-07 15:16:44 [INF] Sending CANCEL notification to WesternUnionUAT for EndToEndId=2228489720707017 with code=4024
2025-12-07 15:16:44 [INF] WU response OK for EndToEndId=2228489720707017. StatusCode=200, Body={
  "header" : {
    "msgId" : "2228489720707017",
    "creationDateTime" : "2025-12-07 09:16:44.565"
  },
  "paymentInfo" : {
    "identification" : {
      "endToEndId" : "2228489720707017"
    }
  },
  "status" : {
    "code" : "404",
    "subCode" : "7200",
    "msg" : "Transaction does not exist."
  }
}
2025-12-07 15:16:44 [WRN] Western Union status update FAILED for EndToEndId=2228489720707017. Unexpected subCode=7200 and code=404
2025-12-07 15:16:46 [INF] Sending CANCEL notification to WesternUnionUAT for EndToEndId=2228680982055570 with code=4024
2025-12-07 15:16:46 [INF] WU response OK for EndToEndId=2228680982055570. StatusCode=200, Body={
  "header" : {
    "msgId" : "2228680982055570",
    "creationDateTime" : "2025-12-07 09:16:46.487"
  },
  "paymentInfo" : {
    "identification" : {
      "endToEndId" : "2228680982055570"
    }
  },
  "status" : {
    "code" : "404",
    "subCode" : "7200",
    "msg" : "Transaction does not exist."
  }
}
2025-12-07 15:16:46 [WRN] Western Union status update FAILED for EndToEndId=2228680982055570. Unexpected subCode=7200 and code=404
2025-12-07 15:16:48 [INF] Sending CANCEL notification to WesternUnionUAT for EndToEndId=2228682621874171 with code=4024
2025-12-07 15:16:48 [INF] WU response OK for EndToEndId=2228682621874171. StatusCode=200, Body={
  "header" : {
    "msgId" : "2228682621874171",
    "creationDateTime" : "2025-12-07 09:16:48.402"
  },
  "paymentInfo" : {
    "identification" : {
      "endToEndId" : "2228682621874171"
    }
  },
  "status" : {
    "code" : "200",
    "subCode" : "0000",
    "msg" : "State is changed successfully"
  }
}
2025-12-07 15:16:48 [INF] Western Union status update SUCCESS for EndToEndId=2228682621874171 with subCode=0000 and code=200
2025-12-07 15:16:50 [INF] Sending CANCEL notification to WesternUnionUAT for EndToEndId=2228682921289164 with code=4024
2025-12-07 15:16:50 [INF] WU response OK for EndToEndId=2228682921289164. StatusCode=200, Body={
  "header" : {
    "msgId" : "2228682921289164",
    "creationDateTime" : "2025-12-07 09:16:50.433"
  },
  "paymentInfo" : {
    "identification" : {
      "endToEndId" : "2228682921289164"
    }
  },
  "status" : {
    "code" : "404",
    "subCode" : "7200",
    "msg" : "Transaction does not exist."
  }
}
2025-12-07 15:16:50 [WRN] Western Union status update FAILED for EndToEndId=2228682921289164. Unexpected subCode=7200 and code=404
2025-12-07 15:16:52 [INF] Sending CANCEL notification to WesternUnionUAT for EndToEndId=2228684241743904 with code=4024
2025-12-07 15:16:52 [INF] WU response OK for EndToEndId=2228684241743904. StatusCode=200, Body={
  "header" : {
    "msgId" : "2228684241743904",
    "creationDateTime" : "2025-12-07 09:16:52.360"
  },
  "paymentInfo" : {
    "identification" : {
      "endToEndId" : "2228684241743904"
    }
  },
  "status" : {
    "code" : "500",
    "subCode" : "1510",
    "msg" : "Invalid payment state transition"
  }
}
2025-12-07 15:16:52 [WRN] Western Union status update FAILED for EndToEndId=2228684241743904. Unexpected subCode=1510 and code=500
2025-12-07 15:16:54 [INF] Sending CANCEL notification to WesternUnionUAT for EndToEndId=2228689290367575 with code=4024
2025-12-07 15:16:54 [INF] WU response OK for EndToEndId=2228689290367575. StatusCode=200, Body={
  "header" : {
    "msgId" : "2228689290367575",
    "creationDateTime" : "2025-12-07 09:16:54.339"
  },
  "paymentInfo" : {
    "identification" : {
      "endToEndId" : "2228689290367575"
    }
  },
  "status" : {
    "code" : "200",
    "subCode" : "0000",
    "msg" : "State is changed successfully"
  }
}
2025-12-07 15:16:54 [INF] Western Union status update SUCCESS for EndToEndId=2228689290367575 with subCode=0000 and code=200
2025-12-07 15:16:56 [INF] Sending CANCEL notification to WesternUnionUAT for EndToEndId=2231289051334951 with code=4024
2025-12-07 15:16:56 [INF] WU response OK for EndToEndId=2231289051334951. StatusCode=200, Body={
  "header" : {
    "msgId" : "2231289051334951",
    "creationDateTime" : "2025-12-07 09:16:56.377"
  },
  "paymentInfo" : {
    "identification" : {
      "endToEndId" : "2231289051334951"
    }
  },
  "status" : {
    "code" : "404",
    "subCode" : "7200",
    "msg" : "Transaction does not exist."
  }
}
2025-12-07 15:16:56 [WRN] Western Union status update FAILED for EndToEndId=2231289051334951. Unexpected subCode=7200 and code=404
2025-12-07 15:16:58 [INF] Sending CANCEL notification to WesternUnionUAT for EndToEndId=2305284391155202 with code=4024
2025-12-07 15:16:58 [INF] WU response OK for EndToEndId=2305284391155202. StatusCode=200, Body={
  "header" : {
    "msgId" : "2305284391155202",
    "creationDateTime" : "2025-12-07 09:16:58.308"
  },
  "paymentInfo" : {
    "identification" : {
      "endToEndId" : "2305284391155202"
    }
  },
  "status" : {
    "code" : "200",
    "subCode" : "0000",
    "msg" : "State is changed successfully"
  }
}
2025-12-07 15:16:58 [INF] Western Union status update SUCCESS for EndToEndId=2305284391155202 with subCode=0000 and code=200
2025-12-07 15:17:00 [INF] Sending CANCEL notification to WesternUnionUAT for EndToEndId=2305586990205069 with code=4024
2025-12-07 15:17:00 [INF] WU response OK for EndToEndId=2305586990205069. StatusCode=200, Body={
  "header" : {
    "msgId" : "2305586990205069",
    "creationDateTime" : "2025-12-07 09:17:00.342"
  },
  "paymentInfo" : {
    "identification" : {
      "endToEndId" : "2305586990205069"
    }
  },
  "status" : {
    "code" : "200",
    "subCode" : "0000",
    "msg" : "State is changed successfully"
  }
}
2025-12-07 15:17:00 [INF] Western Union status update SUCCESS for EndToEndId=2305586990205069 with subCode=0000 and code=200
2025-12-07 15:17:02 [INF] Sending PAID notification to WesternUnionUAT for EndToEndId=2334184040728559 with code=4030
2025-12-07 15:17:02 [INF] WU response OK for EndToEndId=2334184040728559. StatusCode=200, Body={
  "header" : {
    "msgId" : "2334184040728559",
    "creationDateTime" : "2025-12-07 09:17:02.385"
  },
  "paymentInfo" : {
    "identification" : {
      "endToEndId" : "2334184040728559"
    }
  },
  "status" : {
    "code" : "404",
    "subCode" : "7200",
    "msg" : "Transaction does not exist."
  }
}
2025-12-07 15:17:02 [WRN] Western Union status update FAILED for EndToEndId=2334184040728559. Unexpected subCode=7200 and code=404
2025-12-07 15:17:04 [INF] Sending PAID notification to WesternUnionUAT for EndToEndId=2334186940178686 with code=4030
2025-12-07 15:17:04 [INF] WU response OK for EndToEndId=2334186940178686. StatusCode=200, Body={
  "header" : {
    "msgId" : "2334186940178686",
    "creationDateTime" : "2025-12-07 09:17:04.309"
  },
  "paymentInfo" : {
    "identification" : {
      "endToEndId" : "2334186940178686"
    }
  },
  "status" : {
    "code" : "404",
    "subCode" : "7200",
    "msg" : "Transaction does not exist."
  }
}
2025-12-07 15:17:04 [WRN] Western Union status update FAILED for EndToEndId=2334186940178686. Unexpected subCode=7200 and code=404
2025-12-07 15:17:06 [INF] Sending PAID notification to WesternUnionUAT for EndToEndId=2334187339242397 with code=4030
2025-12-07 15:17:06 [INF] WU response OK for EndToEndId=2334187339242397. StatusCode=200, Body={
  "header" : {
    "msgId" : "2334187339242397",
    "creationDateTime" : "2025-12-07 09:17:06.239"
  },
  "paymentInfo" : {
    "identification" : {
      "endToEndId" : "2334187339242397"
    }
  },
  "status" : {
    "code" : "404",
    "subCode" : "7200",
    "msg" : "Transaction does not exist."
  }
}
2025-12-07 15:17:06 [WRN] Western Union status update FAILED for EndToEndId=2334187339242397. Unexpected subCode=7200 and code=404
2025-12-07 15:17:08 [INF] Sending PAID notification to WesternUnionUAT for EndToEndId=2334188245095223 with code=4030
2025-12-07 15:17:08 [INF] WU response OK for EndToEndId=2334188245095223. StatusCode=200, Body={
  "header" : {
    "msgId" : "2334188245095223",
    "creationDateTime" : "2025-12-07 09:17:08.166"
  },
  "paymentInfo" : {
    "identification" : {
      "endToEndId" : "2334188245095223"
    }
  },
  "status" : {
    "code" : "404",
    "subCode" : "7200",
    "msg" : "Transaction does not exist."
  }
}
2025-12-07 15:17:08 [WRN] Western Union status update FAILED for EndToEndId=2334188245095223. Unexpected subCode=7200 and code=404
2025-12-07 15:17:10 [INF] Sending PAID notification to WesternUnionUAT for EndToEndId=2410682753149512 with code=4030
2025-12-07 15:17:10 [INF] WU response OK for EndToEndId=2410682753149512. StatusCode=200, Body={
  "header" : {
    "msgId" : "2410682753149512",
    "creationDateTime" : "2025-12-07 09:17:10.086"
  },
  "paymentInfo" : {
    "identification" : {
      "endToEndId" : "2410682753149512"
    }
  },
  "status" : {
    "code" : "200",
    "subCode" : "0000",
    "msg" : "State is changed successfully"
  }
}
2025-12-07 15:17:10 [INF] Western Union status update SUCCESS for EndToEndId=2410682753149512 with subCode=0000 and code=200
2025-12-07 15:17:12 [INF] Sending PAID notification to WesternUnionUAT for EndToEndId=2410685610728330 with code=4030
2025-12-07 15:17:12 [INF] WU response OK for EndToEndId=2410685610728330. StatusCode=200, Body={
  "header" : {
    "msgId" : "2410685610728330",
    "creationDateTime" : "2025-12-07 09:17:12.171"
  },
  "paymentInfo" : {
    "identification" : {
      "endToEndId" : "2410685610728330"
    }
  },
  "status" : {
    "code" : "200",
    "subCode" : "0000",
    "msg" : "State is changed successfully"
  }
}
2025-12-07 15:17:12 [INF] Western Union status update SUCCESS for EndToEndId=2410685610728330 with subCode=0000 and code=200
2025-12-07 15:17:14 [INF] Sending PAID notification to WesternUnionUAT for EndToEndId=2410689111046871 with code=4030
2025-12-07 15:17:14 [INF] WU response OK for EndToEndId=2410689111046871. StatusCode=200, Body={
  "header" : {
    "msgId" : "2410689111046871",
    "creationDateTime" : "2025-12-07 09:17:14.250"
  },
  "paymentInfo" : {
    "identification" : {
      "endToEndId" : "2410689111046871"
    }
  },
  "status" : {
    "code" : "200",
    "subCode" : "0000",
    "msg" : "State is changed successfully"
  }
}
2025-12-07 15:17:14 [INF] Western Union status update SUCCESS for EndToEndId=2410689111046871 with subCode=0000 and code=200
2025-12-07 15:18:06 [INF] Sending CANCEL notification to WesternUnionUAT for EndToEndId=2228083818368660 with code=4024
2025-12-07 15:18:06 [INF] WU response OK for EndToEndId=2228083818368660. StatusCode=200, Body={
  "header" : {
    "msgId" : "2228083818368660",
    "creationDateTime" : "2025-12-07 09:18:06.327"
  },
  "paymentInfo" : {
    "identification" : {
      "endToEndId" : "2228083818368660"
    }
  },
  "status" : {
    "code" : "404",
    "subCode" : "7200",
    "msg" : "Transaction does not exist."
  }
}
2025-12-07 15:18:06 [WRN] Western Union status update FAILED for EndToEndId=2228083818368660. Unexpected subCode=7200 and code=404
2025-12-07 15:18:08 [INF] Sending CANCEL notification to WesternUnionUAT for EndToEndId=2228084322867817 with code=4024
2025-12-07 15:18:08 [INF] WU response OK for EndToEndId=2228084322867817. StatusCode=200, Body={
  "header" : {
    "msgId" : "2228084322867817",
    "creationDateTime" : "2025-12-07 09:18:08.522"
  },
  "paymentInfo" : {
    "identification" : {
      "endToEndId" : "2228084322867817"
    }
  },
  "status" : {
    "code" : "404",
    "subCode" : "7200",
    "msg" : "Transaction does not exist."
  }
}
2025-12-07 15:18:08 [WRN] Western Union status update FAILED for EndToEndId=2228084322867817. Unexpected subCode=7200 and code=404
2025-12-07 15:18:10 [INF] Sending CANCEL notification to WesternUnionUAT for EndToEndId=2228480892049530 with code=4024
2025-12-07 15:18:10 [INF] WU response OK for EndToEndId=2228480892049530. StatusCode=200, Body={
  "header" : {
    "msgId" : "2228480892049530",
    "creationDateTime" : "2025-12-07 09:18:10.451"
  },
  "paymentInfo" : {
    "identification" : {
      "endToEndId" : "2228480892049530"
    }
  },
  "status" : {
    "code" : "404",
    "subCode" : "7200",
    "msg" : "Transaction does not exist."
  }
}
2025-12-07 15:18:10 [WRN] Western Union status update FAILED for EndToEndId=2228480892049530. Unexpected subCode=7200 and code=404
2025-12-07 15:18:12 [INF] Sending CANCEL notification to WesternUnionUAT for EndToEndId=2228485770766160 with code=4024
2025-12-07 15:18:12 [INF] WU response OK for EndToEndId=2228485770766160. StatusCode=200, Body={
  "header" : {
    "msgId" : "2228485770766160",
    "creationDateTime" : "2025-12-07 09:18:12.368"
  },
  "paymentInfo" : {
    "identification" : {
      "endToEndId" : "2228485770766160"
    }
  },
  "status" : {
    "code" : "404",
    "subCode" : "7200",
    "msg" : "Transaction does not exist."
  }
}
2025-12-07 15:18:12 [WRN] Western Union status update FAILED for EndToEndId=2228485770766160. Unexpected subCode=7200 and code=404
2025-12-07 15:18:14 [INF] Sending CANCEL notification to WesternUnionUAT for EndToEndId=2228489720707017 with code=4024
2025-12-07 15:18:14 [INF] WU response OK for EndToEndId=2228489720707017. StatusCode=200, Body={
  "header" : {
    "msgId" : "2228489720707017",
    "creationDateTime" : "2025-12-07 09:18:14.293"
  },
  "paymentInfo" : {
    "identification" : {
      "endToEndId" : "2228489720707017"
    }
  },
  "status" : {
    "code" : "404",
    "subCode" : "7200",
    "msg" : "Transaction does not exist."
  }
}
2025-12-07 15:18:14 [WRN] Western Union status update FAILED for EndToEndId=2228489720707017. Unexpected subCode=7200 and code=404
2025-12-07 15:18:16 [INF] Sending CANCEL notification to WesternUnionUAT for EndToEndId=2228680982055570 with code=4024
2025-12-07 15:18:16 [INF] WU response OK for EndToEndId=2228680982055570. StatusCode=200, Body={
  "header" : {
    "msgId" : "2228680982055570",
    "creationDateTime" : "2025-12-07 09:18:16.209"
  },
  "paymentInfo" : {
    "identification" : {
      "endToEndId" : "2228680982055570"
    }
  },
  "status" : {
    "code" : "404",
    "subCode" : "7200",
    "msg" : "Transaction does not exist."
  }
}
2025-12-07 15:18:16 [WRN] Western Union status update FAILED for EndToEndId=2228680982055570. Unexpected subCode=7200 and code=404
2025-12-07 15:18:18 [INF] Sending CANCEL notification to WesternUnionUAT for EndToEndId=2228682621874171 with code=4024
2025-12-07 15:18:18 [INF] WU response OK for EndToEndId=2228682621874171. StatusCode=200, Body={
  "header" : {
    "msgId" : "2228682621874171",
    "creationDateTime" : "2025-12-07 09:18:18.136"
  },
  "paymentInfo" : {
    "identification" : {
      "endToEndId" : "2228682621874171"
    }
  },
  "status" : {
    "code" : "200",
    "subCode" : "0000",
    "msg" : "State is changed successfully"
  }
}
2025-12-07 15:18:18 [INF] Western Union status update SUCCESS for EndToEndId=2228682621874171 with subCode=0000 and code=200
2025-12-07 15:18:20 [INF] Sending CANCEL notification to WesternUnionUAT for EndToEndId=2228682921289164 with code=4024
2025-12-07 15:18:20 [INF] WU response OK for EndToEndId=2228682921289164. StatusCode=200, Body={
  "header" : {
    "msgId" : "2228682921289164",
    "creationDateTime" : "2025-12-07 09:18:20.173"
  },
  "paymentInfo" : {
    "identification" : {
      "endToEndId" : "2228682921289164"
    }
  },
  "status" : {
    "code" : "404",
    "subCode" : "7200",
    "msg" : "Transaction does not exist."
  }
}
2025-12-07 15:18:20 [WRN] Western Union status update FAILED for EndToEndId=2228682921289164. Unexpected subCode=7200 and code=404
2025-12-07 15:18:22 [INF] Sending CANCEL notification to WesternUnionUAT for EndToEndId=2228684241743904 with code=4024
2025-12-07 15:18:22 [INF] WU response OK for EndToEndId=2228684241743904. StatusCode=200, Body={
  "header" : {
    "msgId" : "2228684241743904",
    "creationDateTime" : "2025-12-07 09:18:22.099"
  },
  "paymentInfo" : {
    "identification" : {
      "endToEndId" : "2228684241743904"
    }
  },
  "status" : {
    "code" : "500",
    "subCode" : "1510",
    "msg" : "Invalid payment state transition"
  }
}
2025-12-07 15:18:22 [WRN] Western Union status update FAILED for EndToEndId=2228684241743904. Unexpected subCode=1510 and code=500
2025-12-07 15:18:24 [INF] Sending CANCEL notification to WesternUnionUAT for EndToEndId=2228689290367575 with code=4024
2025-12-07 15:18:24 [INF] WU response OK for EndToEndId=2228689290367575. StatusCode=200, Body={
  "header" : {
    "msgId" : "2228689290367575",
    "creationDateTime" : "2025-12-07 09:18:24.084"
  },
  "paymentInfo" : {
    "identification" : {
      "endToEndId" : "2228689290367575"
    }
  },
  "status" : {
    "code" : "200",
    "subCode" : "0000",
    "msg" : "State is changed successfully"
  }
}
2025-12-07 15:18:24 [INF] Western Union status update SUCCESS for EndToEndId=2228689290367575 with subCode=0000 and code=200
2025-12-07 15:18:26 [INF] Sending CANCEL notification to WesternUnionUAT for EndToEndId=2231289051334951 with code=4024
2025-12-07 15:18:26 [INF] WU response OK for EndToEndId=2231289051334951. StatusCode=200, Body={
  "header" : {
    "msgId" : "2231289051334951",
    "creationDateTime" : "2025-12-07 09:18:26.118"
  },
  "paymentInfo" : {
    "identification" : {
      "endToEndId" : "2231289051334951"
    }
  },
  "status" : {
    "code" : "404",
    "subCode" : "7200",
    "msg" : "Transaction does not exist."
  }
}
2025-12-07 15:18:26 [WRN] Western Union status update FAILED for EndToEndId=2231289051334951. Unexpected subCode=7200 and code=404
2025-12-07 15:18:28 [INF] Sending CANCEL notification to WesternUnionUAT for EndToEndId=2305284391155202 with code=4024
2025-12-07 15:18:28 [INF] WU response OK for EndToEndId=2305284391155202. StatusCode=200, Body={
  "header" : {
    "msgId" : "2305284391155202",
    "creationDateTime" : "2025-12-07 09:18:28.042"
  },
  "paymentInfo" : {
    "identification" : {
      "endToEndId" : "2305284391155202"
    }
  },
  "status" : {
    "code" : "200",
    "subCode" : "0000",
    "msg" : "State is changed successfully"
  }
}
2025-12-07 15:18:28 [INF] Western Union status update SUCCESS for EndToEndId=2305284391155202 with subCode=0000 and code=200
2025-12-07 15:18:30 [INF] Sending CANCEL notification to WesternUnionUAT for EndToEndId=2305586990205069 with code=4024
2025-12-07 15:18:30 [INF] WU response OK for EndToEndId=2305586990205069. StatusCode=200, Body={
  "header" : {
    "msgId" : "2305586990205069",
    "creationDateTime" : "2025-12-07 09:18:30.078"
  },
  "paymentInfo" : {
    "identification" : {
      "endToEndId" : "2305586990205069"
    }
  },
  "status" : {
    "code" : "200",
    "subCode" : "0000",
    "msg" : "State is changed successfully"
  }
}
2025-12-07 15:18:30 [INF] Western Union status update SUCCESS for EndToEndId=2305586990205069 with subCode=0000 and code=200
2025-12-07 15:18:32 [INF] Sending PAID notification to WesternUnionUAT for EndToEndId=2334184040728559 with code=4030
2025-12-07 15:18:32 [INF] WU response OK for EndToEndId=2334184040728559. StatusCode=200, Body={
  "header" : {
    "msgId" : "2334184040728559",
    "creationDateTime" : "2025-12-07 09:18:32.112"
  },
  "paymentInfo" : {
    "identification" : {
      "endToEndId" : "2334184040728559"
    }
  },
  "status" : {
    "code" : "404",
    "subCode" : "7200",
    "msg" : "Transaction does not exist."
  }
}
2025-12-07 15:18:32 [WRN] Western Union status update FAILED for EndToEndId=2334184040728559. Unexpected subCode=7200 and code=404
2025-12-07 15:18:34 [INF] Sending PAID notification to WesternUnionUAT for EndToEndId=2334186940178686 with code=4030
2025-12-07 15:18:34 [INF] WU response OK for EndToEndId=2334186940178686. StatusCode=200, Body={
  "header" : {
    "msgId" : "2334186940178686",
    "creationDateTime" : "2025-12-07 09:18:34.034"
  },
  "paymentInfo" : {
    "identification" : {
      "endToEndId" : "2334186940178686"
    }
  },
  "status" : {
    "code" : "404",
    "subCode" : "7200",
    "msg" : "Transaction does not exist."
  }
}
2025-12-07 15:18:34 [WRN] Western Union status update FAILED for EndToEndId=2334186940178686. Unexpected subCode=7200 and code=404
2025-12-07 15:18:35 [INF] Sending PAID notification to WesternUnionUAT for EndToEndId=2334187339242397 with code=4030
2025-12-07 15:18:36 [INF] WU response OK for EndToEndId=2334187339242397. StatusCode=200, Body={
  "header" : {
    "msgId" : "2334187339242397",
    "creationDateTime" : "2025-12-07 09:18:35.950"
  },
  "paymentInfo" : {
    "identification" : {
      "endToEndId" : "2334187339242397"
    }
  },
  "status" : {
    "code" : "404",
    "subCode" : "7200",
    "msg" : "Transaction does not exist."
  }
}
2025-12-07 15:18:36 [WRN] Western Union status update FAILED for EndToEndId=2334187339242397. Unexpected subCode=7200 and code=404
2025-12-07 15:18:37 [INF] Sending PAID notification to WesternUnionUAT for EndToEndId=2334188245095223 with code=4030
2025-12-07 15:18:38 [INF] WU response OK for EndToEndId=2334188245095223. StatusCode=200, Body={
  "header" : {
    "msgId" : "2334188245095223",
    "creationDateTime" : "2025-12-07 09:18:37.866"
  },
  "paymentInfo" : {
    "identification" : {
      "endToEndId" : "2334188245095223"
    }
  },
  "status" : {
    "code" : "404",
    "subCode" : "7200",
    "msg" : "Transaction does not exist."
  }
}
2025-12-07 15:18:38 [WRN] Western Union status update FAILED for EndToEndId=2334188245095223. Unexpected subCode=7200 and code=404
2025-12-07 15:18:39 [INF] Sending PAID notification to WesternUnionUAT for EndToEndId=2410682753149512 with code=4030
2025-12-07 15:18:40 [INF] WU response OK for EndToEndId=2410682753149512. StatusCode=200, Body={
  "header" : {
    "msgId" : "2410682753149512",
    "creationDateTime" : "2025-12-07 09:18:39.787"
  },
  "paymentInfo" : {
    "identification" : {
      "endToEndId" : "2410682753149512"
    }
  },
  "status" : {
    "code" : "200",
    "subCode" : "0000",
    "msg" : "State is changed successfully"
  }
}
2025-12-07 15:18:40 [INF] Western Union status update SUCCESS for EndToEndId=2410682753149512 with subCode=0000 and code=200
2025-12-07 15:18:41 [INF] Sending PAID notification to WesternUnionUAT for EndToEndId=2410685610728330 with code=4030
2025-12-07 15:18:42 [INF] WU response OK for EndToEndId=2410685610728330. StatusCode=200, Body={
  "header" : {
    "msgId" : "2410685610728330",
    "creationDateTime" : "2025-12-07 09:18:41.842"
  },
  "paymentInfo" : {
    "identification" : {
      "endToEndId" : "2410685610728330"
    }
  },
  "status" : {
    "code" : "200",
    "subCode" : "0000",
    "msg" : "State is changed successfully"
  }
}
2025-12-07 15:18:42 [INF] Western Union status update SUCCESS for EndToEndId=2410685610728330 with subCode=0000 and code=200
2025-12-07 15:18:43 [INF] Sending PAID notification to WesternUnionUAT for EndToEndId=2410689111046871 with code=4030
2025-12-07 15:18:44 [INF] WU response OK for EndToEndId=2410689111046871. StatusCode=200, Body={
  "header" : {
    "msgId" : "2410689111046871",
    "creationDateTime" : "2025-12-07 09:18:43.882"
  },
  "paymentInfo" : {
    "identification" : {
      "endToEndId" : "2410689111046871"
    }
  },
  "status" : {
    "code" : "200",
    "subCode" : "0000",
    "msg" : "State is changed successfully"
  }
}
2025-12-07 15:18:44 [INF] Western Union status update SUCCESS for EndToEndId=2410689111046871 with subCode=0000 and code=200
2025-12-07 15:19:35 [INF] Sending CANCEL notification to WesternUnionUAT for EndToEndId=2228083818368660 with code=4024
2025-12-07 15:19:36 [INF] WU response OK for EndToEndId=2228083818368660. StatusCode=200, Body={
  "header" : {
    "msgId" : "2228083818368660",
    "creationDateTime" : "2025-12-07 09:19:35.974"
  },
  "paymentInfo" : {
    "identification" : {
      "endToEndId" : "2228083818368660"
    }
  },
  "status" : {
    "code" : "404",
    "subCode" : "7200",
    "msg" : "Transaction does not exist."
  }
}
2025-12-07 15:19:36 [WRN] Western Union status update FAILED for EndToEndId=2228083818368660. Unexpected subCode=7200 and code=404
2025-12-07 15:19:38 [INF] Sending CANCEL notification to WesternUnionUAT for EndToEndId=2228084322867817 with code=4024
2025-12-07 15:19:38 [INF] WU response OK for EndToEndId=2228084322867817. StatusCode=200, Body={
  "header" : {
    "msgId" : "2228084322867817",
    "creationDateTime" : "2025-12-07 09:19:38.176"
  },
  "paymentInfo" : {
    "identification" : {
      "endToEndId" : "2228084322867817"
    }
  },
  "status" : {
    "code" : "404",
    "subCode" : "7200",
    "msg" : "Transaction does not exist."
  }
}
2025-12-07 15:19:38 [WRN] Western Union status update FAILED for EndToEndId=2228084322867817. Unexpected subCode=7200 and code=404
2025-12-07 15:19:40 [INF] Sending CANCEL notification to WesternUnionUAT for EndToEndId=2228480892049530 with code=4024
2025-12-07 15:19:40 [INF] WU response OK for EndToEndId=2228480892049530. StatusCode=200, Body={
  "header" : {
    "msgId" : "2228480892049530",
    "creationDateTime" : "2025-12-07 09:19:40.094"
  },
  "paymentInfo" : {
    "identification" : {
      "endToEndId" : "2228480892049530"
    }
  },
  "status" : {
    "code" : "404",
    "subCode" : "7200",
    "msg" : "Transaction does not exist."
  }
}
2025-12-07 15:19:40 [WRN] Western Union status update FAILED for EndToEndId=2228480892049530. Unexpected subCode=7200 and code=404
2025-12-07 15:19:42 [INF] Sending CANCEL notification to WesternUnionUAT for EndToEndId=2228485770766160 with code=4024
2025-12-07 15:19:42 [INF] WU response OK for EndToEndId=2228485770766160. StatusCode=200, Body={
  "header" : {
    "msgId" : "2228485770766160",
    "creationDateTime" : "2025-12-07 09:19:42.033"
  },
  "paymentInfo" : {
    "identification" : {
      "endToEndId" : "2228485770766160"
    }
  },
  "status" : {
    "code" : "404",
    "subCode" : "7200",
    "msg" : "Transaction does not exist."
  }
}
2025-12-07 15:19:42 [WRN] Western Union status update FAILED for EndToEndId=2228485770766160. Unexpected subCode=7200 and code=404
2025-12-07 15:19:43 [INF] Sending CANCEL notification to WesternUnionUAT for EndToEndId=2228489720707017 with code=4024
2025-12-07 15:19:44 [INF] WU response OK for EndToEndId=2228489720707017. StatusCode=200, Body={
  "header" : {
    "msgId" : "2228489720707017",
    "creationDateTime" : "2025-12-07 09:19:43.957"
  },
  "paymentInfo" : {
    "identification" : {
      "endToEndId" : "2228489720707017"
    }
  },
  "status" : {
    "code" : "404",
    "subCode" : "7200",
    "msg" : "Transaction does not exist."
  }
}
2025-12-07 15:19:44 [WRN] Western Union status update FAILED for EndToEndId=2228489720707017. Unexpected subCode=7200 and code=404
2025-12-07 15:19:45 [INF] Sending CANCEL notification to WesternUnionUAT for EndToEndId=2228680982055570 with code=4024
2025-12-07 15:19:46 [INF] WU response OK for EndToEndId=2228680982055570. StatusCode=200, Body={
  "header" : {
    "msgId" : "2228680982055570",
    "creationDateTime" : "2025-12-07 09:19:45.889"
  },
  "paymentInfo" : {
    "identification" : {
      "endToEndId" : "2228680982055570"
    }
  },
  "status" : {
    "code" : "404",
    "subCode" : "7200",
    "msg" : "Transaction does not exist."
  }
}
2025-12-07 15:19:46 [WRN] Western Union status update FAILED for EndToEndId=2228680982055570. Unexpected subCode=7200 and code=404
2025-12-07 15:19:47 [INF] Sending CANCEL notification to WesternUnionUAT for EndToEndId=2228682621874171 with code=4024
2025-12-07 15:19:48 [INF] WU response OK for EndToEndId=2228682621874171. StatusCode=200, Body={
  "header" : {
    "msgId" : "2228682621874171",
    "creationDateTime" : "2025-12-07 09:19:47.805"
  },
  "paymentInfo" : {
    "identification" : {
      "endToEndId" : "2228682621874171"
    }
  },
  "status" : {
    "code" : "200",
    "subCode" : "0000",
    "msg" : "State is changed successfully"
  }
}
2025-12-07 15:19:48 [INF] Western Union status update SUCCESS for EndToEndId=2228682621874171 with subCode=0000 and code=200
2025-12-07 15:19:49 [INF] Sending CANCEL notification to WesternUnionUAT for EndToEndId=2228682921289164 with code=4024
2025-12-07 15:19:50 [INF] WU response OK for EndToEndId=2228682921289164. StatusCode=200, Body={
  "header" : {
    "msgId" : "2228682921289164",
    "creationDateTime" : "2025-12-07 09:19:49.843"
  },
  "paymentInfo" : {
    "identification" : {
      "endToEndId" : "2228682921289164"
    }
  },
  "status" : {
    "code" : "404",
    "subCode" : "7200",
    "msg" : "Transaction does not exist."
  }
}
2025-12-07 15:19:50 [WRN] Western Union status update FAILED for EndToEndId=2228682921289164. Unexpected subCode=7200 and code=404
2025-12-07 15:19:51 [INF] Sending CANCEL notification to WesternUnionUAT for EndToEndId=2228684241743904 with code=4024
2025-12-07 15:19:52 [INF] WU response OK for EndToEndId=2228684241743904. StatusCode=200, Body={
  "header" : {
    "msgId" : "2228684241743904",
    "creationDateTime" : "2025-12-07 09:19:51.762"
  },
  "paymentInfo" : {
    "identification" : {
      "endToEndId" : "2228684241743904"
    }
  },
  "status" : {
    "code" : "500",
    "subCode" : "1510",
    "msg" : "Invalid payment state transition"
  }
}
2025-12-07 15:19:52 [WRN] Western Union status update FAILED for EndToEndId=2228684241743904. Unexpected subCode=1510 and code=500
2025-12-07 15:19:53 [INF] Sending CANCEL notification to WesternUnionUAT for EndToEndId=2228689290367575 with code=4024
2025-12-07 15:19:54 [INF] WU response OK for EndToEndId=2228689290367575. StatusCode=200, Body={
  "header" : {
    "msgId" : "2228689290367575",
    "creationDateTime" : "2025-12-07 09:19:53.777"
  },
  "paymentInfo" : {
    "identification" : {
      "endToEndId" : "2228689290367575"
    }
  },
  "status" : {
    "code" : "200",
    "subCode" : "0000",
    "msg" : "State is changed successfully"
  }
}
2025-12-07 15:19:54 [INF] Western Union status update SUCCESS for EndToEndId=2228689290367575 with subCode=0000 and code=200
2025-12-07 15:19:55 [INF] Sending CANCEL notification to WesternUnionUAT for EndToEndId=2231289051334951 with code=4024
2025-12-07 15:19:56 [INF] WU response OK for EndToEndId=2231289051334951. StatusCode=200, Body={
  "header" : {
    "msgId" : "2231289051334951",
    "creationDateTime" : "2025-12-07 09:19:55.809"
  },
  "paymentInfo" : {
    "identification" : {
      "endToEndId" : "2231289051334951"
    }
  },
  "status" : {
    "code" : "404",
    "subCode" : "7200",
    "msg" : "Transaction does not exist."
  }
}
2025-12-07 15:19:56 [WRN] Western Union status update FAILED for EndToEndId=2231289051334951. Unexpected subCode=7200 and code=404
2025-12-07 15:19:57 [INF] Sending CANCEL notification to WesternUnionUAT for EndToEndId=2305284391155202 with code=4024
2025-12-07 15:19:58 [INF] WU response OK for EndToEndId=2305284391155202. StatusCode=200, Body={
  "header" : {
    "msgId" : "2305284391155202",
    "creationDateTime" : "2025-12-07 09:19:57.724"
  },
  "paymentInfo" : {
    "identification" : {
      "endToEndId" : "2305284391155202"
    }
  },
  "status" : {
    "code" : "200",
    "subCode" : "0000",
    "msg" : "State is changed successfully"
  }
}
2025-12-07 15:19:58 [INF] Western Union status update SUCCESS for EndToEndId=2305284391155202 with subCode=0000 and code=200
2025-12-07 15:19:59 [INF] Sending CANCEL notification to WesternUnionUAT for EndToEndId=2305586990205069 with code=4024
2025-12-07 15:20:00 [INF] WU response OK for EndToEndId=2305586990205069. StatusCode=200, Body={
  "header" : {
    "msgId" : "2305586990205069",
    "creationDateTime" : "2025-12-07 09:19:59.785"
  },
  "paymentInfo" : {
    "identification" : {
      "endToEndId" : "2305586990205069"
    }
  },
  "status" : {
    "code" : "200",
    "subCode" : "0000",
    "msg" : "State is changed successfully"
  }
}
2025-12-07 15:20:00 [INF] Western Union status update SUCCESS for EndToEndId=2305586990205069 with subCode=0000 and code=200
2025-12-07 15:20:01 [INF] Sending PAID notification to WesternUnionUAT for EndToEndId=2334184040728559 with code=4030
2025-12-07 15:20:02 [INF] WU response OK for EndToEndId=2334184040728559. StatusCode=200, Body={
  "header" : {
    "msgId" : "2334184040728559",
    "creationDateTime" : "2025-12-07 09:20:01.830"
  },
  "paymentInfo" : {
    "identification" : {
      "endToEndId" : "2334184040728559"
    }
  },
  "status" : {
    "code" : "404",
    "subCode" : "7200",
    "msg" : "Transaction does not exist."
  }
}
2025-12-07 15:20:02 [WRN] Western Union status update FAILED for EndToEndId=2334184040728559. Unexpected subCode=7200 and code=404
2025-12-07 15:20:03 [INF] Sending PAID notification to WesternUnionUAT for EndToEndId=2334186940178686 with code=4030
2025-12-07 15:20:04 [INF] WU response OK for EndToEndId=2334186940178686. StatusCode=200, Body={
  "header" : {
    "msgId" : "2334186940178686",
    "creationDateTime" : "2025-12-07 09:20:03.751"
  },
  "paymentInfo" : {
    "identification" : {
      "endToEndId" : "2334186940178686"
    }
  },
  "status" : {
    "code" : "404",
    "subCode" : "7200",
    "msg" : "Transaction does not exist."
  }
}
2025-12-07 15:20:04 [WRN] Western Union status update FAILED for EndToEndId=2334186940178686. Unexpected subCode=7200 and code=404
2025-12-07 15:20:05 [INF] Sending PAID notification to WesternUnionUAT for EndToEndId=2334187339242397 with code=4030
2025-12-07 15:20:06 [INF] WU response OK for EndToEndId=2334187339242397. StatusCode=200, Body={
  "header" : {
    "msgId" : "2334187339242397",
    "creationDateTime" : "2025-12-07 09:20:05.692"
  },
  "paymentInfo" : {
    "identification" : {
      "endToEndId" : "2334187339242397"
    }
  },
  "status" : {
    "code" : "404",
    "subCode" : "7200",
    "msg" : "Transaction does not exist."
  }
}
2025-12-07 15:20:06 [WRN] Western Union status update FAILED for EndToEndId=2334187339242397. Unexpected subCode=7200 and code=404
2025-12-07 15:20:07 [INF] Sending PAID notification to WesternUnionUAT for EndToEndId=2334188245095223 with code=4030
2025-12-07 15:20:08 [INF] WU response OK for EndToEndId=2334188245095223. StatusCode=200, Body={
  "header" : {
    "msgId" : "2334188245095223",
    "creationDateTime" : "2025-12-07 09:20:07.621"
  },
  "paymentInfo" : {
    "identification" : {
      "endToEndId" : "2334188245095223"
    }
  },
  "status" : {
    "code" : "404",
    "subCode" : "7200",
    "msg" : "Transaction does not exist."
  }
}
2025-12-07 15:20:08 [WRN] Western Union status update FAILED for EndToEndId=2334188245095223. Unexpected subCode=7200 and code=404
2025-12-07 15:20:09 [INF] Sending PAID notification to WesternUnionUAT for EndToEndId=2410682753149512 with code=4030
2025-12-07 15:20:10 [INF] WU response OK for EndToEndId=2410682753149512. StatusCode=200, Body={
  "header" : {
    "msgId" : "2410682753149512",
    "creationDateTime" : "2025-12-07 09:20:09.807"
  },
  "paymentInfo" : {
    "identification" : {
      "endToEndId" : "2410682753149512"
    }
  },
  "status" : {
    "code" : "200",
    "subCode" : "0000",
    "msg" : "State is changed successfully"
  }
}
2025-12-07 15:20:10 [INF] Western Union status update SUCCESS for EndToEndId=2410682753149512 with subCode=0000 and code=200
2025-12-07 15:20:11 [INF] Sending PAID notification to WesternUnionUAT for EndToEndId=2410685610728330 with code=4030
2025-12-07 15:20:12 [INF] WU response OK for EndToEndId=2410685610728330. StatusCode=200, Body={
  "header" : {
    "msgId" : "2410685610728330",
    "creationDateTime" : "2025-12-07 09:20:11.871"
  },
  "paymentInfo" : {
    "identification" : {
      "endToEndId" : "2410685610728330"
    }
  },
  "status" : {
    "code" : "200",
    "subCode" : "0000",
    "msg" : "State is changed successfully"
  }
}
2025-12-07 15:20:12 [INF] Western Union status update SUCCESS for EndToEndId=2410685610728330 with subCode=0000 and code=200
2025-12-07 15:20:13 [INF] Sending PAID notification to WesternUnionUAT for EndToEndId=2410689111046871 with code=4030
2025-12-07 15:20:14 [INF] WU response OK for EndToEndId=2410689111046871. StatusCode=200, Body={
  "header" : {
    "msgId" : "2410689111046871",
    "creationDateTime" : "2025-12-07 09:20:13.916"
  },
  "paymentInfo" : {
    "identification" : {
      "endToEndId" : "2410689111046871"
    }
  },
  "status" : {
    "code" : "200",
    "subCode" : "0000",
    "msg" : "State is changed successfully"
  }
}
2025-12-07 15:20:14 [INF] Western Union status update SUCCESS for EndToEndId=2410689111046871 with subCode=0000 and code=200
2025-12-07 15:21:06 [INF] Sending CANCEL notification to WesternUnionUAT for EndToEndId=2228083818368660 with code=4024
2025-12-07 15:21:06 [INF] WU response OK for EndToEndId=2228083818368660. StatusCode=200, Body={
  "header" : {
    "msgId" : "2228083818368660",
    "creationDateTime" : "2025-12-07 09:21:06.013"
  },
  "paymentInfo" : {
    "identification" : {
      "endToEndId" : "2228083818368660"
    }
  },
  "status" : {
    "code" : "404",
    "subCode" : "7200",
    "msg" : "Transaction does not exist."
  }
}
2025-12-07 15:21:06 [WRN] Western Union status update FAILED for EndToEndId=2228083818368660. Unexpected subCode=7200 and code=404
2025-12-07 15:21:08 [INF] Sending CANCEL notification to WesternUnionUAT for EndToEndId=2228084322867817 with code=4024
2025-12-07 15:21:08 [INF] WU response OK for EndToEndId=2228084322867817. StatusCode=200, Body={
  "header" : {
    "msgId" : "2228084322867817",
    "creationDateTime" : "2025-12-07 09:21:08.203"
  },
  "paymentInfo" : {
    "identification" : {
      "endToEndId" : "2228084322867817"
    }
  },
  "status" : {
    "code" : "404",
    "subCode" : "7200",
    "msg" : "Transaction does not exist."
  }
}
2025-12-07 15:21:08 [WRN] Western Union status update FAILED for EndToEndId=2228084322867817. Unexpected subCode=7200 and code=404
2025-12-07 15:21:10 [INF] Sending CANCEL notification to WesternUnionUAT for EndToEndId=2228480892049530 with code=4024
2025-12-07 15:21:10 [INF] WU response OK for EndToEndId=2228480892049530. StatusCode=200, Body={
  "header" : {
    "msgId" : "2228480892049530",
    "creationDateTime" : "2025-12-07 09:21:10.125"
  },
  "paymentInfo" : {
    "identification" : {
      "endToEndId" : "2228480892049530"
    }
  },
  "status" : {
    "code" : "404",
    "subCode" : "7200",
    "msg" : "Transaction does not exist."
  }
}
2025-12-07 15:21:10 [WRN] Western Union status update FAILED for EndToEndId=2228480892049530. Unexpected subCode=7200 and code=404
2025-12-07 15:21:12 [INF] Sending CANCEL notification to WesternUnionUAT for EndToEndId=2228485770766160 with code=4024
2025-12-07 15:21:12 [INF] WU response OK for EndToEndId=2228485770766160. StatusCode=200, Body={
  "header" : {
    "msgId" : "2228485770766160",
    "creationDateTime" : "2025-12-07 09:21:12.036"
  },
  "paymentInfo" : {
    "identification" : {
      "endToEndId" : "2228485770766160"
    }
  },
  "status" : {
    "code" : "404",
    "subCode" : "7200",
    "msg" : "Transaction does not exist."
  }
}
2025-12-07 15:21:12 [WRN] Western Union status update FAILED for EndToEndId=2228485770766160. Unexpected subCode=7200 and code=404
2025-12-07 15:21:13 [INF] Sending CANCEL notification to WesternUnionUAT for EndToEndId=2228489720707017 with code=4024
2025-12-07 15:21:14 [INF] WU response OK for EndToEndId=2228489720707017. StatusCode=200, Body={
  "header" : {
    "msgId" : "2228489720707017",
    "creationDateTime" : "2025-12-07 09:21:13.960"
  },
  "paymentInfo" : {
    "identification" : {
      "endToEndId" : "2228489720707017"
    }
  },
  "status" : {
    "code" : "404",
    "subCode" : "7200",
    "msg" : "Transaction does not exist."
  }
}
2025-12-07 15:21:14 [WRN] Western Union status update FAILED for EndToEndId=2228489720707017. Unexpected subCode=7200 and code=404
2025-12-07 15:21:15 [INF] Sending CANCEL notification to WesternUnionUAT for EndToEndId=2228680982055570 with code=4024
2025-12-07 15:21:16 [INF] WU response OK for EndToEndId=2228680982055570. StatusCode=200, Body={
  "header" : {
    "msgId" : "2228680982055570",
    "creationDateTime" : "2025-12-07 09:21:15.880"
  },
  "paymentInfo" : {
    "identification" : {
      "endToEndId" : "2228680982055570"
    }
  },
  "status" : {
    "code" : "404",
    "subCode" : "7200",
    "msg" : "Transaction does not exist."
  }
}
2025-12-07 15:21:16 [WRN] Western Union status update FAILED for EndToEndId=2228680982055570. Unexpected subCode=7200 and code=404
2025-12-07 15:21:17 [INF] Sending CANCEL notification to WesternUnionUAT for EndToEndId=2228682621874171 with code=4024
2025-12-07 15:21:18 [INF] WU response OK for EndToEndId=2228682621874171. StatusCode=200, Body={
  "header" : {
    "msgId" : "2228682621874171",
    "creationDateTime" : "2025-12-07 09:21:17.820"
  },
  "paymentInfo" : {
    "identification" : {
      "endToEndId" : "2228682621874171"
    }
  },
  "status" : {
    "code" : "200",
    "subCode" : "0000",
    "msg" : "State is changed successfully"
  }
}
2025-12-07 15:21:18 [INF] Western Union status update SUCCESS for EndToEndId=2228682621874171 with subCode=0000 and code=200
2025-12-07 15:21:19 [INF] Sending CANCEL notification to WesternUnionUAT for EndToEndId=2228682921289164 with code=4024
2025-12-07 15:21:20 [INF] WU response OK for EndToEndId=2228682921289164. StatusCode=200, Body={
  "header" : {
    "msgId" : "2228682921289164",
    "creationDateTime" : "2025-12-07 09:21:19.884"
  },
  "paymentInfo" : {
    "identification" : {
      "endToEndId" : "2228682921289164"
    }
  },
  "status" : {
    "code" : "404",
    "subCode" : "7200",
    "msg" : "Transaction does not exist."
  }
}
2025-12-07 15:21:20 [WRN] Western Union status update FAILED for EndToEndId=2228682921289164. Unexpected subCode=7200 and code=404
2025-12-07 15:21:21 [INF] Sending CANCEL notification to WesternUnionUAT for EndToEndId=2228684241743904 with code=4024
2025-12-07 15:21:22 [INF] WU response OK for EndToEndId=2228684241743904. StatusCode=200, Body={
  "header" : {
    "msgId" : "2228684241743904",
    "creationDateTime" : "2025-12-07 09:21:21.799"
  },
  "paymentInfo" : {
    "identification" : {
      "endToEndId" : "2228684241743904"
    }
  },
  "status" : {
    "code" : "500",
    "subCode" : "1510",
    "msg" : "Invalid payment state transition"
  }
}
2025-12-07 15:21:22 [WRN] Western Union status update FAILED for EndToEndId=2228684241743904. Unexpected subCode=1510 and code=500
2025-12-07 15:21:23 [INF] Sending CANCEL notification to WesternUnionUAT for EndToEndId=2228689290367575 with code=4024
2025-12-07 15:21:24 [INF] WU response OK for EndToEndId=2228689290367575. StatusCode=200, Body={
  "header" : {
    "msgId" : "2228689290367575",
    "creationDateTime" : "2025-12-07 09:21:23.809"
  },
  "paymentInfo" : {
    "identification" : {
      "endToEndId" : "2228689290367575"
    }
  },
  "status" : {
    "code" : "200",
    "subCode" : "0000",
    "msg" : "State is changed successfully"
  }
}
2025-12-07 15:21:24 [INF] Western Union status update SUCCESS for EndToEndId=2228689290367575 with subCode=0000 and code=200
2025-12-07 15:21:25 [INF] Sending CANCEL notification to WesternUnionUAT for EndToEndId=2231289051334951 with code=4024
2025-12-07 15:21:26 [INF] WU response OK for EndToEndId=2231289051334951. StatusCode=200, Body={
  "header" : {
    "msgId" : "2231289051334951",
    "creationDateTime" : "2025-12-07 09:21:25.851"
  },
  "paymentInfo" : {
    "identification" : {
      "endToEndId" : "2231289051334951"
    }
  },
  "status" : {
    "code" : "404",
    "subCode" : "7200",
    "msg" : "Transaction does not exist."
  }
}
2025-12-07 15:21:26 [WRN] Western Union status update FAILED for EndToEndId=2231289051334951. Unexpected subCode=7200 and code=404
2025-12-07 15:21:27 [INF] Sending CANCEL notification to WesternUnionUAT for EndToEndId=2305284391155202 with code=4024
2025-12-07 15:21:28 [INF] WU response OK for EndToEndId=2305284391155202. StatusCode=200, Body={
  "header" : {
    "msgId" : "2305284391155202",
    "creationDateTime" : "2025-12-07 09:21:27.788"
  },
  "paymentInfo" : {
    "identification" : {
      "endToEndId" : "2305284391155202"
    }
  },
  "status" : {
    "code" : "200",
    "subCode" : "0000",
    "msg" : "State is changed successfully"
  }
}
2025-12-07 15:21:28 [INF] Western Union status update SUCCESS for EndToEndId=2305284391155202 with subCode=0000 and code=200
2025-12-07 15:21:29 [INF] Sending CANCEL notification to WesternUnionUAT for EndToEndId=2305586990205069 with code=4024
2025-12-07 15:21:30 [INF] WU response OK for EndToEndId=2305586990205069. StatusCode=200, Body={
  "header" : {
    "msgId" : "2305586990205069",
    "creationDateTime" : "2025-12-07 09:21:29.830"
  },
  "paymentInfo" : {
    "identification" : {
      "endToEndId" : "2305586990205069"
    }
  },
  "status" : {
    "code" : "200",
    "subCode" : "0000",
    "msg" : "State is changed successfully"
  }
}
2025-12-07 15:21:30 [INF] Western Union status update SUCCESS for EndToEndId=2305586990205069 with subCode=0000 and code=200
2025-12-07 15:21:31 [INF] Sending PAID notification to WesternUnionUAT for EndToEndId=2334184040728559 with code=4030
2025-12-07 15:21:32 [INF] WU response OK for EndToEndId=2334184040728559. StatusCode=200, Body={
  "header" : {
    "msgId" : "2334184040728559",
    "creationDateTime" : "2025-12-07 09:21:31.965"
  },
  "paymentInfo" : {
    "identification" : {
      "endToEndId" : "2334184040728559"
    }
  },
  "status" : {
    "code" : "404",
    "subCode" : "7200",
    "msg" : "Transaction does not exist."
  }
}
2025-12-07 15:21:32 [WRN] Western Union status update FAILED for EndToEndId=2334184040728559. Unexpected subCode=7200 and code=404
2025-12-07 15:21:33 [INF] Sending PAID notification to WesternUnionUAT for EndToEndId=2334186940178686 with code=4030
2025-12-07 15:21:34 [INF] WU response OK for EndToEndId=2334186940178686. StatusCode=200, Body={
  "header" : {
    "msgId" : "2334186940178686",
    "creationDateTime" : "2025-12-07 09:21:33.880"
  },
  "paymentInfo" : {
    "identification" : {
      "endToEndId" : "2334186940178686"
    }
  },
  "status" : {
    "code" : "404",
    "subCode" : "7200",
    "msg" : "Transaction does not exist."
  }
}
2025-12-07 15:21:34 [WRN] Western Union status update FAILED for EndToEndId=2334186940178686. Unexpected subCode=7200 and code=404
2025-12-07 15:21:35 [INF] Sending PAID notification to WesternUnionUAT for EndToEndId=2334187339242397 with code=4030
2025-12-07 15:21:36 [INF] WU response OK for EndToEndId=2334187339242397. StatusCode=200, Body={
  "header" : {
    "msgId" : "2334187339242397",
    "creationDateTime" : "2025-12-07 09:21:35.795"
  },
  "paymentInfo" : {
    "identification" : {
      "endToEndId" : "2334187339242397"
    }
  },
  "status" : {
    "code" : "404",
    "subCode" : "7200",
    "msg" : "Transaction does not exist."
  }
}
2025-12-07 15:21:36 [WRN] Western Union status update FAILED for EndToEndId=2334187339242397. Unexpected subCode=7200 and code=404
2025-12-07 15:21:37 [INF] Sending PAID notification to WesternUnionUAT for EndToEndId=2334188245095223 with code=4030
2025-12-07 15:21:38 [INF] WU response OK for EndToEndId=2334188245095223. StatusCode=200, Body={
  "header" : {
    "msgId" : "2334188245095223",
    "creationDateTime" : "2025-12-07 09:21:37.726"
  },
  "paymentInfo" : {
    "identification" : {
      "endToEndId" : "2334188245095223"
    }
  },
  "status" : {
    "code" : "404",
    "subCode" : "7200",
    "msg" : "Transaction does not exist."
  }
}
2025-12-07 15:21:38 [WRN] Western Union status update FAILED for EndToEndId=2334188245095223. Unexpected subCode=7200 and code=404
2025-12-07 15:21:39 [INF] Sending PAID notification to WesternUnionUAT for EndToEndId=2410682753149512 with code=4030
2025-12-07 15:21:40 [INF] WU response OK for EndToEndId=2410682753149512. StatusCode=200, Body={
  "header" : {
    "msgId" : "2410682753149512",
    "creationDateTime" : "2025-12-07 09:21:39.931"
  },
  "paymentInfo" : {
    "identification" : {
      "endToEndId" : "2410682753149512"
    }
  },
  "status" : {
    "code" : "200",
    "subCode" : "0000",
    "msg" : "State is changed successfully"
  }
}
2025-12-07 15:21:40 [INF] Western Union status update SUCCESS for EndToEndId=2410682753149512 with subCode=0000 and code=200
2025-12-07 15:21:42 [INF] Sending PAID notification to WesternUnionUAT for EndToEndId=2410685610728330 with code=4030
2025-12-07 15:21:42 [INF] WU response OK for EndToEndId=2410685610728330. StatusCode=200, Body={
  "header" : {
    "msgId" : "2410685610728330",
    "creationDateTime" : "2025-12-07 09:21:42.017"
  },
  "paymentInfo" : {
    "identification" : {
      "endToEndId" : "2410685610728330"
    }
  },
  "status" : {
    "code" : "200",
    "subCode" : "0000",
    "msg" : "State is changed successfully"
  }
}
2025-12-07 15:21:42 [INF] Western Union status update SUCCESS for EndToEndId=2410685610728330 with subCode=0000 and code=200
2025-12-07 15:21:44 [INF] Sending PAID notification to WesternUnionUAT for EndToEndId=2410689111046871 with code=4030
2025-12-07 15:21:44 [INF] WU response OK for EndToEndId=2410689111046871. StatusCode=200, Body={
  "header" : {
    "msgId" : "2410689111046871",
    "creationDateTime" : "2025-12-07 09:21:44.065"
  },
  "paymentInfo" : {
    "identification" : {
      "endToEndId" : "2410689111046871"
    }
  },
  "status" : {
    "code" : "200",
    "subCode" : "0000",
    "msg" : "State is changed successfully"
  }
}
2025-12-07 15:21:44 [INF] Western Union status update SUCCESS for EndToEndId=2410689111046871 with subCode=0000 and code=200
2025-12-07 15:22:36 [INF] Sending CANCEL notification to WesternUnionUAT for EndToEndId=2228083818368660 with code=4024
2025-12-07 15:22:37 [INF] WU response OK for EndToEndId=2228083818368660. StatusCode=200, Body={
  "header" : {
    "msgId" : "2228083818368660",
    "creationDateTime" : "2025-12-07 09:22:36.171"
  },
  "paymentInfo" : {
    "identification" : {
      "endToEndId" : "2228083818368660"
    }
  },
  "status" : {
    "code" : "404",
    "subCode" : "7200",
    "msg" : "Transaction does not exist."
  }
}
2025-12-07 15:22:37 [WRN] Western Union status update FAILED for EndToEndId=2228083818368660. Unexpected subCode=7200 and code=404
2025-12-07 15:22:38 [INF] Sending CANCEL notification to WesternUnionUAT for EndToEndId=2228084322867817 with code=4024
2025-12-07 15:22:39 [INF] WU response OK for EndToEndId=2228084322867817. StatusCode=200, Body={
  "header" : {
    "msgId" : "2228084322867817",
    "creationDateTime" : "2025-12-07 09:22:38.697"
  },
  "paymentInfo" : {
    "identification" : {
      "endToEndId" : "2228084322867817"
    }
  },
  "status" : {
    "code" : "404",
    "subCode" : "7200",
    "msg" : "Transaction does not exist."
  }
}
2025-12-07 15:22:39 [WRN] Western Union status update FAILED for EndToEndId=2228084322867817. Unexpected subCode=7200 and code=404
2025-12-07 15:22:40 [INF] Sending CANCEL notification to WesternUnionUAT for EndToEndId=2228480892049530 with code=4024
2025-12-07 15:22:40 [INF] WU response OK for EndToEndId=2228480892049530. StatusCode=200, Body={
  "header" : {
    "msgId" : "2228480892049530",
    "creationDateTime" : "2025-12-07 09:22:40.627"
  },
  "paymentInfo" : {
    "identification" : {
      "endToEndId" : "2228480892049530"
    }
  },
  "status" : {
    "code" : "404",
    "subCode" : "7200",
    "msg" : "Transaction does not exist."
  }
}
2025-12-07 15:22:40 [WRN] Western Union status update FAILED for EndToEndId=2228480892049530. Unexpected subCode=7200 and code=404
2025-12-07 15:22:42 [INF] Sending CANCEL notification to WesternUnionUAT for EndToEndId=2228485770766160 with code=4024
2025-12-07 15:22:42 [INF] WU response OK for EndToEndId=2228485770766160. StatusCode=200, Body={
  "header" : {
    "msgId" : "2228485770766160",
    "creationDateTime" : "2025-12-07 09:22:42.576"
  },
  "paymentInfo" : {
    "identification" : {
      "endToEndId" : "2228485770766160"
    }
  },
  "status" : {
    "code" : "404",
    "subCode" : "7200",
    "msg" : "Transaction does not exist."
  }
}
2025-12-07 15:22:42 [WRN] Western Union status update FAILED for EndToEndId=2228485770766160. Unexpected subCode=7200 and code=404
2025-12-07 15:22:44 [INF] Sending CANCEL notification to WesternUnionUAT for EndToEndId=2228489720707017 with code=4024
2025-12-07 15:22:44 [INF] WU response OK for EndToEndId=2228489720707017. StatusCode=200, Body={
  "header" : {
    "msgId" : "2228489720707017",
    "creationDateTime" : "2025-12-07 09:22:44.502"
  },
  "paymentInfo" : {
    "identification" : {
      "endToEndId" : "2228489720707017"
    }
  },
  "status" : {
    "code" : "404",
    "subCode" : "7200",
    "msg" : "Transaction does not exist."
  }
}
2025-12-07 15:22:44 [WRN] Western Union status update FAILED for EndToEndId=2228489720707017. Unexpected subCode=7200 and code=404
2025-12-07 15:22:46 [INF] Sending CANCEL notification to WesternUnionUAT for EndToEndId=2228680982055570 with code=4024
2025-12-07 15:22:46 [INF] WU response OK for EndToEndId=2228680982055570. StatusCode=200, Body={
  "header" : {
    "msgId" : "2228680982055570",
    "creationDateTime" : "2025-12-07 09:22:46.443"
  },
  "paymentInfo" : {
    "identification" : {
      "endToEndId" : "2228680982055570"
    }
  },
  "status" : {
    "code" : "404",
    "subCode" : "7200",
    "msg" : "Transaction does not exist."
  }
}
2025-12-07 15:22:46 [WRN] Western Union status update FAILED for EndToEndId=2228680982055570. Unexpected subCode=7200 and code=404
2025-12-07 15:22:48 [INF] Sending CANCEL notification to WesternUnionUAT for EndToEndId=2228682621874171 with code=4024
2025-12-07 15:22:48 [INF] WU response OK for EndToEndId=2228682621874171. StatusCode=200, Body={
  "header" : {
    "msgId" : "2228682621874171",
    "creationDateTime" : "2025-12-07 09:22:48.369"
  },
  "paymentInfo" : {
    "identification" : {
      "endToEndId" : "2228682621874171"
    }
  },
  "status" : {
    "code" : "200",
    "subCode" : "0000",
    "msg" : "State is changed successfully"
  }
}
2025-12-07 15:22:48 [INF] Western Union status update SUCCESS for EndToEndId=2228682621874171 with subCode=0000 and code=200
2025-12-07 15:22:50 [INF] Sending CANCEL notification to WesternUnionUAT for EndToEndId=2228682921289164 with code=4024
2025-12-07 15:22:50 [INF] WU response OK for EndToEndId=2228682921289164. StatusCode=200, Body={
  "header" : {
    "msgId" : "2228682921289164",
    "creationDateTime" : "2025-12-07 09:22:50.409"
  },
  "paymentInfo" : {
    "identification" : {
      "endToEndId" : "2228682921289164"
    }
  },
  "status" : {
    "code" : "404",
    "subCode" : "7200",
    "msg" : "Transaction does not exist."
  }
}
2025-12-07 15:22:50 [WRN] Western Union status update FAILED for EndToEndId=2228682921289164. Unexpected subCode=7200 and code=404
2025-12-07 15:22:52 [INF] Sending CANCEL notification to WesternUnionUAT for EndToEndId=2228684241743904 with code=4024
2025-12-07 15:22:52 [INF] WU response OK for EndToEndId=2228684241743904. StatusCode=200, Body={
  "header" : {
    "msgId" : "2228684241743904",
    "creationDateTime" : "2025-12-07 09:22:52.322"
  },
  "paymentInfo" : {
    "identification" : {
      "endToEndId" : "2228684241743904"
    }
  },
  "status" : {
    "code" : "500",
    "subCode" : "1510",
    "msg" : "Invalid payment state transition"
  }
}
2025-12-07 15:22:52 [WRN] Western Union status update FAILED for EndToEndId=2228684241743904. Unexpected subCode=1510 and code=500
2025-12-07 15:22:54 [INF] Sending CANCEL notification to WesternUnionUAT for EndToEndId=2228689290367575 with code=4024
2025-12-07 15:22:54 [INF] WU response OK for EndToEndId=2228689290367575. StatusCode=200, Body={
  "header" : {
    "msgId" : "2228689290367575",
    "creationDateTime" : "2025-12-07 09:22:54.324"
  },
  "paymentInfo" : {
    "identification" : {
      "endToEndId" : "2228689290367575"
    }
  },
  "status" : {
    "code" : "200",
    "subCode" : "0000",
    "msg" : "State is changed successfully"
  }
}
2025-12-07 15:22:54 [INF] Western Union status update SUCCESS for EndToEndId=2228689290367575 with subCode=0000 and code=200
2025-12-07 15:22:56 [INF] Sending CANCEL notification to WesternUnionUAT for EndToEndId=2231289051334951 with code=4024
2025-12-07 15:22:56 [INF] WU response OK for EndToEndId=2231289051334951. StatusCode=200, Body={
  "header" : {
    "msgId" : "2231289051334951",
    "creationDateTime" : "2025-12-07 09:22:56.382"
  },
  "paymentInfo" : {
    "identification" : {
      "endToEndId" : "2231289051334951"
    }
  },
  "status" : {
    "code" : "404",
    "subCode" : "7200",
    "msg" : "Transaction does not exist."
  }
}
2025-12-07 15:22:56 [WRN] Western Union status update FAILED for EndToEndId=2231289051334951. Unexpected subCode=7200 and code=404
2025-12-07 15:22:58 [INF] Sending CANCEL notification to WesternUnionUAT for EndToEndId=2305284391155202 with code=4024
2025-12-07 15:22:58 [INF] WU response OK for EndToEndId=2305284391155202. StatusCode=200, Body={
  "header" : {
    "msgId" : "2305284391155202",
    "creationDateTime" : "2025-12-07 09:22:58.298"
  },
  "paymentInfo" : {
    "identification" : {
      "endToEndId" : "2305284391155202"
    }
  },
  "status" : {
    "code" : "200",
    "subCode" : "0000",
    "msg" : "State is changed successfully"
  }
}
2025-12-07 15:22:58 [INF] Western Union status update SUCCESS for EndToEndId=2305284391155202 with subCode=0000 and code=200
2025-12-07 15:23:00 [INF] Sending CANCEL notification to WesternUnionUAT for EndToEndId=2305586990205069 with code=4024
2025-12-07 15:23:00 [INF] WU response OK for EndToEndId=2305586990205069. StatusCode=200, Body={
  "header" : {
    "msgId" : "2305586990205069",
    "creationDateTime" : "2025-12-07 09:23:00.326"
  },
  "paymentInfo" : {
    "identification" : {
      "endToEndId" : "2305586990205069"
    }
  },
  "status" : {
    "code" : "200",
    "subCode" : "0000",
    "msg" : "State is changed successfully"
  }
}
2025-12-07 15:23:00 [INF] Western Union status update SUCCESS for EndToEndId=2305586990205069 with subCode=0000 and code=200
2025-12-07 15:23:02 [INF] Sending PAID notification to WesternUnionUAT for EndToEndId=2334184040728559 with code=4030
2025-12-07 15:23:02 [INF] WU response OK for EndToEndId=2334184040728559. StatusCode=200, Body={
  "header" : {
    "msgId" : "2334184040728559",
    "creationDateTime" : "2025-12-07 09:23:02.364"
  },
  "paymentInfo" : {
    "identification" : {
      "endToEndId" : "2334184040728559"
    }
  },
  "status" : {
    "code" : "404",
    "subCode" : "7200",
    "msg" : "Transaction does not exist."
  }
}
2025-12-07 15:23:02 [WRN] Western Union status update FAILED for EndToEndId=2334184040728559. Unexpected subCode=7200 and code=404
2025-12-07 15:23:04 [INF] Sending PAID notification to WesternUnionUAT for EndToEndId=2334186940178686 with code=4030
2025-12-07 15:23:04 [INF] WU response OK for EndToEndId=2334186940178686. StatusCode=200, Body={
  "header" : {
    "msgId" : "2334186940178686",
    "creationDateTime" : "2025-12-07 09:23:04.280"
  },
  "paymentInfo" : {
    "identification" : {
      "endToEndId" : "2334186940178686"
    }
  },
  "status" : {
    "code" : "404",
    "subCode" : "7200",
    "msg" : "Transaction does not exist."
  }
}
2025-12-07 15:23:04 [WRN] Western Union status update FAILED for EndToEndId=2334186940178686. Unexpected subCode=7200 and code=404
2025-12-07 15:23:06 [INF] Sending PAID notification to WesternUnionUAT for EndToEndId=2334187339242397 with code=4030
2025-12-07 15:23:06 [INF] WU response OK for EndToEndId=2334187339242397. StatusCode=200, Body={
  "header" : {
    "msgId" : "2334187339242397",
    "creationDateTime" : "2025-12-07 09:23:06.225"
  },
  "paymentInfo" : {
    "identification" : {
      "endToEndId" : "2334187339242397"
    }
  },
  "status" : {
    "code" : "404",
    "subCode" : "7200",
    "msg" : "Transaction does not exist."
  }
}
2025-12-07 15:23:06 [WRN] Western Union status update FAILED for EndToEndId=2334187339242397. Unexpected subCode=7200 and code=404
2025-12-07 15:23:08 [INF] Sending PAID notification to WesternUnionUAT for EndToEndId=2334188245095223 with code=4030
2025-12-07 15:23:08 [INF] WU response OK for EndToEndId=2334188245095223. StatusCode=200, Body={
  "header" : {
    "msgId" : "2334188245095223",
    "creationDateTime" : "2025-12-07 09:23:08.149"
  },
  "paymentInfo" : {
    "identification" : {
      "endToEndId" : "2334188245095223"
    }
  },
  "status" : {
    "code" : "404",
    "subCode" : "7200",
    "msg" : "Transaction does not exist."
  }
}
2025-12-07 15:23:08 [WRN] Western Union status update FAILED for EndToEndId=2334188245095223. Unexpected subCode=7200 and code=404
2025-12-07 15:23:10 [INF] Sending PAID notification to WesternUnionUAT for EndToEndId=2410682753149512 with code=4030
2025-12-07 15:23:10 [INF] WU response OK for EndToEndId=2410682753149512. StatusCode=200, Body={
  "header" : {
    "msgId" : "2410682753149512",
    "creationDateTime" : "2025-12-07 09:23:10.084"
  },
  "paymentInfo" : {
    "identification" : {
      "endToEndId" : "2410682753149512"
    }
  },
  "status" : {
    "code" : "200",
    "subCode" : "0000",
    "msg" : "State is changed successfully"
  }
}
2025-12-07 15:23:10 [INF] Western Union status update SUCCESS for EndToEndId=2410682753149512 with subCode=0000 and code=200
2025-12-07 15:23:12 [INF] Sending PAID notification to WesternUnionUAT for EndToEndId=2410685610728330 with code=4030
2025-12-07 15:23:12 [INF] WU response OK for EndToEndId=2410685610728330. StatusCode=200, Body={
  "header" : {
    "msgId" : "2410685610728330",
    "creationDateTime" : "2025-12-07 09:23:12.131"
  },
  "paymentInfo" : {
    "identification" : {
      "endToEndId" : "2410685610728330"
    }
  },
  "status" : {
    "code" : "200",
    "subCode" : "0000",
    "msg" : "State is changed successfully"
  }
}
2025-12-07 15:23:12 [INF] Western Union status update SUCCESS for EndToEndId=2410685610728330 with subCode=0000 and code=200
2025-12-07 15:23:14 [INF] Sending PAID notification to WesternUnionUAT for EndToEndId=2410689111046871 with code=4030
2025-12-07 15:23:14 [INF] WU response OK for EndToEndId=2410689111046871. StatusCode=200, Body={
  "header" : {
    "msgId" : "2410689111046871",
    "creationDateTime" : "2025-12-07 09:23:14.180"
  },
  "paymentInfo" : {
    "identification" : {
      "endToEndId" : "2410689111046871"
    }
  },
  "status" : {
    "code" : "200",
    "subCode" : "0000",
    "msg" : "State is changed successfully"
  }
}
2025-12-07 15:23:14 [INF] Western Union status update SUCCESS for EndToEndId=2410689111046871 with subCode=0000 and code=200
2025-12-07 15:24:06 [INF] Sending CANCEL notification to WesternUnionUAT for EndToEndId=2228083818368660 with code=4024
2025-12-07 15:24:06 [INF] WU response OK for EndToEndId=2228083818368660. StatusCode=200, Body={
  "header" : {
    "msgId" : "2228083818368660",
    "creationDateTime" : "2025-12-07 09:24:06.286"
  },
  "paymentInfo" : {
    "identification" : {
      "endToEndId" : "2228083818368660"
    }
  },
  "status" : {
    "code" : "404",
    "subCode" : "7200",
    "msg" : "Transaction does not exist."
  }
}
2025-12-07 15:24:06 [WRN] Western Union status update FAILED for EndToEndId=2228083818368660. Unexpected subCode=7200 and code=404
2025-12-07 15:24:08 [INF] Sending CANCEL notification to WesternUnionUAT for EndToEndId=2228084322867817 with code=4024
2025-12-07 15:24:08 [INF] WU response OK for EndToEndId=2228084322867817. StatusCode=200, Body={
  "header" : {
    "msgId" : "2228084322867817",
    "creationDateTime" : "2025-12-07 09:24:08.469"
  },
  "paymentInfo" : {
    "identification" : {
      "endToEndId" : "2228084322867817"
    }
  },
  "status" : {
    "code" : "404",
    "subCode" : "7200",
    "msg" : "Transaction does not exist."
  }
}
2025-12-07 15:24:08 [WRN] Western Union status update FAILED for EndToEndId=2228084322867817. Unexpected subCode=7200 and code=404
2025-12-07 15:24:10 [INF] Sending CANCEL notification to WesternUnionUAT for EndToEndId=2228480892049530 with code=4024
2025-12-07 15:24:10 [INF] WU response OK for EndToEndId=2228480892049530. StatusCode=200, Body={
  "header" : {
    "msgId" : "2228480892049530",
    "creationDateTime" : "2025-12-07 09:24:10.412"
  },
  "paymentInfo" : {
    "identification" : {
      "endToEndId" : "2228480892049530"
    }
  },
  "status" : {
    "code" : "404",
    "subCode" : "7200",
    "msg" : "Transaction does not exist."
  }
}
2025-12-07 15:24:10 [WRN] Western Union status update FAILED for EndToEndId=2228480892049530. Unexpected subCode=7200 and code=404
2025-12-07 15:24:12 [INF] Sending CANCEL notification to WesternUnionUAT for EndToEndId=2228485770766160 with code=4024
2025-12-07 15:24:12 [INF] WU response OK for EndToEndId=2228485770766160. StatusCode=200, Body={
  "header" : {
    "msgId" : "2228485770766160",
    "creationDateTime" : "2025-12-07 09:24:12.331"
  },
  "paymentInfo" : {
    "identification" : {
      "endToEndId" : "2228485770766160"
    }
  },
  "status" : {
    "code" : "404",
    "subCode" : "7200",
    "msg" : "Transaction does not exist."
  }
}
2025-12-07 15:24:12 [WRN] Western Union status update FAILED for EndToEndId=2228485770766160. Unexpected subCode=7200 and code=404
2025-12-07 15:24:14 [INF] Sending CANCEL notification to WesternUnionUAT for EndToEndId=2228489720707017 with code=4024
2025-12-07 15:24:14 [INF] WU response OK for EndToEndId=2228489720707017. StatusCode=200, Body={
  "header" : {
    "msgId" : "2228489720707017",
    "creationDateTime" : "2025-12-07 09:24:14.247"
  },
  "paymentInfo" : {
    "identification" : {
      "endToEndId" : "2228489720707017"
    }
  },
  "status" : {
    "code" : "404",
    "subCode" : "7200",
    "msg" : "Transaction does not exist."
  }
}
2025-12-07 15:24:14 [WRN] Western Union status update FAILED for EndToEndId=2228489720707017. Unexpected subCode=7200 and code=404
2025-12-07 15:24:16 [INF] Sending CANCEL notification to WesternUnionUAT for EndToEndId=2228680982055570 with code=4024
2025-12-07 15:24:16 [INF] WU response OK for EndToEndId=2228680982055570. StatusCode=200, Body={
  "header" : {
    "msgId" : "2228680982055570",
    "creationDateTime" : "2025-12-07 09:24:16.162"
  },
  "paymentInfo" : {
    "identification" : {
      "endToEndId" : "2228680982055570"
    }
  },
  "status" : {
    "code" : "404",
    "subCode" : "7200",
    "msg" : "Transaction does not exist."
  }
}
2025-12-07 15:24:16 [WRN] Western Union status update FAILED for EndToEndId=2228680982055570. Unexpected subCode=7200 and code=404
2025-12-07 15:24:18 [INF] Sending CANCEL notification to WesternUnionUAT for EndToEndId=2228682621874171 with code=4024
2025-12-07 15:24:18 [INF] WU response OK for EndToEndId=2228682621874171. StatusCode=200, Body={
  "header" : {
    "msgId" : "2228682621874171",
    "creationDateTime" : "2025-12-07 09:24:18.077"
  },
  "paymentInfo" : {
    "identification" : {
      "endToEndId" : "2228682621874171"
    }
  },
  "status" : {
    "code" : "200",
    "subCode" : "0000",
    "msg" : "State is changed successfully"
  }
}
2025-12-07 15:24:18 [INF] Western Union status update SUCCESS for EndToEndId=2228682621874171 with subCode=0000 and code=200
2025-12-07 15:24:20 [INF] Sending CANCEL notification to WesternUnionUAT for EndToEndId=2228682921289164 with code=4024
2025-12-07 15:24:20 [INF] WU response OK for EndToEndId=2228682921289164. StatusCode=200, Body={
  "header" : {
    "msgId" : "2228682921289164",
    "creationDateTime" : "2025-12-07 09:24:20.100"
  },
  "paymentInfo" : {
    "identification" : {
      "endToEndId" : "2228682921289164"
    }
  },
  "status" : {
    "code" : "404",
    "subCode" : "7200",
    "msg" : "Transaction does not exist."
  }
}
2025-12-07 15:24:20 [WRN] Western Union status update FAILED for EndToEndId=2228682921289164. Unexpected subCode=7200 and code=404
2025-12-07 15:24:22 [INF] Sending CANCEL notification to WesternUnionUAT for EndToEndId=2228684241743904 with code=4024
2025-12-07 15:24:22 [INF] WU response OK for EndToEndId=2228684241743904. StatusCode=200, Body={
  "header" : {
    "msgId" : "2228684241743904",
    "creationDateTime" : "2025-12-07 09:24:22.024"
  },
  "paymentInfo" : {
    "identification" : {
      "endToEndId" : "2228684241743904"
    }
  },
  "status" : {
    "code" : "500",
    "subCode" : "1510",
    "msg" : "Invalid payment state transition"
  }
}
2025-12-07 15:24:22 [WRN] Western Union status update FAILED for EndToEndId=2228684241743904. Unexpected subCode=1510 and code=500
2025-12-07 15:24:23 [INF] Sending CANCEL notification to WesternUnionUAT for EndToEndId=2228689290367575 with code=4024
2025-12-07 15:24:24 [INF] WU response OK for EndToEndId=2228689290367575. StatusCode=200, Body={
  "header" : {
    "msgId" : "2228689290367575",
    "creationDateTime" : "2025-12-07 09:24:23.994"
  },
  "paymentInfo" : {
    "identification" : {
      "endToEndId" : "2228689290367575"
    }
  },
  "status" : {
    "code" : "200",
    "subCode" : "0000",
    "msg" : "State is changed successfully"
  }
}
2025-12-07 15:24:24 [INF] Western Union status update SUCCESS for EndToEndId=2228689290367575 with subCode=0000 and code=200
2025-12-07 15:24:26 [INF] Sending CANCEL notification to WesternUnionUAT for EndToEndId=2231289051334951 with code=4024
2025-12-07 15:24:26 [INF] WU response OK for EndToEndId=2231289051334951. StatusCode=200, Body={
  "header" : {
    "msgId" : "2231289051334951",
    "creationDateTime" : "2025-12-07 09:24:26.059"
  },
  "paymentInfo" : {
    "identification" : {
      "endToEndId" : "2231289051334951"
    }
  },
  "status" : {
    "code" : "404",
    "subCode" : "7200",
    "msg" : "Transaction does not exist."
  }
}
2025-12-07 15:24:26 [WRN] Western Union status update FAILED for EndToEndId=2231289051334951. Unexpected subCode=7200 and code=404
2025-12-07 15:24:27 [INF] Sending CANCEL notification to WesternUnionUAT for EndToEndId=2305284391155202 with code=4024
2025-12-07 15:24:28 [INF] WU response OK for EndToEndId=2305284391155202. StatusCode=200, Body={
  "header" : {
    "msgId" : "2305284391155202",
    "creationDateTime" : "2025-12-07 09:24:27.981"
  },
  "paymentInfo" : {
    "identification" : {
      "endToEndId" : "2305284391155202"
    }
  },
  "status" : {
    "code" : "200",
    "subCode" : "0000",
    "msg" : "State is changed successfully"
  }
}
2025-12-07 15:24:28 [INF] Western Union status update SUCCESS for EndToEndId=2305284391155202 with subCode=0000 and code=200
2025-12-07 15:24:30 [INF] Sending CANCEL notification to WesternUnionUAT for EndToEndId=2305586990205069 with code=4024
2025-12-07 15:24:30 [INF] WU response OK for EndToEndId=2305586990205069. StatusCode=200, Body={
  "header" : {
    "msgId" : "2305586990205069",
    "creationDateTime" : "2025-12-07 09:24:30.029"
  },
  "paymentInfo" : {
    "identification" : {
      "endToEndId" : "2305586990205069"
    }
  },
  "status" : {
    "code" : "200",
    "subCode" : "0000",
    "msg" : "State is changed successfully"
  }
}
2025-12-07 15:24:30 [INF] Western Union status update SUCCESS for EndToEndId=2305586990205069 with subCode=0000 and code=200
2025-12-07 15:24:32 [INF] Sending PAID notification to WesternUnionUAT for EndToEndId=2334184040728559 with code=4030
2025-12-07 15:24:32 [INF] WU response OK for EndToEndId=2334184040728559. StatusCode=200, Body={
  "header" : {
    "msgId" : "2334184040728559",
    "creationDateTime" : "2025-12-07 09:24:32.065"
  },
  "paymentInfo" : {
    "identification" : {
      "endToEndId" : "2334184040728559"
    }
  },
  "status" : {
    "code" : "404",
    "subCode" : "7200",
    "msg" : "Transaction does not exist."
  }
}
2025-12-07 15:24:32 [WRN] Western Union status update FAILED for EndToEndId=2334184040728559. Unexpected subCode=7200 and code=404
2025-12-07 15:24:34 [INF] Sending PAID notification to WesternUnionUAT for EndToEndId=2334186940178686 with code=4030
2025-12-07 15:24:34 [INF] WU response OK for EndToEndId=2334186940178686. StatusCode=200, Body={
  "header" : {
    "msgId" : "2334186940178686",
    "creationDateTime" : "2025-12-07 09:24:34.002"
  },
  "paymentInfo" : {
    "identification" : {
      "endToEndId" : "2334186940178686"
    }
  },
  "status" : {
    "code" : "404",
    "subCode" : "7200",
    "msg" : "Transaction does not exist."
  }
}
2025-12-07 15:24:34 [WRN] Western Union status update FAILED for EndToEndId=2334186940178686. Unexpected subCode=7200 and code=404
2025-12-07 15:24:35 [INF] Sending PAID notification to WesternUnionUAT for EndToEndId=2334187339242397 with code=4030
2025-12-07 15:24:36 [INF] WU response OK for EndToEndId=2334187339242397. StatusCode=200, Body={
  "header" : {
    "msgId" : "2334187339242397",
    "creationDateTime" : "2025-12-07 09:24:35.919"
  },
  "paymentInfo" : {
    "identification" : {
      "endToEndId" : "2334187339242397"
    }
  },
  "status" : {
    "code" : "404",
    "subCode" : "7200",
    "msg" : "Transaction does not exist."
  }
}
2025-12-07 15:24:36 [WRN] Western Union status update FAILED for EndToEndId=2334187339242397. Unexpected subCode=7200 and code=404
2025-12-07 15:24:37 [INF] Sending PAID notification to WesternUnionUAT for EndToEndId=2334188245095223 with code=4030
2025-12-07 15:24:38 [INF] WU response OK for EndToEndId=2334188245095223. StatusCode=200, Body={
  "header" : {
    "msgId" : "2334188245095223",
    "creationDateTime" : "2025-12-07 09:24:37.842"
  },
  "paymentInfo" : {
    "identification" : {
      "endToEndId" : "2334188245095223"
    }
  },
  "status" : {
    "code" : "404",
    "subCode" : "7200",
    "msg" : "Transaction does not exist."
  }
}
2025-12-07 15:24:38 [WRN] Western Union status update FAILED for EndToEndId=2334188245095223. Unexpected subCode=7200 and code=404
2025-12-07 15:24:39 [INF] Sending PAID notification to WesternUnionUAT for EndToEndId=2410682753149512 with code=4030
2025-12-07 15:24:40 [INF] WU response OK for EndToEndId=2410682753149512. StatusCode=200, Body={
  "header" : {
    "msgId" : "2410682753149512",
    "creationDateTime" : "2025-12-07 09:24:39.764"
  },
  "paymentInfo" : {
    "identification" : {
      "endToEndId" : "2410682753149512"
    }
  },
  "status" : {
    "code" : "200",
    "subCode" : "0000",
    "msg" : "State is changed successfully"
  }
}
2025-12-07 15:24:40 [INF] Western Union status update SUCCESS for EndToEndId=2410682753149512 with subCode=0000 and code=200
2025-12-07 15:24:41 [INF] Sending PAID notification to WesternUnionUAT for EndToEndId=2410685610728330 with code=4030
2025-12-07 15:24:42 [INF] WU response OK for EndToEndId=2410685610728330. StatusCode=200, Body={
  "header" : {
    "msgId" : "2410685610728330",
    "creationDateTime" : "2025-12-07 09:24:41.811"
  },
  "paymentInfo" : {
    "identification" : {
      "endToEndId" : "2410685610728330"
    }
  },
  "status" : {
    "code" : "200",
    "subCode" : "0000",
    "msg" : "State is changed successfully"
  }
}
2025-12-07 15:24:42 [INF] Western Union status update SUCCESS for EndToEndId=2410685610728330 with subCode=0000 and code=200
2025-12-07 15:24:43 [INF] Sending PAID notification to WesternUnionUAT for EndToEndId=2410689111046871 with code=4030
2025-12-07 15:24:44 [INF] WU response OK for EndToEndId=2410689111046871. StatusCode=200, Body={
  "header" : {
    "msgId" : "2410689111046871",
    "creationDateTime" : "2025-12-07 09:24:43.856"
  },
  "paymentInfo" : {
    "identification" : {
      "endToEndId" : "2410689111046871"
    }
  },
  "status" : {
    "code" : "200",
    "subCode" : "0000",
    "msg" : "State is changed successfully"
  }
}
2025-12-07 15:24:44 [INF] Western Union status update SUCCESS for EndToEndId=2410689111046871 with subCode=0000 and code=200
2025-12-07 15:25:36 [INF] Sending CANCEL notification to WesternUnionUAT for EndToEndId=2228083818368660 with code=4024
2025-12-07 15:25:36 [INF] WU response OK for EndToEndId=2228083818368660. StatusCode=200, Body={
  "header" : {
    "msgId" : "2228083818368660",
    "creationDateTime" : "2025-12-07 09:25:35.994"
  },
  "paymentInfo" : {
    "identification" : {
      "endToEndId" : "2228083818368660"
    }
  },
  "status" : {
    "code" : "404",
    "subCode" : "7200",
    "msg" : "Transaction does not exist."
  }
}
2025-12-07 15:25:36 [WRN] Western Union status update FAILED for EndToEndId=2228083818368660. Unexpected subCode=7200 and code=404
2025-12-07 15:25:38 [INF] Sending CANCEL notification to WesternUnionUAT for EndToEndId=2228084322867817 with code=4024
2025-12-07 15:25:38 [INF] WU response OK for EndToEndId=2228084322867817. StatusCode=200, Body={
  "header" : {
    "msgId" : "2228084322867817",
    "creationDateTime" : "2025-12-07 09:25:38.225"
  },
  "paymentInfo" : {
    "identification" : {
      "endToEndId" : "2228084322867817"
    }
  },
  "status" : {
    "code" : "404",
    "subCode" : "7200",
    "msg" : "Transaction does not exist."
  }
}
2025-12-07 15:25:38 [WRN] Western Union status update FAILED for EndToEndId=2228084322867817. Unexpected subCode=7200 and code=404
2025-12-07 15:25:40 [INF] Sending CANCEL notification to WesternUnionUAT for EndToEndId=2228480892049530 with code=4024
2025-12-07 15:25:40 [INF] WU response OK for EndToEndId=2228480892049530. StatusCode=200, Body={
  "header" : {
    "msgId" : "2228480892049530",
    "creationDateTime" : "2025-12-07 09:25:40.150"
  },
  "paymentInfo" : {
    "identification" : {
      "endToEndId" : "2228480892049530"
    }
  },
  "status" : {
    "code" : "404",
    "subCode" : "7200",
    "msg" : "Transaction does not exist."
  }
}
2025-12-07 15:25:40 [WRN] Western Union status update FAILED for EndToEndId=2228480892049530. Unexpected subCode=7200 and code=404
2025-12-07 15:25:42 [INF] Sending CANCEL notification to WesternUnionUAT for EndToEndId=2228485770766160 with code=4024
2025-12-07 15:25:42 [INF] WU response OK for EndToEndId=2228485770766160. StatusCode=200, Body={
  "header" : {
    "msgId" : "2228485770766160",
    "creationDateTime" : "2025-12-07 09:25:42.094"
  },
  "paymentInfo" : {
    "identification" : {
      "endToEndId" : "2228485770766160"
    }
  },
  "status" : {
    "code" : "404",
    "subCode" : "7200",
    "msg" : "Transaction does not exist."
  }
}
2025-12-07 15:25:42 [WRN] Western Union status update FAILED for EndToEndId=2228485770766160. Unexpected subCode=7200 and code=404
2025-12-07 15:25:44 [INF] Sending CANCEL notification to WesternUnionUAT for EndToEndId=2228489720707017 with code=4024
2025-12-07 15:25:44 [INF] WU response OK for EndToEndId=2228489720707017. StatusCode=200, Body={
  "header" : {
    "msgId" : "2228489720707017",
    "creationDateTime" : "2025-12-07 09:25:44.013"
  },
  "paymentInfo" : {
    "identification" : {
      "endToEndId" : "2228489720707017"
    }
  },
  "status" : {
    "code" : "404",
    "subCode" : "7200",
    "msg" : "Transaction does not exist."
  }
}
2025-12-07 15:25:44 [WRN] Western Union status update FAILED for EndToEndId=2228489720707017. Unexpected subCode=7200 and code=404
2025-12-07 15:25:45 [INF] Sending CANCEL notification to WesternUnionUAT for EndToEndId=2228680982055570 with code=4024
2025-12-07 15:25:46 [INF] WU response OK for EndToEndId=2228680982055570. StatusCode=200, Body={
  "header" : {
    "msgId" : "2228680982055570",
    "creationDateTime" : "2025-12-07 09:25:45.928"
  },
  "paymentInfo" : {
    "identification" : {
      "endToEndId" : "2228680982055570"
    }
  },
  "status" : {
    "code" : "404",
    "subCode" : "7200",
    "msg" : "Transaction does not exist."
  }
}
2025-12-07 15:25:46 [WRN] Western Union status update FAILED for EndToEndId=2228680982055570. Unexpected subCode=7200 and code=404
2025-12-07 15:25:47 [INF] Sending CANCEL notification to WesternUnionUAT for EndToEndId=2228682621874171 with code=4024
2025-12-07 15:25:48 [INF] WU response OK for EndToEndId=2228682621874171. StatusCode=200, Body={
  "header" : {
    "msgId" : "2228682621874171",
    "creationDateTime" : "2025-12-07 09:25:47.850"
  },
  "paymentInfo" : {
    "identification" : {
      "endToEndId" : "2228682621874171"
    }
  },
  "status" : {
    "code" : "200",
    "subCode" : "0000",
    "msg" : "State is changed successfully"
  }
}
2025-12-07 15:25:48 [INF] Western Union status update SUCCESS for EndToEndId=2228682621874171 with subCode=0000 and code=200
2025-12-07 15:25:49 [INF] Sending CANCEL notification to WesternUnionUAT for EndToEndId=2228682921289164 with code=4024
2025-12-07 15:25:50 [INF] WU response OK for EndToEndId=2228682921289164. StatusCode=200, Body={
  "header" : {
    "msgId" : "2228682921289164",
    "creationDateTime" : "2025-12-07 09:25:49.885"
  },
  "paymentInfo" : {
    "identification" : {
      "endToEndId" : "2228682921289164"
    }
  },
  "status" : {
    "code" : "404",
    "subCode" : "7200",
    "msg" : "Transaction does not exist."
  }
}
2025-12-07 15:25:50 [WRN] Western Union status update FAILED for EndToEndId=2228682921289164. Unexpected subCode=7200 and code=404
2025-12-07 15:25:51 [INF] Sending CANCEL notification to WesternUnionUAT for EndToEndId=2228684241743904 with code=4024
2025-12-07 15:25:52 [INF] WU response OK for EndToEndId=2228684241743904. StatusCode=200, Body={
  "header" : {
    "msgId" : "2228684241743904",
    "creationDateTime" : "2025-12-07 09:25:51.811"
  },
  "paymentInfo" : {
    "identification" : {
      "endToEndId" : "2228684241743904"
    }
  },
  "status" : {
    "code" : "500",
    "subCode" : "1510",
    "msg" : "Invalid payment state transition"
  }
}
2025-12-07 15:25:52 [WRN] Western Union status update FAILED for EndToEndId=2228684241743904. Unexpected subCode=1510 and code=500
2025-12-07 15:25:53 [INF] Sending CANCEL notification to WesternUnionUAT for EndToEndId=2228689290367575 with code=4024
2025-12-07 15:25:54 [INF] WU response OK for EndToEndId=2228689290367575. StatusCode=200, Body={
  "header" : {
    "msgId" : "2228689290367575",
    "creationDateTime" : "2025-12-07 09:25:53.804"
  },
  "paymentInfo" : {
    "identification" : {
      "endToEndId" : "2228689290367575"
    }
  },
  "status" : {
    "code" : "200",
    "subCode" : "0000",
    "msg" : "State is changed successfully"
  }
}
2025-12-07 15:25:54 [INF] Western Union status update SUCCESS for EndToEndId=2228689290367575 with subCode=0000 and code=200
2025-12-07 15:25:55 [INF] Sending CANCEL notification to WesternUnionUAT for EndToEndId=2231289051334951 with code=4024
2025-12-07 15:25:56 [INF] WU response OK for EndToEndId=2231289051334951. StatusCode=200, Body={
  "header" : {
    "msgId" : "2231289051334951",
    "creationDateTime" : "2025-12-07 09:25:55.854"
  },
  "paymentInfo" : {
    "identification" : {
      "endToEndId" : "2231289051334951"
    }
  },
  "status" : {
    "code" : "404",
    "subCode" : "7200",
    "msg" : "Transaction does not exist."
  }
}
2025-12-07 15:25:56 [WRN] Western Union status update FAILED for EndToEndId=2231289051334951. Unexpected subCode=7200 and code=404
2025-12-07 15:25:57 [INF] Sending CANCEL notification to WesternUnionUAT for EndToEndId=2305284391155202 with code=4024
2025-12-07 15:25:58 [INF] WU response OK for EndToEndId=2305284391155202. StatusCode=200, Body={
  "header" : {
    "msgId" : "2305284391155202",
    "creationDateTime" : "2025-12-07 09:25:57.780"
  },
  "paymentInfo" : {
    "identification" : {
      "endToEndId" : "2305284391155202"
    }
  },
  "status" : {
    "code" : "200",
    "subCode" : "0000",
    "msg" : "State is changed successfully"
  }
}
2025-12-07 15:25:58 [INF] Western Union status update SUCCESS for EndToEndId=2305284391155202 with subCode=0000 and code=200
2025-12-07 15:25:59 [INF] Sending CANCEL notification to WesternUnionUAT for EndToEndId=2305586990205069 with code=4024
2025-12-07 15:26:00 [INF] WU response OK for EndToEndId=2305586990205069. StatusCode=200, Body={
  "header" : {
    "msgId" : "2305586990205069",
    "creationDateTime" : "2025-12-07 09:25:59.815"
  },
  "paymentInfo" : {
    "identification" : {
      "endToEndId" : "2305586990205069"
    }
  },
  "status" : {
    "code" : "200",
    "subCode" : "0000",
    "msg" : "State is changed successfully"
  }
}
2025-12-07 15:26:00 [INF] Western Union status update SUCCESS for EndToEndId=2305586990205069 with subCode=0000 and code=200
2025-12-07 15:26:01 [INF] Sending PAID notification to WesternUnionUAT for EndToEndId=2334184040728559 with code=4030
2025-12-07 15:26:02 [INF] WU response OK for EndToEndId=2334184040728559. StatusCode=200, Body={
  "header" : {
    "msgId" : "2334184040728559",
    "creationDateTime" : "2025-12-07 09:26:01.886"
  },
  "paymentInfo" : {
    "identification" : {
      "endToEndId" : "2334184040728559"
    }
  },
  "status" : {
    "code" : "404",
    "subCode" : "7200",
    "msg" : "Transaction does not exist."
  }
}
2025-12-07 15:26:02 [WRN] Western Union status update FAILED for EndToEndId=2334184040728559. Unexpected subCode=7200 and code=404
2025-12-07 15:26:03 [INF] Sending PAID notification to WesternUnionUAT for EndToEndId=2334186940178686 with code=4030
2025-12-07 15:26:04 [INF] WU response OK for EndToEndId=2334186940178686. StatusCode=200, Body={
  "header" : {
    "msgId" : "2334186940178686",
    "creationDateTime" : "2025-12-07 09:26:03.807"
  },
  "paymentInfo" : {
    "identification" : {
      "endToEndId" : "2334186940178686"
    }
  },
  "status" : {
    "code" : "404",
    "subCode" : "7200",
    "msg" : "Transaction does not exist."
  }
}
2025-12-07 15:26:04 [WRN] Western Union status update FAILED for EndToEndId=2334186940178686. Unexpected subCode=7200 and code=404
2025-12-07 15:26:05 [INF] Sending PAID notification to WesternUnionUAT for EndToEndId=2334187339242397 with code=4030
2025-12-07 15:26:06 [INF] WU response OK for EndToEndId=2334187339242397. StatusCode=200, Body={
  "header" : {
    "msgId" : "2334187339242397",
    "creationDateTime" : "2025-12-07 09:26:05.720"
  },
  "paymentInfo" : {
    "identification" : {
      "endToEndId" : "2334187339242397"
    }
  },
  "status" : {
    "code" : "404",
    "subCode" : "7200",
    "msg" : "Transaction does not exist."
  }
}
2025-12-07 15:26:06 [WRN] Western Union status update FAILED for EndToEndId=2334187339242397. Unexpected subCode=7200 and code=404
2025-12-07 15:26:07 [INF] Sending PAID notification to WesternUnionUAT for EndToEndId=2334188245095223 with code=4030
2025-12-07 15:26:08 [INF] WU response OK for EndToEndId=2334188245095223. StatusCode=200, Body={
  "header" : {
    "msgId" : "2334188245095223",
    "creationDateTime" : "2025-12-07 09:26:07.641"
  },
  "paymentInfo" : {
    "identification" : {
      "endToEndId" : "2334188245095223"
    }
  },
  "status" : {
    "code" : "404",
    "subCode" : "7200",
    "msg" : "Transaction does not exist."
  }
}
2025-12-07 15:26:08 [WRN] Western Union status update FAILED for EndToEndId=2334188245095223. Unexpected subCode=7200 and code=404
2025-12-07 15:26:09 [INF] Sending PAID notification to WesternUnionUAT for EndToEndId=2410682753149512 with code=4030
2025-12-07 15:26:10 [INF] WU response OK for EndToEndId=2410682753149512. StatusCode=200, Body={
  "header" : {
    "msgId" : "2410682753149512",
    "creationDateTime" : "2025-12-07 09:26:09.793"
  },
  "paymentInfo" : {
    "identification" : {
      "endToEndId" : "2410682753149512"
    }
  },
  "status" : {
    "code" : "200",
    "subCode" : "0000",
    "msg" : "State is changed successfully"
  }
}
2025-12-07 15:26:10 [INF] Western Union status update SUCCESS for EndToEndId=2410682753149512 with subCode=0000 and code=200
2025-12-07 15:26:11 [INF] Sending PAID notification to WesternUnionUAT for EndToEndId=2410685610728330 with code=4030
2025-12-07 15:26:12 [INF] WU response OK for EndToEndId=2410685610728330. StatusCode=200, Body={
  "header" : {
    "msgId" : "2410685610728330",
    "creationDateTime" : "2025-12-07 09:26:11.853"
  },
  "paymentInfo" : {
    "identification" : {
      "endToEndId" : "2410685610728330"
    }
  },
  "status" : {
    "code" : "200",
    "subCode" : "0000",
    "msg" : "State is changed successfully"
  }
}
2025-12-07 15:26:12 [INF] Western Union status update SUCCESS for EndToEndId=2410685610728330 with subCode=0000 and code=200
2025-12-07 15:26:13 [INF] Sending PAID notification to WesternUnionUAT for EndToEndId=2410689111046871 with code=4030
2025-12-07 15:26:14 [INF] WU response OK for EndToEndId=2410689111046871. StatusCode=200, Body={
  "header" : {
    "msgId" : "2410689111046871",
    "creationDateTime" : "2025-12-07 09:26:13.908"
  },
  "paymentInfo" : {
    "identification" : {
      "endToEndId" : "2410689111046871"
    }
  },
  "status" : {
    "code" : "200",
    "subCode" : "0000",
    "msg" : "State is changed successfully"
  }
}
2025-12-07 15:26:14 [INF] Western Union status update SUCCESS for EndToEndId=2410689111046871 with subCode=0000 and code=200
2025-12-07 15:35:10 [INF] Sending CANCEL notification to WesternUnionUAT for EndToEndId=2228083818368660 with code=4024
2025-12-07 15:35:11 [INF] WU response OK for EndToEndId=2228083818368660. StatusCode=200, Body={
  "header" : {
    "msgId" : "2228083818368660",
    "creationDateTime" : "2025-12-07 09:35:10.701"
  },
  "paymentInfo" : {
    "identification" : {
      "endToEndId" : "2228083818368660"
    }
  },
  "status" : {
    "code" : "404",
    "subCode" : "7200",
    "msg" : "Transaction does not exist."
  }
}
2025-12-07 15:35:11 [WRN] Western Union status update FAILED for EndToEndId=2228083818368660. Unexpected subCode=7200 and code=404
2025-12-07 15:35:12 [INF] Sending CANCEL notification to WesternUnionUAT for EndToEndId=2228084322867817 with code=4024
2025-12-07 15:35:12 [INF] WU response OK for EndToEndId=2228084322867817. StatusCode=200, Body={
  "header" : {
    "msgId" : "2228084322867817",
    "creationDateTime" : "2025-12-07 09:35:12.554"
  },
  "paymentInfo" : {
    "identification" : {
      "endToEndId" : "2228084322867817"
    }
  },
  "status" : {
    "code" : "404",
    "subCode" : "7200",
    "msg" : "Transaction does not exist."
  }
}
2025-12-07 15:35:12 [WRN] Western Union status update FAILED for EndToEndId=2228084322867817. Unexpected subCode=7200 and code=404
2025-12-07 15:35:13 [INF] Sending CANCEL notification to WesternUnionUAT for EndToEndId=2228480892049530 with code=4024
2025-12-07 15:35:13 [INF] WU response OK for EndToEndId=2228480892049530. StatusCode=200, Body={
  "header" : {
    "msgId" : "2228480892049530",
    "creationDateTime" : "2025-12-07 09:35:13.483"
  },
  "paymentInfo" : {
    "identification" : {
      "endToEndId" : "2228480892049530"
    }
  },
  "status" : {
    "code" : "404",
    "subCode" : "7200",
    "msg" : "Transaction does not exist."
  }
}
2025-12-07 15:35:13 [WRN] Western Union status update FAILED for EndToEndId=2228480892049530. Unexpected subCode=7200 and code=404
2025-12-07 15:35:14 [INF] Sending CANCEL notification to WesternUnionUAT for EndToEndId=2228485770766160 with code=4024
2025-12-07 15:35:14 [INF] WU response OK for EndToEndId=2228485770766160. StatusCode=200, Body={
  "header" : {
    "msgId" : "2228485770766160",
    "creationDateTime" : "2025-12-07 09:35:14.392"
  },
  "paymentInfo" : {
    "identification" : {
      "endToEndId" : "2228485770766160"
    }
  },
  "status" : {
    "code" : "404",
    "subCode" : "7200",
    "msg" : "Transaction does not exist."
  }
}
2025-12-07 15:35:14 [WRN] Western Union status update FAILED for EndToEndId=2228485770766160. Unexpected subCode=7200 and code=404
2025-12-07 15:35:15 [INF] Sending CANCEL notification to WesternUnionUAT for EndToEndId=2228489720707017 with code=4024
2025-12-07 15:35:15 [INF] WU response OK for EndToEndId=2228489720707017. StatusCode=200, Body={
  "header" : {
    "msgId" : "2228489720707017",
    "creationDateTime" : "2025-12-07 09:35:15.307"
  },
  "paymentInfo" : {
    "identification" : {
      "endToEndId" : "2228489720707017"
    }
  },
  "status" : {
    "code" : "404",
    "subCode" : "7200",
    "msg" : "Transaction does not exist."
  }
}
2025-12-07 15:35:15 [WRN] Western Union status update FAILED for EndToEndId=2228489720707017. Unexpected subCode=7200 and code=404
2025-12-07 15:35:16 [INF] Sending CANCEL notification to WesternUnionUAT for EndToEndId=2228680982055570 with code=4024
2025-12-07 15:35:16 [INF] WU response OK for EndToEndId=2228680982055570. StatusCode=200, Body={
  "header" : {
    "msgId" : "2228680982055570",
    "creationDateTime" : "2025-12-07 09:35:16.247"
  },
  "paymentInfo" : {
    "identification" : {
      "endToEndId" : "2228680982055570"
    }
  },
  "status" : {
    "code" : "404",
    "subCode" : "7200",
    "msg" : "Transaction does not exist."
  }
}
2025-12-07 15:35:16 [WRN] Western Union status update FAILED for EndToEndId=2228680982055570. Unexpected subCode=7200 and code=404
2025-12-07 15:35:17 [INF] Sending CANCEL notification to WesternUnionUAT for EndToEndId=2228682621874171 with code=4024
2025-12-07 15:35:17 [INF] WU response OK for EndToEndId=2228682621874171. StatusCode=200, Body={
  "header" : {
    "msgId" : "2228682621874171",
    "creationDateTime" : "2025-12-07 09:35:17.164"
  },
  "paymentInfo" : {
    "identification" : {
      "endToEndId" : "2228682621874171"
    }
  },
  "status" : {
    "code" : "200",
    "subCode" : "0000",
    "msg" : "State is changed successfully"
  }
}
2025-12-07 15:35:17 [INF] Western Union status update SUCCESS for EndToEndId=2228682621874171 with subCode=0000 and code=200
2025-12-07 15:35:18 [INF] Sending CANCEL notification to WesternUnionUAT for EndToEndId=2228682921289164 with code=4024
2025-12-07 15:35:18 [INF] WU response OK for EndToEndId=2228682921289164. StatusCode=200, Body={
  "header" : {
    "msgId" : "2228682921289164",
    "creationDateTime" : "2025-12-07 09:35:18.215"
  },
  "paymentInfo" : {
    "identification" : {
      "endToEndId" : "2228682921289164"
    }
  },
  "status" : {
    "code" : "404",
    "subCode" : "7200",
    "msg" : "Transaction does not exist."
  }
}
2025-12-07 15:35:18 [WRN] Western Union status update FAILED for EndToEndId=2228682921289164. Unexpected subCode=7200 and code=404
2025-12-07 15:35:19 [INF] Sending CANCEL notification to WesternUnionUAT for EndToEndId=2228684241743904 with code=4024
2025-12-07 15:35:19 [INF] WU response OK for EndToEndId=2228684241743904. StatusCode=200, Body={
  "header" : {
    "msgId" : "2228684241743904",
    "creationDateTime" : "2025-12-07 09:35:19.138"
  },
  "paymentInfo" : {
    "identification" : {
      "endToEndId" : "2228684241743904"
    }
  },
  "status" : {
    "code" : "500",
    "subCode" : "1510",
    "msg" : "Invalid payment state transition"
  }
}
2025-12-07 15:35:19 [WRN] Western Union status update FAILED for EndToEndId=2228684241743904. Unexpected subCode=1510 and code=500
2025-12-07 15:35:20 [INF] Sending CANCEL notification to WesternUnionUAT for EndToEndId=2228689290367575 with code=4024
2025-12-07 15:35:20 [INF] WU response OK for EndToEndId=2228689290367575. StatusCode=200, Body={
  "header" : {
    "msgId" : "2228689290367575",
    "creationDateTime" : "2025-12-07 09:35:20.121"
  },
  "paymentInfo" : {
    "identification" : {
      "endToEndId" : "2228689290367575"
    }
  },
  "status" : {
    "code" : "200",
    "subCode" : "0000",
    "msg" : "State is changed successfully"
  }
}
2025-12-07 15:35:20 [INF] Western Union status update SUCCESS for EndToEndId=2228689290367575 with subCode=0000 and code=200
2025-12-07 15:35:21 [INF] Sending CANCEL notification to WesternUnionUAT for EndToEndId=2231289051334951 with code=4024
2025-12-07 15:35:21 [INF] WU response OK for EndToEndId=2231289051334951. StatusCode=200, Body={
  "header" : {
    "msgId" : "2231289051334951",
    "creationDateTime" : "2025-12-07 09:35:21.175"
  },
  "paymentInfo" : {
    "identification" : {
      "endToEndId" : "2231289051334951"
    }
  },
  "status" : {
    "code" : "404",
    "subCode" : "7200",
    "msg" : "Transaction does not exist."
  }
}
2025-12-07 15:35:21 [WRN] Western Union status update FAILED for EndToEndId=2231289051334951. Unexpected subCode=7200 and code=404
2025-12-07 15:35:22 [INF] Sending CANCEL notification to WesternUnionUAT for EndToEndId=2305284391155202 with code=4024
2025-12-07 15:35:22 [INF] WU response OK for EndToEndId=2305284391155202. StatusCode=200, Body={
  "header" : {
    "msgId" : "2305284391155202",
    "creationDateTime" : "2025-12-07 09:35:22.106"
  },
  "paymentInfo" : {
    "identification" : {
      "endToEndId" : "2305284391155202"
    }
  },
  "status" : {
    "code" : "200",
    "subCode" : "0000",
    "msg" : "State is changed successfully"
  }
}
2025-12-07 15:35:22 [INF] Western Union status update SUCCESS for EndToEndId=2305284391155202 with subCode=0000 and code=200
2025-12-07 15:35:23 [INF] Sending CANCEL notification to WesternUnionUAT for EndToEndId=2305586990205069 with code=4024
2025-12-07 15:35:23 [INF] WU response OK for EndToEndId=2305586990205069. StatusCode=200, Body={
  "header" : {
    "msgId" : "2305586990205069",
    "creationDateTime" : "2025-12-07 09:35:23.131"
  },
  "paymentInfo" : {
    "identification" : {
      "endToEndId" : "2305586990205069"
    }
  },
  "status" : {
    "code" : "200",
    "subCode" : "0000",
    "msg" : "State is changed successfully"
  }
}
2025-12-07 15:35:23 [INF] Western Union status update SUCCESS for EndToEndId=2305586990205069 with subCode=0000 and code=200
2025-12-07 15:35:24 [INF] Sending PAID notification to WesternUnionUAT for EndToEndId=2334184040728559 with code=4030
2025-12-07 15:35:24 [INF] WU response OK for EndToEndId=2334184040728559. StatusCode=200, Body={
  "header" : {
    "msgId" : "2334184040728559",
    "creationDateTime" : "2025-12-07 09:35:24.174"
  },
  "paymentInfo" : {
    "identification" : {
      "endToEndId" : "2334184040728559"
    }
  },
  "status" : {
    "code" : "404",
    "subCode" : "7200",
    "msg" : "Transaction does not exist."
  }
}
2025-12-07 15:35:24 [WRN] Western Union status update FAILED for EndToEndId=2334184040728559. Unexpected subCode=7200 and code=404
2025-12-07 15:35:25 [INF] Sending PAID notification to WesternUnionUAT for EndToEndId=2334186940178686 with code=4030
2025-12-07 15:35:25 [INF] WU response OK for EndToEndId=2334186940178686. StatusCode=200, Body={
  "header" : {
    "msgId" : "2334186940178686",
    "creationDateTime" : "2025-12-07 09:35:25.088"
  },
  "paymentInfo" : {
    "identification" : {
      "endToEndId" : "2334186940178686"
    }
  },
  "status" : {
    "code" : "404",
    "subCode" : "7200",
    "msg" : "Transaction does not exist."
  }
}
2025-12-07 15:35:25 [WRN] Western Union status update FAILED for EndToEndId=2334186940178686. Unexpected subCode=7200 and code=404
2025-12-07 15:35:26 [INF] Sending PAID notification to WesternUnionUAT for EndToEndId=2334187339242397 with code=4030
2025-12-07 15:35:26 [INF] WU response OK for EndToEndId=2334187339242397. StatusCode=200, Body={
  "header" : {
    "msgId" : "2334187339242397",
    "creationDateTime" : "2025-12-07 09:35:26.008"
  },
  "paymentInfo" : {
    "identification" : {
      "endToEndId" : "2334187339242397"
    }
  },
  "status" : {
    "code" : "404",
    "subCode" : "7200",
    "msg" : "Transaction does not exist."
  }
}
2025-12-07 15:35:26 [WRN] Western Union status update FAILED for EndToEndId=2334187339242397. Unexpected subCode=7200 and code=404
2025-12-07 15:35:26 [INF] Sending PAID notification to WesternUnionUAT for EndToEndId=2334188245095223 with code=4030
2025-12-07 15:35:27 [INF] WU response OK for EndToEndId=2334188245095223. StatusCode=200, Body={
  "header" : {
    "msgId" : "2334188245095223",
    "creationDateTime" : "2025-12-07 09:35:26.928"
  },
  "paymentInfo" : {
    "identification" : {
      "endToEndId" : "2334188245095223"
    }
  },
  "status" : {
    "code" : "404",
    "subCode" : "7200",
    "msg" : "Transaction does not exist."
  }
}
2025-12-07 15:35:27 [WRN] Western Union status update FAILED for EndToEndId=2334188245095223. Unexpected subCode=7200 and code=404
2025-12-07 15:35:27 [INF] Sending PAID notification to WesternUnionUAT for EndToEndId=2410682753149512 with code=4030
2025-12-07 15:35:28 [INF] WU response OK for EndToEndId=2410682753149512. StatusCode=200, Body={
  "header" : {
    "msgId" : "2410682753149512",
    "creationDateTime" : "2025-12-07 09:35:27.853"
  },
  "paymentInfo" : {
    "identification" : {
      "endToEndId" : "2410682753149512"
    }
  },
  "status" : {
    "code" : "200",
    "subCode" : "0000",
    "msg" : "State is changed successfully"
  }
}
2025-12-07 15:35:28 [INF] Western Union status update SUCCESS for EndToEndId=2410682753149512 with subCode=0000 and code=200
2025-12-07 15:35:28 [INF] Sending PAID notification to WesternUnionUAT for EndToEndId=2410685610728330 with code=4030
2025-12-07 15:35:29 [INF] WU response OK for EndToEndId=2410685610728330. StatusCode=200, Body={
  "header" : {
    "msgId" : "2410685610728330",
    "creationDateTime" : "2025-12-07 09:35:28.897"
  },
  "paymentInfo" : {
    "identification" : {
      "endToEndId" : "2410685610728330"
    }
  },
  "status" : {
    "code" : "200",
    "subCode" : "0000",
    "msg" : "State is changed successfully"
  }
}
2025-12-07 15:35:29 [INF] Western Union status update SUCCESS for EndToEndId=2410685610728330 with subCode=0000 and code=200
2025-12-07 15:35:29 [INF] Sending PAID notification to WesternUnionUAT for EndToEndId=2410689111046871 with code=4030
2025-12-07 15:35:30 [INF] WU response OK for EndToEndId=2410689111046871. StatusCode=200, Body={
  "header" : {
    "msgId" : "2410689111046871",
    "creationDateTime" : "2025-12-07 09:35:29.955"
  },
  "paymentInfo" : {
    "identification" : {
      "endToEndId" : "2410689111046871"
    }
  },
  "status" : {
    "code" : "200",
    "subCode" : "0000",
    "msg" : "State is changed successfully"
  }
}
2025-12-07 15:35:30 [INF] Western Union status update SUCCESS for EndToEndId=2410689111046871 with subCode=0000 and code=200
2025-12-07 15:43:46 [INF] Sending CANCEL notification to WesternUnionUAT for EndToEndId=2228083818368660 with code=4024
2025-12-07 15:43:48 [INF] WU response OK for EndToEndId=2228083818368660. StatusCode=200, Body={
  "header" : {
    "msgId" : "2228083818368660",
    "creationDateTime" : "2025-12-07 09:43:46.559"
  },
  "paymentInfo" : {
    "identification" : {
      "endToEndId" : "2228083818368660"
    }
  },
  "status" : {
    "code" : "404",
    "subCode" : "7200",
    "msg" : "Transaction does not exist."
  }
}
2025-12-07 15:43:48 [WRN] ERRORORORROOR ==>>>> FAILED for EndToEndId=2228083818368660. Received error code=404
2025-12-07 15:43:48 [INF] Sending CANCEL notification to WesternUnionUAT for EndToEndId=2228084322867817 with code=4024
2025-12-07 15:43:49 [INF] WU response OK for EndToEndId=2228084322867817. StatusCode=200, Body={
  "header" : {
    "msgId" : "2228084322867817",
    "creationDateTime" : "2025-12-07 09:43:48.948"
  },
  "paymentInfo" : {
    "identification" : {
      "endToEndId" : "2228084322867817"
    }
  },
  "status" : {
    "code" : "404",
    "subCode" : "7200",
    "msg" : "Transaction does not exist."
  }
}
2025-12-07 15:43:49 [WRN] ERRORORORROOR ==>>>> FAILED for EndToEndId=2228084322867817. Received error code=404
2025-12-07 15:43:49 [INF] Sending CANCEL notification to WesternUnionUAT for EndToEndId=2228480892049530 with code=4024
2025-12-07 15:43:50 [INF] WU response OK for EndToEndId=2228480892049530. StatusCode=200, Body={
  "header" : {
    "msgId" : "2228480892049530",
    "creationDateTime" : "2025-12-07 09:43:49.879"
  },
  "paymentInfo" : {
    "identification" : {
      "endToEndId" : "2228480892049530"
    }
  },
  "status" : {
    "code" : "404",
    "subCode" : "7200",
    "msg" : "Transaction does not exist."
  }
}
2025-12-07 15:43:50 [WRN] ERRORORORROOR ==>>>> FAILED for EndToEndId=2228480892049530. Received error code=404
2025-12-07 15:43:50 [INF] Sending CANCEL notification to WesternUnionUAT for EndToEndId=2228485770766160 with code=4024
2025-12-07 15:43:51 [INF] WU response OK for EndToEndId=2228485770766160. StatusCode=200, Body={
  "header" : {
    "msgId" : "2228485770766160",
    "creationDateTime" : "2025-12-07 09:43:50.793"
  },
  "paymentInfo" : {
    "identification" : {
      "endToEndId" : "2228485770766160"
    }
  },
  "status" : {
    "code" : "404",
    "subCode" : "7200",
    "msg" : "Transaction does not exist."
  }
}
2025-12-07 15:43:51 [WRN] ERRORORORROOR ==>>>> FAILED for EndToEndId=2228485770766160. Received error code=404
2025-12-07 15:43:51 [INF] Sending CANCEL notification to WesternUnionUAT for EndToEndId=2228489720707017 with code=4024
2025-12-07 15:43:52 [INF] WU response OK for EndToEndId=2228489720707017. StatusCode=200, Body={
  "header" : {
    "msgId" : "2228489720707017",
    "creationDateTime" : "2025-12-07 09:43:51.722"
  },
  "paymentInfo" : {
    "identification" : {
      "endToEndId" : "2228489720707017"
    }
  },
  "status" : {
    "code" : "404",
    "subCode" : "7200",
    "msg" : "Transaction does not exist."
  }
}
2025-12-07 15:43:52 [WRN] ERRORORORROOR ==>>>> FAILED for EndToEndId=2228489720707017. Received error code=404
2025-12-07 15:43:52 [INF] Sending CANCEL notification to WesternUnionUAT for EndToEndId=2228680982055570 with code=4024
2025-12-07 15:43:52 [INF] WU response OK for EndToEndId=2228680982055570. StatusCode=200, Body={
  "header" : {
    "msgId" : "2228680982055570",
    "creationDateTime" : "2025-12-07 09:43:52.641"
  },
  "paymentInfo" : {
    "identification" : {
      "endToEndId" : "2228680982055570"
    }
  },
  "status" : {
    "code" : "404",
    "subCode" : "7200",
    "msg" : "Transaction does not exist."
  }
}
2025-12-07 15:43:52 [WRN] ERRORORORROOR ==>>>> FAILED for EndToEndId=2228680982055570. Received error code=404
2025-12-07 15:43:53 [INF] Sending CANCEL notification to WesternUnionUAT for EndToEndId=2228682621874171 with code=4024
2025-12-07 15:43:53 [INF] WU response OK for EndToEndId=2228682621874171. StatusCode=200, Body={
  "header" : {
    "msgId" : "2228682621874171",
    "creationDateTime" : "2025-12-07 09:43:53.569"
  },
  "paymentInfo" : {
    "identification" : {
      "endToEndId" : "2228682621874171"
    }
  },
  "status" : {
    "code" : "200",
    "subCode" : "0000",
    "msg" : "State is changed successfully"
  }
}
2025-12-07 15:43:53 [INF] Western Union status update SUCCESS for EndToEndId=2228682621874171 with subCode=0000 and code=200
2025-12-07 15:43:54 [INF] Sending CANCEL notification to WesternUnionUAT for EndToEndId=2228682921289164 with code=4024
2025-12-07 15:43:54 [INF] WU response OK for EndToEndId=2228682921289164. StatusCode=200, Body={
  "header" : {
    "msgId" : "2228682921289164",
    "creationDateTime" : "2025-12-07 09:43:54.625"
  },
  "paymentInfo" : {
    "identification" : {
      "endToEndId" : "2228682921289164"
    }
  },
  "status" : {
    "code" : "404",
    "subCode" : "7200",
    "msg" : "Transaction does not exist."
  }
}
2025-12-07 15:43:54 [WRN] ERRORORORROOR ==>>>> FAILED for EndToEndId=2228682921289164. Received error code=404
2025-12-07 15:43:55 [INF] Sending CANCEL notification to WesternUnionUAT for EndToEndId=2228684241743904 with code=4024
2025-12-07 15:43:55 [INF] WU response OK for EndToEndId=2228684241743904. StatusCode=200, Body={
  "header" : {
    "msgId" : "2228684241743904",
    "creationDateTime" : "2025-12-07 09:43:55.547"
  },
  "paymentInfo" : {
    "identification" : {
      "endToEndId" : "2228684241743904"
    }
  },
  "status" : {
    "code" : "500",
    "subCode" : "1510",
    "msg" : "Invalid payment state transition"
  }
}
2025-12-07 15:43:55 [WRN] ERRORORORROOR ==>>>> FAILED for EndToEndId=2228684241743904. Received error code=500
2025-12-07 15:43:56 [INF] Sending CANCEL notification to WesternUnionUAT for EndToEndId=2228689290367575 with code=4024
2025-12-07 15:43:56 [INF] WU response OK for EndToEndId=2228689290367575. StatusCode=200, Body={
  "header" : {
    "msgId" : "2228689290367575",
    "creationDateTime" : "2025-12-07 09:43:56.536"
  },
  "paymentInfo" : {
    "identification" : {
      "endToEndId" : "2228689290367575"
    }
  },
  "status" : {
    "code" : "200",
    "subCode" : "0000",
    "msg" : "State is changed successfully"
  }
}
2025-12-07 15:43:56 [INF] Western Union status update SUCCESS for EndToEndId=2228689290367575 with subCode=0000 and code=200
2025-12-07 15:43:57 [INF] Sending CANCEL notification to WesternUnionUAT for EndToEndId=2231289051334951 with code=4024
2025-12-07 15:43:57 [INF] WU response OK for EndToEndId=2231289051334951. StatusCode=200, Body={
  "header" : {
    "msgId" : "2231289051334951",
    "creationDateTime" : "2025-12-07 09:43:57.551"
  },
  "paymentInfo" : {
    "identification" : {
      "endToEndId" : "2231289051334951"
    }
  },
  "status" : {
    "code" : "404",
    "subCode" : "7200",
    "msg" : "Transaction does not exist."
  }
}
2025-12-07 15:43:57 [WRN] ERRORORORROOR ==>>>> FAILED for EndToEndId=2231289051334951. Received error code=404
2025-12-07 15:43:58 [INF] Sending CANCEL notification to WesternUnionUAT for EndToEndId=2305284391155202 with code=4024
2025-12-07 15:43:58 [INF] WU response OK for EndToEndId=2305284391155202. StatusCode=200, Body={
  "header" : {
    "msgId" : "2305284391155202",
    "creationDateTime" : "2025-12-07 09:43:58.470"
  },
  "paymentInfo" : {
    "identification" : {
      "endToEndId" : "2305284391155202"
    }
  },
  "status" : {
    "code" : "200",
    "subCode" : "0000",
    "msg" : "State is changed successfully"
  }
}
2025-12-07 15:43:58 [INF] Western Union status update SUCCESS for EndToEndId=2305284391155202 with subCode=0000 and code=200
2025-12-07 15:43:59 [INF] Sending CANCEL notification to WesternUnionUAT for EndToEndId=2305586990205069 with code=4024
2025-12-07 15:43:59 [INF] WU response OK for EndToEndId=2305586990205069. StatusCode=200, Body={
  "header" : {
    "msgId" : "2305586990205069",
    "creationDateTime" : "2025-12-07 09:43:59.511"
  },
  "paymentInfo" : {
    "identification" : {
      "endToEndId" : "2305586990205069"
    }
  },
  "status" : {
    "code" : "200",
    "subCode" : "0000",
    "msg" : "State is changed successfully"
  }
}
2025-12-07 15:43:59 [INF] Western Union status update SUCCESS for EndToEndId=2305586990205069 with subCode=0000 and code=200
2025-12-07 15:44:00 [INF] Sending PAID notification to WesternUnionUAT for EndToEndId=2334184040728559 with code=4030
2025-12-07 15:44:00 [INF] WU response OK for EndToEndId=2334184040728559. StatusCode=200, Body={
  "header" : {
    "msgId" : "2334184040728559",
    "creationDateTime" : "2025-12-07 09:44:00.569"
  },
  "paymentInfo" : {
    "identification" : {
      "endToEndId" : "2334184040728559"
    }
  },
  "status" : {
    "code" : "404",
    "subCode" : "7200",
    "msg" : "Transaction does not exist."
  }
}
2025-12-07 15:44:00 [WRN] ERRORORORROOR ==>>>> FAILED for EndToEndId=2334184040728559. Received error code=404
2025-12-07 15:44:01 [INF] Sending PAID notification to WesternUnionUAT for EndToEndId=2334186940178686 with code=4030
2025-12-07 15:44:01 [INF] WU response OK for EndToEndId=2334186940178686. StatusCode=200, Body={
  "header" : {
    "msgId" : "2334186940178686",
    "creationDateTime" : "2025-12-07 09:44:01.489"
  },
  "paymentInfo" : {
    "identification" : {
      "endToEndId" : "2334186940178686"
    }
  },
  "status" : {
    "code" : "404",
    "subCode" : "7200",
    "msg" : "Transaction does not exist."
  }
}
2025-12-07 15:44:01 [WRN] ERRORORORROOR ==>>>> FAILED for EndToEndId=2334186940178686. Received error code=404
2025-12-07 15:44:02 [INF] Sending PAID notification to WesternUnionUAT for EndToEndId=2334187339242397 with code=4030
2025-12-07 15:44:02 [INF] WU response OK for EndToEndId=2334187339242397. StatusCode=200, Body={
  "header" : {
    "msgId" : "2334187339242397",
    "creationDateTime" : "2025-12-07 09:44:02.411"
  },
  "paymentInfo" : {
    "identification" : {
      "endToEndId" : "2334187339242397"
    }
  },
  "status" : {
    "code" : "404",
    "subCode" : "7200",
    "msg" : "Transaction does not exist."
  }
}
2025-12-07 15:44:02 [WRN] ERRORORORROOR ==>>>> FAILED for EndToEndId=2334187339242397. Received error code=404
2025-12-07 15:44:03 [INF] Sending PAID notification to WesternUnionUAT for EndToEndId=2334188245095223 with code=4030
2025-12-07 15:44:03 [INF] WU response OK for EndToEndId=2334188245095223. StatusCode=200, Body={
  "header" : {
    "msgId" : "2334188245095223",
    "creationDateTime" : "2025-12-07 09:44:03.326"
  },
  "paymentInfo" : {
    "identification" : {
      "endToEndId" : "2334188245095223"
    }
  },
  "status" : {
    "code" : "404",
    "subCode" : "7200",
    "msg" : "Transaction does not exist."
  }
}
2025-12-07 15:44:03 [WRN] ERRORORORROOR ==>>>> FAILED for EndToEndId=2334188245095223. Received error code=404
2025-12-07 15:44:04 [INF] Sending PAID notification to WesternUnionUAT for EndToEndId=2410682753149512 with code=4030
2025-12-07 15:44:04 [INF] WU response OK for EndToEndId=2410682753149512. StatusCode=200, Body={
  "header" : {
    "msgId" : "2410682753149512",
    "creationDateTime" : "2025-12-07 09:44:04.247"
  },
  "paymentInfo" : {
    "identification" : {
      "endToEndId" : "2410682753149512"
    }
  },
  "status" : {
    "code" : "200",
    "subCode" : "0000",
    "msg" : "State is changed successfully"
  }
}
2025-12-07 15:44:04 [INF] Western Union status update SUCCESS for EndToEndId=2410682753149512 with subCode=0000 and code=200
2025-12-07 15:44:05 [INF] Sending PAID notification to WesternUnionUAT for EndToEndId=2410685610728330 with code=4030
2025-12-07 15:44:05 [INF] WU response OK for EndToEndId=2410685610728330. StatusCode=200, Body={
  "header" : {
    "msgId" : "2410685610728330",
    "creationDateTime" : "2025-12-07 09:44:05.346"
  },
  "paymentInfo" : {
    "identification" : {
      "endToEndId" : "2410685610728330"
    }
  },
  "status" : {
    "code" : "200",
    "subCode" : "0000",
    "msg" : "State is changed successfully"
  }
}
2025-12-07 15:44:05 [INF] Western Union status update SUCCESS for EndToEndId=2410685610728330 with subCode=0000 and code=200
2025-12-07 15:44:06 [INF] Sending PAID notification to WesternUnionUAT for EndToEndId=2410689111046871 with code=4030
2025-12-07 15:44:06 [INF] WU response OK for EndToEndId=2410689111046871. StatusCode=200, Body={
  "header" : {
    "msgId" : "2410689111046871",
    "creationDateTime" : "2025-12-07 09:44:06.395"
  },
  "paymentInfo" : {
    "identification" : {
      "endToEndId" : "2410689111046871"
    }
  },
  "status" : {
    "code" : "200",
    "subCode" : "0000",
    "msg" : "State is changed successfully"
  }
}
2025-12-07 15:44:06 [INF] Western Union status update SUCCESS for EndToEndId=2410689111046871 with subCode=0000 and code=200
2025-12-07 15:48:47 [INF] Sending CANCEL notification to WesternUnionUAT for EndToEndId=2228083818368660 with code=4024
2025-12-07 15:48:49 [INF] WU response OK for EndToEndId=2228083818368660. StatusCode=200, Body={
  "header" : {
    "msgId" : "2228083818368660",
    "creationDateTime" : "2025-12-07 09:48:47.801"
  },
  "paymentInfo" : {
    "identification" : {
      "endToEndId" : "2228083818368660"
    }
  },
  "status" : {
    "code" : "404",
    "subCode" : "7200",
    "msg" : "Transaction does not exist."
  }
}
2025-12-07 15:48:49 [WRN] Western Union status update FAILED for EndToEndId=2228083818368660. Received error code=404
2025-12-07 15:48:50 [INF] Sending CANCEL notification to WesternUnionUAT for EndToEndId=2228084322867817 with code=4024
2025-12-07 15:48:50 [INF] WU response OK for EndToEndId=2228084322867817. StatusCode=200, Body={
  "header" : {
    "msgId" : "2228084322867817",
    "creationDateTime" : "2025-12-07 09:48:50.053"
  },
  "paymentInfo" : {
    "identification" : {
      "endToEndId" : "2228084322867817"
    }
  },
  "status" : {
    "code" : "404",
    "subCode" : "7200",
    "msg" : "Transaction does not exist."
  }
}
2025-12-07 15:48:50 [WRN] Western Union status update FAILED for EndToEndId=2228084322867817. Received error code=404
2025-12-07 15:48:50 [INF] Sending CANCEL notification to WesternUnionUAT for EndToEndId=2228480892049530 with code=4024
2025-12-07 15:48:51 [INF] WU response OK for EndToEndId=2228480892049530. StatusCode=200, Body={
  "header" : {
    "msgId" : "2228480892049530",
    "creationDateTime" : "2025-12-07 09:48:50.994"
  },
  "paymentInfo" : {
    "identification" : {
      "endToEndId" : "2228480892049530"
    }
  },
  "status" : {
    "code" : "404",
    "subCode" : "7200",
    "msg" : "Transaction does not exist."
  }
}
2025-12-07 15:48:51 [WRN] Western Union status update FAILED for EndToEndId=2228480892049530. Received error code=404
2025-12-07 15:48:51 [INF] Sending CANCEL notification to WesternUnionUAT for EndToEndId=2228485770766160 with code=4024
2025-12-07 15:48:52 [INF] WU response OK for EndToEndId=2228485770766160. StatusCode=200, Body={
  "header" : {
    "msgId" : "2228485770766160",
    "creationDateTime" : "2025-12-07 09:48:51.930"
  },
  "paymentInfo" : {
    "identification" : {
      "endToEndId" : "2228485770766160"
    }
  },
  "status" : {
    "code" : "404",
    "subCode" : "7200",
    "msg" : "Transaction does not exist."
  }
}
2025-12-07 15:48:52 [WRN] Western Union status update FAILED for EndToEndId=2228485770766160. Received error code=404
2025-12-07 15:48:52 [INF] Sending CANCEL notification to WesternUnionUAT for EndToEndId=2228489720707017 with code=4024
2025-12-07 15:48:53 [INF] WU response OK for EndToEndId=2228489720707017. StatusCode=200, Body={
  "header" : {
    "msgId" : "2228489720707017",
    "creationDateTime" : "2025-12-07 09:48:52.850"
  },
  "paymentInfo" : {
    "identification" : {
      "endToEndId" : "2228489720707017"
    }
  },
  "status" : {
    "code" : "404",
    "subCode" : "7200",
    "msg" : "Transaction does not exist."
  }
}
2025-12-07 15:48:53 [WRN] Western Union status update FAILED for EndToEndId=2228489720707017. Received error code=404
2025-12-07 15:48:53 [INF] Sending CANCEL notification to WesternUnionUAT for EndToEndId=2228680982055570 with code=4024
2025-12-07 15:48:54 [INF] WU response OK for EndToEndId=2228680982055570. StatusCode=200, Body={
  "header" : {
    "msgId" : "2228680982055570",
    "creationDateTime" : "2025-12-07 09:48:53.786"
  },
  "paymentInfo" : {
    "identification" : {
      "endToEndId" : "2228680982055570"
    }
  },
  "status" : {
    "code" : "404",
    "subCode" : "7200",
    "msg" : "Transaction does not exist."
  }
}
2025-12-07 15:48:54 [WRN] Western Union status update FAILED for EndToEndId=2228680982055570. Received error code=404
2025-12-07 15:48:54 [INF] Sending CANCEL notification to WesternUnionUAT for EndToEndId=2228682621874171 with code=4024
2025-12-07 15:48:55 [INF] WU response OK for EndToEndId=2228682621874171. StatusCode=200, Body={
  "header" : {
    "msgId" : "2228682621874171",
    "creationDateTime" : "2025-12-07 09:48:54.747"
  },
  "paymentInfo" : {
    "identification" : {
      "endToEndId" : "2228682621874171"
    }
  },
  "status" : {
    "code" : "200",
    "subCode" : "0000",
    "msg" : "State is changed successfully"
  }
}
2025-12-07 15:48:55 [INF] Western Union status update SUCCESS for EndToEndId=2228682621874171 with subCode=0000 and code=200
2025-12-07 15:48:55 [INF] Sending CANCEL notification to WesternUnionUAT for EndToEndId=2228682921289164 with code=4024
2025-12-07 15:48:56 [INF] WU response OK for EndToEndId=2228682921289164. StatusCode=200, Body={
  "header" : {
    "msgId" : "2228682921289164",
    "creationDateTime" : "2025-12-07 09:48:55.804"
  },
  "paymentInfo" : {
    "identification" : {
      "endToEndId" : "2228682921289164"
    }
  },
  "status" : {
    "code" : "404",
    "subCode" : "7200",
    "msg" : "Transaction does not exist."
  }
}
2025-12-07 15:48:56 [WRN] Western Union status update FAILED for EndToEndId=2228682921289164. Received error code=404
2025-12-07 15:48:56 [INF] Sending CANCEL notification to WesternUnionUAT for EndToEndId=2228684241743904 with code=4024
2025-12-07 15:48:57 [INF] WU response OK for EndToEndId=2228684241743904. StatusCode=200, Body={
  "header" : {
    "msgId" : "2228684241743904",
    "creationDateTime" : "2025-12-07 09:48:56.730"
  },
  "paymentInfo" : {
    "identification" : {
      "endToEndId" : "2228684241743904"
    }
  },
  "status" : {
    "code" : "500",
    "subCode" : "1510",
    "msg" : "Invalid payment state transition"
  }
}
2025-12-07 15:48:57 [WRN] Western Union status update FAILED for EndToEndId=2228684241743904. Received error code=500
2025-12-07 15:48:57 [INF] Sending CANCEL notification to WesternUnionUAT for EndToEndId=2228689290367575 with code=4024
2025-12-07 15:48:58 [INF] WU response OK for EndToEndId=2228689290367575. StatusCode=200, Body={
  "header" : {
    "msgId" : "2228689290367575",
    "creationDateTime" : "2025-12-07 09:48:57.722"
  },
  "paymentInfo" : {
    "identification" : {
      "endToEndId" : "2228689290367575"
    }
  },
  "status" : {
    "code" : "200",
    "subCode" : "0000",
    "msg" : "State is changed successfully"
  }
}
2025-12-07 15:48:58 [INF] Western Union status update SUCCESS for EndToEndId=2228689290367575 with subCode=0000 and code=200
2025-12-07 15:48:58 [INF] Sending CANCEL notification to WesternUnionUAT for EndToEndId=2231289051334951 with code=4024
2025-12-07 15:48:59 [INF] WU response OK for EndToEndId=2231289051334951. StatusCode=200, Body={
  "header" : {
    "msgId" : "2231289051334951",
    "creationDateTime" : "2025-12-07 09:48:58.772"
  },
  "paymentInfo" : {
    "identification" : {
      "endToEndId" : "2231289051334951"
    }
  },
  "status" : {
    "code" : "404",
    "subCode" : "7200",
    "msg" : "Transaction does not exist."
  }
}
2025-12-07 15:48:59 [WRN] Western Union status update FAILED for EndToEndId=2231289051334951. Received error code=404
2025-12-07 15:48:59 [INF] Sending CANCEL notification to WesternUnionUAT for EndToEndId=2305284391155202 with code=4024
2025-12-07 15:49:00 [INF] WU response OK for EndToEndId=2305284391155202. StatusCode=200, Body={
  "header" : {
    "msgId" : "2305284391155202",
    "creationDateTime" : "2025-12-07 09:48:59.690"
  },
  "paymentInfo" : {
    "identification" : {
      "endToEndId" : "2305284391155202"
    }
  },
  "status" : {
    "code" : "200",
    "subCode" : "0000",
    "msg" : "State is changed successfully"
  }
}
2025-12-07 15:49:00 [INF] Western Union status update SUCCESS for EndToEndId=2305284391155202 with subCode=0000 and code=200
2025-12-07 15:49:00 [INF] Sending CANCEL notification to WesternUnionUAT for EndToEndId=2305586990205069 with code=4024
2025-12-07 15:49:01 [INF] WU response OK for EndToEndId=2305586990205069. StatusCode=200, Body={
  "header" : {
    "msgId" : "2305586990205069",
    "creationDateTime" : "2025-12-07 09:49:00.731"
  },
  "paymentInfo" : {
    "identification" : {
      "endToEndId" : "2305586990205069"
    }
  },
  "status" : {
    "code" : "200",
    "subCode" : "0000",
    "msg" : "State is changed successfully"
  }
}
2025-12-07 15:49:01 [INF] Western Union status update SUCCESS for EndToEndId=2305586990205069 with subCode=0000 and code=200
2025-12-07 15:49:01 [INF] Sending PAID notification to WesternUnionUAT for EndToEndId=2334184040728559 with code=4030
2025-12-07 15:49:02 [INF] WU response OK for EndToEndId=2334184040728559. StatusCode=200, Body={
  "header" : {
    "msgId" : "2334184040728559",
    "creationDateTime" : "2025-12-07 09:49:01.785"
  },
  "paymentInfo" : {
    "identification" : {
      "endToEndId" : "2334184040728559"
    }
  },
  "status" : {
    "code" : "404",
    "subCode" : "7200",
    "msg" : "Transaction does not exist."
  }
}
2025-12-07 15:49:02 [WRN] Western Union status update FAILED for EndToEndId=2334184040728559. Received error code=404
2025-12-07 15:49:02 [INF] Sending PAID notification to WesternUnionUAT for EndToEndId=2334186940178686 with code=4030
2025-12-07 15:49:03 [INF] WU response OK for EndToEndId=2334186940178686. StatusCode=200, Body={
  "header" : {
    "msgId" : "2334186940178686",
    "creationDateTime" : "2025-12-07 09:49:02.705"
  },
  "paymentInfo" : {
    "identification" : {
      "endToEndId" : "2334186940178686"
    }
  },
  "status" : {
    "code" : "404",
    "subCode" : "7200",
    "msg" : "Transaction does not exist."
  }
}
2025-12-07 15:49:03 [WRN] Western Union status update FAILED for EndToEndId=2334186940178686. Received error code=404
2025-12-07 15:49:03 [INF] Sending PAID notification to WesternUnionUAT for EndToEndId=2334187339242397 with code=4030
2025-12-07 15:49:03 [INF] WU response OK for EndToEndId=2334187339242397. StatusCode=200, Body={
  "header" : {
    "msgId" : "2334187339242397",
    "creationDateTime" : "2025-12-07 09:49:03.627"
  },
  "paymentInfo" : {
    "identification" : {
      "endToEndId" : "2334187339242397"
    }
  },
  "status" : {
    "code" : "404",
    "subCode" : "7200",
    "msg" : "Transaction does not exist."
  }
}
2025-12-07 15:49:03 [WRN] Western Union status update FAILED for EndToEndId=2334187339242397. Received error code=404
2025-12-07 15:49:04 [INF] Sending PAID notification to WesternUnionUAT for EndToEndId=2334188245095223 with code=4030
2025-12-07 15:49:04 [INF] WU response OK for EndToEndId=2334188245095223. StatusCode=200, Body={
  "header" : {
    "msgId" : "2334188245095223",
    "creationDateTime" : "2025-12-07 09:49:04.549"
  },
  "paymentInfo" : {
    "identification" : {
      "endToEndId" : "2334188245095223"
    }
  },
  "status" : {
    "code" : "404",
    "subCode" : "7200",
    "msg" : "Transaction does not exist."
  }
}
2025-12-07 15:49:04 [WRN] Western Union status update FAILED for EndToEndId=2334188245095223. Received error code=404
2025-12-07 15:49:05 [INF] Sending PAID notification to WesternUnionUAT for EndToEndId=2410682753149512 with code=4030
2025-12-07 15:49:05 [INF] WU response OK for EndToEndId=2410682753149512. StatusCode=200, Body={
  "header" : {
    "msgId" : "2410682753149512",
    "creationDateTime" : "2025-12-07 09:49:05.473"
  },
  "paymentInfo" : {
    "identification" : {
      "endToEndId" : "2410682753149512"
    }
  },
  "status" : {
    "code" : "200",
    "subCode" : "0000",
    "msg" : "State is changed successfully"
  }
}
2025-12-07 15:49:05 [INF] Western Union status update SUCCESS for EndToEndId=2410682753149512 with subCode=0000 and code=200
2025-12-07 15:49:06 [INF] Sending PAID notification to WesternUnionUAT for EndToEndId=2410685610728330 with code=4030
2025-12-07 15:49:07 [INF] WU response OK for EndToEndId=2410685610728330. StatusCode=200, Body={
  "header" : {
    "msgId" : "2410685610728330",
    "creationDateTime" : "2025-12-07 09:49:06.603"
  },
  "paymentInfo" : {
    "identification" : {
      "endToEndId" : "2410685610728330"
    }
  },
  "status" : {
    "code" : "200",
    "subCode" : "0000",
    "msg" : "State is changed successfully"
  }
}
2025-12-07 15:49:07 [INF] Western Union status update SUCCESS for EndToEndId=2410685610728330 with subCode=0000 and code=200
2025-12-07 15:49:07 [INF] Sending PAID notification to WesternUnionUAT for EndToEndId=2410689111046871 with code=4030
2025-12-07 15:49:08 [INF] WU response OK for EndToEndId=2410689111046871. StatusCode=200, Body={
  "header" : {
    "msgId" : "2410689111046871",
    "creationDateTime" : "2025-12-07 09:49:07.666"
  },
  "paymentInfo" : {
    "identification" : {
      "endToEndId" : "2410689111046871"
    }
  },
  "status" : {
    "code" : "200",
    "subCode" : "0000",
    "msg" : "State is changed successfully"
  }
}
2025-12-07 15:49:08 [INF] Western Union status update SUCCESS for EndToEndId=2410689111046871 with subCode=0000 and code=200
2025-12-07 15:53:08 [INF] Sending CANCEL notification to WesternUnionUAT for EndToEndId=2228083818368660 with code=4024
2025-12-07 15:53:09 [INF] WU response OK for EndToEndId=2228083818368660. StatusCode=200, Body={
  "header" : {
    "msgId" : "2228083818368660",
    "creationDateTime" : "2025-12-07 09:53:08.565"
  },
  "paymentInfo" : {
    "identification" : {
      "endToEndId" : "2228083818368660"
    }
  },
  "status" : {
    "code" : "404",
    "subCode" : "7200",
    "msg" : "Transaction does not exist."
  }
}
2025-12-07 15:53:09 [WRN] Western Union status update FAILED for EndToEndId=2228083818368660. Received error code=404- Sending this To [WSErrorHistories] Table
2025-12-07 15:53:10 [INF] Sending CANCEL notification to WesternUnionUAT for EndToEndId=2228084322867817 with code=4024
2025-12-07 15:53:10 [INF] WU response OK for EndToEndId=2228084322867817. StatusCode=200, Body={
  "header" : {
    "msgId" : "2228084322867817",
    "creationDateTime" : "2025-12-07 09:53:10.139"
  },
  "paymentInfo" : {
    "identification" : {
      "endToEndId" : "2228084322867817"
    }
  },
  "status" : {
    "code" : "404",
    "subCode" : "7200",
    "msg" : "Transaction does not exist."
  }
}
2025-12-07 15:53:10 [WRN] Western Union status update FAILED for EndToEndId=2228084322867817. Received error code=404- Sending this To [WSErrorHistories] Table
2025-12-07 15:53:11 [INF] Sending CANCEL notification to WesternUnionUAT for EndToEndId=2228480892049530 with code=4024
2025-12-07 15:53:11 [INF] WU response OK for EndToEndId=2228480892049530. StatusCode=200, Body={
  "header" : {
    "msgId" : "2228480892049530",
    "creationDateTime" : "2025-12-07 09:53:11.069"
  },
  "paymentInfo" : {
    "identification" : {
      "endToEndId" : "2228480892049530"
    }
  },
  "status" : {
    "code" : "404",
    "subCode" : "7200",
    "msg" : "Transaction does not exist."
  }
}
2025-12-07 15:53:11 [WRN] Western Union status update FAILED for EndToEndId=2228480892049530. Received error code=404- Sending this To [WSErrorHistories] Table
2025-12-07 15:53:12 [INF] Sending CANCEL notification to WesternUnionUAT for EndToEndId=2228485770766160 with code=4024
2025-12-07 15:53:12 [INF] WU response OK for EndToEndId=2228485770766160. StatusCode=200, Body={
  "header" : {
    "msgId" : "2228485770766160",
    "creationDateTime" : "2025-12-07 09:53:11.999"
  },
  "paymentInfo" : {
    "identification" : {
      "endToEndId" : "2228485770766160"
    }
  },
  "status" : {
    "code" : "404",
    "subCode" : "7200",
    "msg" : "Transaction does not exist."
  }
}
2025-12-07 15:53:12 [WRN] Western Union status update FAILED for EndToEndId=2228485770766160. Received error code=404- Sending this To [WSErrorHistories] Table
2025-12-07 15:53:12 [INF] Sending CANCEL notification to WesternUnionUAT for EndToEndId=2228489720707017 with code=4024
2025-12-07 15:53:13 [INF] WU response OK for EndToEndId=2228489720707017. StatusCode=200, Body={
  "header" : {
    "msgId" : "2228489720707017",
    "creationDateTime" : "2025-12-07 09:53:12.944"
  },
  "paymentInfo" : {
    "identification" : {
      "endToEndId" : "2228489720707017"
    }
  },
  "status" : {
    "code" : "404",
    "subCode" : "7200",
    "msg" : "Transaction does not exist."
  }
}
2025-12-07 15:53:13 [WRN] Western Union status update FAILED for EndToEndId=2228489720707017. Received error code=404- Sending this To [WSErrorHistories] Table
2025-12-07 15:53:13 [INF] Sending CANCEL notification to WesternUnionUAT for EndToEndId=2228680982055570 with code=4024
2025-12-07 15:53:14 [INF] WU response OK for EndToEndId=2228680982055570. StatusCode=200, Body={
  "header" : {
    "msgId" : "2228680982055570",
    "creationDateTime" : "2025-12-07 09:53:13.873"
  },
  "paymentInfo" : {
    "identification" : {
      "endToEndId" : "2228680982055570"
    }
  },
  "status" : {
    "code" : "404",
    "subCode" : "7200",
    "msg" : "Transaction does not exist."
  }
}
2025-12-07 15:53:14 [WRN] Western Union status update FAILED for EndToEndId=2228680982055570. Received error code=404- Sending this To [WSErrorHistories] Table
2025-12-07 15:53:14 [INF] Sending CANCEL notification to WesternUnionUAT for EndToEndId=2228682621874171 with code=4024
2025-12-07 15:53:15 [INF] WU response OK for EndToEndId=2228682621874171. StatusCode=200, Body={
  "header" : {
    "msgId" : "2228682621874171",
    "creationDateTime" : "2025-12-07 09:53:14.804"
  },
  "paymentInfo" : {
    "identification" : {
      "endToEndId" : "2228682621874171"
    }
  },
  "status" : {
    "code" : "200",
    "subCode" : "0000",
    "msg" : "State is changed successfully"
  }
}
2025-12-07 15:53:15 [INF] Western Union status update SUCCESS for EndToEndId=2228682621874171 with subCode=0000 and code=200
2025-12-07 15:53:15 [INF] Sending CANCEL notification to WesternUnionUAT for EndToEndId=2228682921289164 with code=4024
2025-12-07 15:53:16 [INF] WU response OK for EndToEndId=2228682921289164. StatusCode=200, Body={
  "header" : {
    "msgId" : "2228682921289164",
    "creationDateTime" : "2025-12-07 09:53:15.886"
  },
  "paymentInfo" : {
    "identification" : {
      "endToEndId" : "2228682921289164"
    }
  },
  "status" : {
    "code" : "404",
    "subCode" : "7200",
    "msg" : "Transaction does not exist."
  }
}
2025-12-07 15:53:16 [WRN] Western Union status update FAILED for EndToEndId=2228682921289164. Received error code=404- Sending this To [WSErrorHistories] Table
2025-12-07 15:53:16 [INF] Sending CANCEL notification to WesternUnionUAT for EndToEndId=2228684241743904 with code=4024
2025-12-07 15:53:17 [INF] WU response OK for EndToEndId=2228684241743904. StatusCode=200, Body={
  "header" : {
    "msgId" : "2228684241743904",
    "creationDateTime" : "2025-12-07 09:53:16.813"
  },
  "paymentInfo" : {
    "identification" : {
      "endToEndId" : "2228684241743904"
    }
  },
  "status" : {
    "code" : "500",
    "subCode" : "1510",
    "msg" : "Invalid payment state transition"
  }
}
2025-12-07 15:53:17 [WRN] Western Union status update FAILED for EndToEndId=2228684241743904. Received error code=500- Sending this To [WSErrorHistories] Table
2025-12-07 15:53:17 [INF] Sending CANCEL notification to WesternUnionUAT for EndToEndId=2228689290367575 with code=4024
2025-12-07 15:53:18 [INF] WU response OK for EndToEndId=2228689290367575. StatusCode=200, Body={
  "header" : {
    "msgId" : "2228689290367575",
    "creationDateTime" : "2025-12-07 09:53:17.885"
  },
  "paymentInfo" : {
    "identification" : {
      "endToEndId" : "2228689290367575"
    }
  },
  "status" : {
    "code" : "200",
    "subCode" : "0000",
    "msg" : "State is changed successfully"
  }
}
2025-12-07 15:53:18 [INF] Western Union status update SUCCESS for EndToEndId=2228689290367575 with subCode=0000 and code=200
2025-12-07 15:53:18 [INF] Sending CANCEL notification to WesternUnionUAT for EndToEndId=2231289051334951 with code=4024
2025-12-07 15:53:19 [INF] WU response OK for EndToEndId=2231289051334951. StatusCode=200, Body={
  "header" : {
    "msgId" : "2231289051334951",
    "creationDateTime" : "2025-12-07 09:53:18.931"
  },
  "paymentInfo" : {
    "identification" : {
      "endToEndId" : "2231289051334951"
    }
  },
  "status" : {
    "code" : "404",
    "subCode" : "7200",
    "msg" : "Transaction does not exist."
  }
}
2025-12-07 15:53:19 [WRN] Western Union status update FAILED for EndToEndId=2231289051334951. Received error code=404- Sending this To [WSErrorHistories] Table
2025-12-07 15:53:19 [INF] Sending CANCEL notification to WesternUnionUAT for EndToEndId=2305284391155202 with code=4024
2025-12-07 15:53:20 [INF] WU response OK for EndToEndId=2305284391155202. StatusCode=200, Body={
  "header" : {
    "msgId" : "2305284391155202",
    "creationDateTime" : "2025-12-07 09:53:19.862"
  },
  "paymentInfo" : {
    "identification" : {
      "endToEndId" : "2305284391155202"
    }
  },
  "status" : {
    "code" : "200",
    "subCode" : "0000",
    "msg" : "State is changed successfully"
  }
}
2025-12-07 15:53:20 [INF] Western Union status update SUCCESS for EndToEndId=2305284391155202 with subCode=0000 and code=200
2025-12-07 15:53:20 [INF] Sending CANCEL notification to WesternUnionUAT for EndToEndId=2305586990205069 with code=4024
2025-12-07 15:53:21 [INF] WU response OK for EndToEndId=2305586990205069. StatusCode=200, Body={
  "header" : {
    "msgId" : "2305586990205069",
    "creationDateTime" : "2025-12-07 09:53:20.913"
  },
  "paymentInfo" : {
    "identification" : {
      "endToEndId" : "2305586990205069"
    }
  },
  "status" : {
    "code" : "200",
    "subCode" : "0000",
    "msg" : "State is changed successfully"
  }
}
2025-12-07 15:53:21 [INF] Western Union status update SUCCESS for EndToEndId=2305586990205069 with subCode=0000 and code=200
2025-12-07 15:53:21 [INF] Sending PAID notification to WesternUnionUAT for EndToEndId=2334184040728559 with code=4030
2025-12-07 15:53:22 [INF] WU response OK for EndToEndId=2334184040728559. StatusCode=200, Body={
  "header" : {
    "msgId" : "2334184040728559",
    "creationDateTime" : "2025-12-07 09:53:21.953"
  },
  "paymentInfo" : {
    "identification" : {
      "endToEndId" : "2334184040728559"
    }
  },
  "status" : {
    "code" : "404",
    "subCode" : "7200",
    "msg" : "Transaction does not exist."
  }
}
2025-12-07 15:53:22 [WRN] Western Union status update FAILED for EndToEndId=2334184040728559. Received error code=404- Sending this To [WSErrorHistories] Table
2025-12-07 15:53:22 [INF] Sending PAID notification to WesternUnionUAT for EndToEndId=2334186940178686 with code=4030
2025-12-07 15:53:23 [INF] WU response OK for EndToEndId=2334186940178686. StatusCode=200, Body={
  "header" : {
    "msgId" : "2334186940178686",
    "creationDateTime" : "2025-12-07 09:53:22.884"
  },
  "paymentInfo" : {
    "identification" : {
      "endToEndId" : "2334186940178686"
    }
  },
  "status" : {
    "code" : "404",
    "subCode" : "7200",
    "msg" : "Transaction does not exist."
  }
}
2025-12-07 15:53:23 [WRN] Western Union status update FAILED for EndToEndId=2334186940178686. Received error code=404- Sending this To [WSErrorHistories] Table
2025-12-07 15:53:23 [INF] Sending PAID notification to WesternUnionUAT for EndToEndId=2334187339242397 with code=4030
2025-12-07 15:53:24 [INF] WU response OK for EndToEndId=2334187339242397. StatusCode=200, Body={
  "header" : {
    "msgId" : "2334187339242397",
    "creationDateTime" : "2025-12-07 09:53:23.806"
  },
  "paymentInfo" : {
    "identification" : {
      "endToEndId" : "2334187339242397"
    }
  },
  "status" : {
    "code" : "404",
    "subCode" : "7200",
    "msg" : "Transaction does not exist."
  }
}
2025-12-07 15:53:24 [WRN] Western Union status update FAILED for EndToEndId=2334187339242397. Received error code=404- Sending this To [WSErrorHistories] Table
2025-12-07 15:53:24 [INF] Sending PAID notification to WesternUnionUAT for EndToEndId=2334188245095223 with code=4030
2025-12-07 15:53:25 [INF] WU response OK for EndToEndId=2334188245095223. StatusCode=200, Body={
  "header" : {
    "msgId" : "2334188245095223",
    "creationDateTime" : "2025-12-07 09:53:24.724"
  },
  "paymentInfo" : {
    "identification" : {
      "endToEndId" : "2334188245095223"
    }
  },
  "status" : {
    "code" : "404",
    "subCode" : "7200",
    "msg" : "Transaction does not exist."
  }
}
2025-12-07 15:53:25 [WRN] Western Union status update FAILED for EndToEndId=2334188245095223. Received error code=404- Sending this To [WSErrorHistories] Table
2025-12-07 15:53:25 [INF] Sending PAID notification to WesternUnionUAT for EndToEndId=2410682753149512 with code=4030
2025-12-07 15:53:26 [INF] WU response OK for EndToEndId=2410682753149512. StatusCode=200, Body={
  "header" : {
    "msgId" : "2410682753149512",
    "creationDateTime" : "2025-12-07 09:53:25.659"
  },
  "paymentInfo" : {
    "identification" : {
      "endToEndId" : "2410682753149512"
    }
  },
  "status" : {
    "code" : "200",
    "subCode" : "0000",
    "msg" : "State is changed successfully"
  }
}
2025-12-07 15:53:26 [INF] Western Union status update SUCCESS for EndToEndId=2410682753149512 with subCode=0000 and code=200
2025-12-07 15:53:26 [INF] Sending PAID notification to WesternUnionUAT for EndToEndId=2410685610728330 with code=4030
2025-12-07 15:53:27 [INF] WU response OK for EndToEndId=2410685610728330. StatusCode=200, Body={
  "header" : {
    "msgId" : "2410685610728330",
    "creationDateTime" : "2025-12-07 09:53:26.743"
  },
  "paymentInfo" : {
    "identification" : {
      "endToEndId" : "2410685610728330"
    }
  },
  "status" : {
    "code" : "200",
    "subCode" : "0000",
    "msg" : "State is changed successfully"
  }
}
2025-12-07 15:53:27 [INF] Western Union status update SUCCESS for EndToEndId=2410685610728330 with subCode=0000 and code=200
2025-12-07 15:53:27 [INF] Sending PAID notification to WesternUnionUAT for EndToEndId=2410689111046871 with code=4030
2025-12-07 15:53:28 [INF] WU response OK for EndToEndId=2410689111046871. StatusCode=200, Body={
  "header" : {
    "msgId" : "2410689111046871",
    "creationDateTime" : "2025-12-07 09:53:27.814"
  },
  "paymentInfo" : {
    "identification" : {
      "endToEndId" : "2410689111046871"
    }
  },
  "status" : {
    "code" : "200",
    "subCode" : "0000",
    "msg" : "State is changed successfully"
  }
}
2025-12-07 15:53:28 [INF] Western Union status update SUCCESS for EndToEndId=2410689111046871 with subCode=0000 and code=200
2025-12-07 16:13:51 [INF] Sending CANCEL notification to WesternUnionUAT for EndToEndId=2228083818368660 with code=4024
2025-12-07 16:13:53 [INF] WU response OK for EndToEndId=2228083818368660. StatusCode=200, Body={
  "header" : {
    "msgId" : "2228083818368660",
    "creationDateTime" : "2025-12-07 10:13:51.818"
  },
  "paymentInfo" : {
    "identification" : {
      "endToEndId" : "2228083818368660"
    }
  },
  "status" : {
    "code" : "404",
    "subCode" : "7200",
    "msg" : "Transaction does not exist."
  }
}
2025-12-07 16:13:53 [ERR] Error processing Western Union statuses.
System.Data.SqlClient.SqlException (0x80131904): The conversion of the nvarchar value '2228083818368660' overflowed an int column.
The statement has been terminated.
   at System.Data.SqlClient.SqlConnection.OnError(SqlException exception, Boolean breakConnection, Action`1 wrapCloseInAction)
   at System.Data.SqlClient.SqlInternalConnection.OnError(SqlException exception, Boolean breakConnection, Action`1 wrapCloseInAction)
   at System.Data.SqlClient.TdsParser.ThrowExceptionAndWarning(TdsParserStateObject stateObj, Boolean callerHasConnectionLock, Boolean asyncClose)
   at System.Data.SqlClient.TdsParser.TryRun(RunBehavior runBehavior, SqlCommand cmdHandler, SqlDataReader dataStream, BulkCopySimpleResultSet bulkCopyHandler, TdsParserStateObject stateObj, Boolean& dataReady)
   at System.Data.SqlClient.SqlCommand.FinishExecuteReader(SqlDataReader ds, RunBehavior runBehavior, String resetOptionsString)
   at System.Data.SqlClient.SqlCommand.CompleteAsyncExecuteReader()
   at System.Data.SqlClient.SqlCommand.EndExecuteNonQueryInternal(IAsyncResult asyncResult)
   at System.Data.SqlClient.SqlCommand.EndExecuteNonQuery(IAsyncResult asyncResult)
   at System.Threading.Tasks.TaskFactory`1.FromAsyncCoreLogic(IAsyncResult iar, Func`2 endFunction, Action`1 endAction, Task`1 promise, Boolean requiresSynchronization)
--- End of stack trace from previous location ---
   at PaymentStatusDispatcher.Services.WesternUnionStatusRepository.InsertErrorHistoryAsync(String ttid, String errorDetail, DateTime errorTime, String connectionString) in E:\Project NEC\NEC_Money_Docs_Files\Reza Sir\Automation 1\PaymentStatusDispatcherWU - RND\PaymentStatusDispatcher\Services\WesternUnionStatusRepository.cs:line 117
   at PaymentStatusDispatcher.Services.Worker.ProcessWesternUnionStatusesAsync(CancellationToken stoppingToken) in E:\Project NEC\NEC_Money_Docs_Files\Reza Sir\Automation 1\PaymentStatusDispatcherWU - RND\PaymentStatusDispatcher\Services\Worker.cs:line 160
ClientConnectionId:12685f40-e4f7-4209-af20-22f5a56152bc
Error Number:248,State:1,Class:16
2025-12-07 16:14:15 [INF] Sending CANCEL notification to WesternUnionUAT for EndToEndId=2228083818368660 with code=4024
2025-12-07 16:14:16 [INF] WU response OK for EndToEndId=2228083818368660. StatusCode=200, Body={
  "header" : {
    "msgId" : "2228083818368660",
    "creationDateTime" : "2025-12-07 10:14:15.496"
  },
  "paymentInfo" : {
    "identification" : {
      "endToEndId" : "2228083818368660"
    }
  },
  "status" : {
    "code" : "404",
    "subCode" : "7200",
    "msg" : "Transaction does not exist."
  }
}
2025-12-07 16:14:16 [ERR] Error processing Western Union statuses.
System.Data.SqlClient.SqlException (0x80131904): The conversion of the nvarchar value '2228083818368660' overflowed an int column.
The statement has been terminated.
   at System.Data.SqlClient.SqlConnection.OnError(SqlException exception, Boolean breakConnection, Action`1 wrapCloseInAction)
   at System.Data.SqlClient.SqlInternalConnection.OnError(SqlException exception, Boolean breakConnection, Action`1 wrapCloseInAction)
   at System.Data.SqlClient.TdsParser.ThrowExceptionAndWarning(TdsParserStateObject stateObj, Boolean callerHasConnectionLock, Boolean asyncClose)
   at System.Data.SqlClient.TdsParser.TryRun(RunBehavior runBehavior, SqlCommand cmdHandler, SqlDataReader dataStream, BulkCopySimpleResultSet bulkCopyHandler, TdsParserStateObject stateObj, Boolean& dataReady)
   at System.Data.SqlClient.SqlCommand.FinishExecuteReader(SqlDataReader ds, RunBehavior runBehavior, String resetOptionsString)
   at System.Data.SqlClient.SqlCommand.CompleteAsyncExecuteReader()
   at System.Data.SqlClient.SqlCommand.EndExecuteNonQueryInternal(IAsyncResult asyncResult)
   at System.Data.SqlClient.SqlCommand.EndExecuteNonQuery(IAsyncResult asyncResult)
   at System.Threading.Tasks.TaskFactory`1.FromAsyncCoreLogic(IAsyncResult iar, Func`2 endFunction, Action`1 endAction, Task`1 promise, Boolean requiresSynchronization)
--- End of stack trace from previous location ---
   at PaymentStatusDispatcher.Services.WesternUnionStatusRepository.InsertErrorHistoryAsync(String ttid, String errorDetail, DateTime errorTime, String connectionString) in E:\Project NEC\NEC_Money_Docs_Files\Reza Sir\Automation 1\PaymentStatusDispatcherWU - RND\PaymentStatusDispatcher\Services\WesternUnionStatusRepository.cs:line 117
   at PaymentStatusDispatcher.Services.Worker.ProcessWesternUnionStatusesAsync(CancellationToken stoppingToken) in E:\Project NEC\NEC_Money_Docs_Files\Reza Sir\Automation 1\PaymentStatusDispatcherWU - RND\PaymentStatusDispatcher\Services\Worker.cs:line 160
ClientConnectionId:313b4f21-c981-4242-9482-2079165044da
Error Number:248,State:1,Class:16
2025-12-07 16:14:41 [INF] Sending CANCEL notification to WesternUnionUAT for EndToEndId=2228083818368660 with code=4024
2025-12-07 16:14:42 [INF] WU response OK for EndToEndId=2228083818368660. StatusCode=200, Body={
  "header" : {
    "msgId" : "2228083818368660",
    "creationDateTime" : "2025-12-07 10:14:41.363"
  },
  "paymentInfo" : {
    "identification" : {
      "endToEndId" : "2228083818368660"
    }
  },
  "status" : {
    "code" : "404",
    "subCode" : "7200",
    "msg" : "Transaction does not exist."
  }
}
2025-12-07 16:14:42 [ERR] Error processing Western Union statuses.
System.Data.SqlClient.SqlException (0x80131904): The conversion of the nvarchar value '2228083818368660' overflowed an int column.
The statement has been terminated.
   at System.Data.SqlClient.SqlConnection.OnError(SqlException exception, Boolean breakConnection, Action`1 wrapCloseInAction)
   at System.Data.SqlClient.SqlInternalConnection.OnError(SqlException exception, Boolean breakConnection, Action`1 wrapCloseInAction)
   at System.Data.SqlClient.TdsParser.ThrowExceptionAndWarning(TdsParserStateObject stateObj, Boolean callerHasConnectionLock, Boolean asyncClose)
   at System.Data.SqlClient.TdsParser.TryRun(RunBehavior runBehavior, SqlCommand cmdHandler, SqlDataReader dataStream, BulkCopySimpleResultSet bulkCopyHandler, TdsParserStateObject stateObj, Boolean& dataReady)
   at System.Data.SqlClient.SqlCommand.FinishExecuteReader(SqlDataReader ds, RunBehavior runBehavior, String resetOptionsString)
   at System.Data.SqlClient.SqlCommand.CompleteAsyncExecuteReader()
   at System.Data.SqlClient.SqlCommand.EndExecuteNonQueryInternal(IAsyncResult asyncResult)
   at System.Data.SqlClient.SqlCommand.EndExecuteNonQuery(IAsyncResult asyncResult)
   at System.Threading.Tasks.TaskFactory`1.FromAsyncCoreLogic(IAsyncResult iar, Func`2 endFunction, Action`1 endAction, Task`1 promise, Boolean requiresSynchronization)
--- End of stack trace from previous location ---
   at PaymentStatusDispatcher.Services.WesternUnionStatusRepository.InsertErrorHistoryAsync(String ttid, String errorDetail, DateTime errorTime, String connectionString) in E:\Project NEC\NEC_Money_Docs_Files\Reza Sir\Automation 1\PaymentStatusDispatcherWU - RND\PaymentStatusDispatcher\Services\WesternUnionStatusRepository.cs:line 117
   at PaymentStatusDispatcher.Services.Worker.ProcessWesternUnionStatusesAsync(CancellationToken stoppingToken) in E:\Project NEC\NEC_Money_Docs_Files\Reza Sir\Automation 1\PaymentStatusDispatcherWU - RND\PaymentStatusDispatcher\Services\Worker.cs:line 160
ClientConnectionId:d4d19e8a-9c84-4960-af75-936b3cf89f38
Error Number:248,State:1,Class:16
2025-12-07 16:15:03 [INF] Sending CANCEL notification to WesternUnionUAT for EndToEndId=2228083818368660 with code=4024
2025-12-07 16:15:04 [INF] WU response OK for EndToEndId=2228083818368660. StatusCode=200, Body={
  "header" : {
    "msgId" : "2228083818368660",
    "creationDateTime" : "2025-12-07 10:15:03.795"
  },
  "paymentInfo" : {
    "identification" : {
      "endToEndId" : "2228083818368660"
    }
  },
  "status" : {
    "code" : "404",
    "subCode" : "7200",
    "msg" : "Transaction does not exist."
  }
}
2025-12-07 16:15:04 [WRN] Western Union status update FAILED for EndToEndId=2228083818368660. Received error code=404- Sending this To [WSErrorHistories] Table
2025-12-07 16:15:05 [INF] Sending CANCEL notification to WesternUnionUAT for EndToEndId=2228084322867817 with code=4024
2025-12-07 16:15:05 [INF] WU response OK for EndToEndId=2228084322867817. StatusCode=200, Body={
  "header" : {
    "msgId" : "2228084322867817",
    "creationDateTime" : "2025-12-07 10:15:05.022"
  },
  "paymentInfo" : {
    "identification" : {
      "endToEndId" : "2228084322867817"
    }
  },
  "status" : {
    "code" : "404",
    "subCode" : "7200",
    "msg" : "Transaction does not exist."
  }
}
2025-12-07 16:15:05 [WRN] Western Union status update FAILED for EndToEndId=2228084322867817. Received error code=404- Sending this To [WSErrorHistories] Table
2025-12-07 16:15:05 [INF] Sending CANCEL notification to WesternUnionUAT for EndToEndId=2228480892049530 with code=4024
2025-12-07 16:16:14 [INF] Sending CANCEL notification to WesternUnionUAT for EndToEndId=2228083818368660 with code=4024
2025-12-07 16:16:15 [INF] WU response OK for EndToEndId=2228083818368660. StatusCode=200, Body={
  "header" : {
    "msgId" : "2228083818368660",
    "creationDateTime" : "2025-12-07 10:16:14.849"
  },
  "paymentInfo" : {
    "identification" : {
      "endToEndId" : "2228083818368660"
    }
  },
  "status" : {
    "code" : "404",
    "subCode" : "7200",
    "msg" : "Transaction does not exist."
  }
}
2025-12-07 16:16:15 [WRN] Western Union status update FAILED for EndToEndId=2228083818368660. Received error code=404- Sending this To [WSErrorHistories] Table
2025-12-07 16:16:26 [ERR] Error processing Western Union statuses.
System.Data.SqlClient.SqlException (0x80131904): The conversion of the nvarchar value '2228083818368660' overflowed an int column.
The statement has been terminated.
   at System.Data.SqlClient.SqlConnection.OnError(SqlException exception, Boolean breakConnection, Action`1 wrapCloseInAction)
   at System.Data.SqlClient.SqlInternalConnection.OnError(SqlException exception, Boolean breakConnection, Action`1 wrapCloseInAction)
   at System.Data.SqlClient.TdsParser.ThrowExceptionAndWarning(TdsParserStateObject stateObj, Boolean callerHasConnectionLock, Boolean asyncClose)
   at System.Data.SqlClient.TdsParser.TryRun(RunBehavior runBehavior, SqlCommand cmdHandler, SqlDataReader dataStream, BulkCopySimpleResultSet bulkCopyHandler, TdsParserStateObject stateObj, Boolean& dataReady)
   at System.Data.SqlClient.SqlCommand.FinishExecuteReader(SqlDataReader ds, RunBehavior runBehavior, String resetOptionsString)
   at System.Data.SqlClient.SqlCommand.CompleteAsyncExecuteReader()
   at System.Data.SqlClient.SqlCommand.EndExecuteNonQueryInternal(IAsyncResult asyncResult)
   at System.Data.SqlClient.SqlCommand.EndExecuteNonQuery(IAsyncResult asyncResult)
   at System.Threading.Tasks.TaskFactory`1.FromAsyncCoreLogic(IAsyncResult iar, Func`2 endFunction, Action`1 endAction, Task`1 promise, Boolean requiresSynchronization)
--- End of stack trace from previous location ---
   at PaymentStatusDispatcher.Services.WesternUnionStatusRepository.InsertErrorHistoryAsync(String ttid, String errorDetail, DateTime errorTime, String connectionString) in E:\Project NEC\NEC_Money_Docs_Files\Reza Sir\Automation 1\PaymentStatusDispatcherWU - RND\PaymentStatusDispatcher\Services\WesternUnionStatusRepository.cs:line 117
   at PaymentStatusDispatcher.Services.Worker.ProcessWesternUnionStatusesAsync(CancellationToken stoppingToken) in E:\Project NEC\NEC_Money_Docs_Files\Reza Sir\Automation 1\PaymentStatusDispatcherWU - RND\PaymentStatusDispatcher\Services\Worker.cs:line 163
ClientConnectionId:be566992-79ea-45eb-b993-e441132036c5
Error Number:248,State:1,Class:16
2025-12-07 16:17:16 [INF] Sending CANCEL notification to WesternUnionUAT for EndToEndId=2228083818368660 with code=4024
2025-12-07 16:17:17 [INF] WU response OK for EndToEndId=2228083818368660. StatusCode=200, Body={
  "header" : {
    "msgId" : "2228083818368660",
    "creationDateTime" : "2025-12-07 10:17:16.882"
  },
  "paymentInfo" : {
    "identification" : {
      "endToEndId" : "2228083818368660"
    }
  },
  "status" : {
    "code" : "404",
    "subCode" : "7200",
    "msg" : "Transaction does not exist."
  }
}
2025-12-07 16:17:17 [WRN] Western Union status update FAILED for EndToEndId=2228083818368660. Received error code=404- Sending this To [WSErrorHistories] Table
2025-12-07 16:20:09 [INF] Sending CANCEL notification to WesternUnionUAT for EndToEndId=2228083818368660 with code=4024
2025-12-07 16:20:10 [INF] WU response OK for EndToEndId=2228083818368660. StatusCode=200, Body={
  "header" : {
    "msgId" : "2228083818368660",
    "creationDateTime" : "2025-12-07 10:20:09.549"
  },
  "paymentInfo" : {
    "identification" : {
      "endToEndId" : "2228083818368660"
    }
  },
  "status" : {
    "code" : "404",
    "subCode" : "7200",
    "msg" : "Transaction does not exist."
  }
}
2025-12-07 16:20:10 [WRN] Western Union status update FAILED for EndToEndId=2228083818368660. Received error code=404- Sending this To [WSErrorHistories] Table
2025-12-07 16:20:22 [INF] Sending CANCEL notification to WesternUnionUAT for EndToEndId=2228084322867817 with code=4024
2025-12-07 16:20:22 [INF] WU response OK for EndToEndId=2228084322867817. StatusCode=200, Body={
  "header" : {
    "msgId" : "2228084322867817",
    "creationDateTime" : "2025-12-07 10:20:22.080"
  },
  "paymentInfo" : {
    "identification" : {
      "endToEndId" : "2228084322867817"
    }
  },
  "status" : {
    "code" : "404",
    "subCode" : "7200",
    "msg" : "Transaction does not exist."
  }
}
2025-12-07 16:20:22 [WRN] Western Union status update FAILED for EndToEndId=2228084322867817. Received error code=404- Sending this To [WSErrorHistories] Table
2025-12-07 16:20:38 [INF] Sending CANCEL notification to WesternUnionUAT for EndToEndId=2228480892049530 with code=4024
2025-12-07 16:20:38 [INF] WU response OK for EndToEndId=2228480892049530. StatusCode=200, Body={
  "header" : {
    "msgId" : "2228480892049530",
    "creationDateTime" : "2025-12-07 10:20:38.161"
  },
  "paymentInfo" : {
    "identification" : {
      "endToEndId" : "2228480892049530"
    }
  },
  "status" : {
    "code" : "404",
    "subCode" : "7200",
    "msg" : "Transaction does not exist."
  }
}
2025-12-07 16:20:38 [WRN] Western Union status update FAILED for EndToEndId=2228480892049530. Received error code=404- Sending this To [WSErrorHistories] Table
2025-12-07 16:20:48 [INF] Sending CANCEL notification to WesternUnionUAT for EndToEndId=2228485770766160 with code=4024
2025-12-07 16:20:48 [INF] WU response OK for EndToEndId=2228485770766160. StatusCode=200, Body={
  "header" : {
    "msgId" : "2228485770766160",
    "creationDateTime" : "2025-12-07 10:20:48.142"
  },
  "paymentInfo" : {
    "identification" : {
      "endToEndId" : "2228485770766160"
    }
  },
  "status" : {
    "code" : "404",
    "subCode" : "7200",
    "msg" : "Transaction does not exist."
  }
}
2025-12-07 16:20:48 [WRN] Western Union status update FAILED for EndToEndId=2228485770766160. Received error code=404- Sending this To [WSErrorHistories] Table
2025-12-07 16:22:51 [INF] Sending CANCEL notification to WesternUnionUAT for EndToEndId=2228083818368660 with code=4024
2025-12-07 16:22:51 [INF] WU response OK for EndToEndId=2228083818368660. StatusCode=200, Body={
  "header" : {
    "msgId" : "2228083818368660",
    "creationDateTime" : "2025-12-07 10:22:50.986"
  },
  "paymentInfo" : {
    "identification" : {
      "endToEndId" : "2228083818368660"
    }
  },
  "status" : {
    "code" : "404",
    "subCode" : "7200",
    "msg" : "Transaction does not exist."
  }
}
2025-12-07 16:22:51 [WRN] Western Union status update FAILED for EndToEndId=2228083818368660. Received error code=404- Sending this To [WSErrorHistories] Table
2025-12-07 16:23:06 [INF] Sending CANCEL notification to WesternUnionUAT for EndToEndId=2228084322867817 with code=4024
2025-12-07 16:23:06 [INF] WU response OK for EndToEndId=2228084322867817. StatusCode=200, Body={
  "header" : {
    "msgId" : "2228084322867817",
    "creationDateTime" : "2025-12-07 10:23:06.242"
  },
  "paymentInfo" : {
    "identification" : {
      "endToEndId" : "2228084322867817"
    }
  },
  "status" : {
    "code" : "404",
    "subCode" : "7200",
    "msg" : "Transaction does not exist."
  }
}
2025-12-07 16:23:06 [WRN] Western Union status update FAILED for EndToEndId=2228084322867817. Received error code=404- Sending this To [WSErrorHistories] Table
2025-12-07 16:23:08 [INF] Sending CANCEL notification to WesternUnionUAT for EndToEndId=2228480892049530 with code=4024
2025-12-07 16:23:08 [INF] WU response OK for EndToEndId=2228480892049530. StatusCode=200, Body={
  "header" : {
    "msgId" : "2228480892049530",
    "creationDateTime" : "2025-12-07 10:23:08.065"
  },
  "paymentInfo" : {
    "identification" : {
      "endToEndId" : "2228480892049530"
    }
  },
  "status" : {
    "code" : "404",
    "subCode" : "7200",
    "msg" : "Transaction does not exist."
  }
}
2025-12-07 16:23:08 [WRN] Western Union status update FAILED for EndToEndId=2228480892049530. Received error code=404- Sending this To [WSErrorHistories] Table
2025-12-07 16:23:12 [INF] Sending CANCEL notification to WesternUnionUAT for EndToEndId=2228485770766160 with code=4024
2025-12-07 16:23:12 [INF] WU response OK for EndToEndId=2228485770766160. StatusCode=200, Body={
  "header" : {
    "msgId" : "2228485770766160",
    "creationDateTime" : "2025-12-07 10:23:12.452"
  },
  "paymentInfo" : {
    "identification" : {
      "endToEndId" : "2228485770766160"
    }
  },
  "status" : {
    "code" : "404",
    "subCode" : "7200",
    "msg" : "Transaction does not exist."
  }
}
2025-12-07 16:23:12 [WRN] Western Union status update FAILED for EndToEndId=2228485770766160. Received error code=404- Sending this To [WSErrorHistories] Table
2025-12-07 16:23:16 [INF] Sending CANCEL notification to WesternUnionUAT for EndToEndId=2228489720707017 with code=4024
2025-12-07 16:23:16 [INF] WU response OK for EndToEndId=2228489720707017. StatusCode=200, Body={
  "header" : {
    "msgId" : "2228489720707017",
    "creationDateTime" : "2025-12-07 10:23:16.169"
  },
  "paymentInfo" : {
    "identification" : {
      "endToEndId" : "2228489720707017"
    }
  },
  "status" : {
    "code" : "404",
    "subCode" : "7200",
    "msg" : "Transaction does not exist."
  }
}
2025-12-07 16:23:16 [WRN] Western Union status update FAILED for EndToEndId=2228489720707017. Received error code=404- Sending this To [WSErrorHistories] Table
2025-12-07 16:23:17 [INF] Sending CANCEL notification to WesternUnionUAT for EndToEndId=2228680982055570 with code=4024
2025-12-07 16:23:17 [INF] WU response OK for EndToEndId=2228680982055570. StatusCode=200, Body={
  "header" : {
    "msgId" : "2228680982055570",
    "creationDateTime" : "2025-12-07 10:23:17.099"
  },
  "paymentInfo" : {
    "identification" : {
      "endToEndId" : "2228680982055570"
    }
  },
  "status" : {
    "code" : "404",
    "subCode" : "7200",
    "msg" : "Transaction does not exist."
  }
}
2025-12-07 16:23:17 [WRN] Western Union status update FAILED for EndToEndId=2228680982055570. Received error code=404- Sending this To [WSErrorHistories] Table
2025-12-07 16:23:18 [INF] Sending CANCEL notification to WesternUnionUAT for EndToEndId=2228682621874171 with code=4024
2025-12-07 16:23:18 [INF] WU response OK for EndToEndId=2228682621874171. StatusCode=200, Body={
  "header" : {
    "msgId" : "2228682621874171",
    "creationDateTime" : "2025-12-07 10:23:18.034"
  },
  "paymentInfo" : {
    "identification" : {
      "endToEndId" : "2228682621874171"
    }
  },
  "status" : {
    "code" : "200",
    "subCode" : "0000",
    "msg" : "State is changed successfully"
  }
}
2025-12-07 16:23:18 [INF] Western Union status update SUCCESS for EndToEndId=2228682621874171 with subCode=0000 and code=200
2025-12-07 16:23:19 [INF] Sending CANCEL notification to WesternUnionUAT for EndToEndId=2228682921289164 with code=4024
2025-12-07 16:23:19 [INF] WU response OK for EndToEndId=2228682921289164. StatusCode=200, Body={
  "header" : {
    "msgId" : "2228682921289164",
    "creationDateTime" : "2025-12-07 10:23:19.085"
  },
  "paymentInfo" : {
    "identification" : {
      "endToEndId" : "2228682921289164"
    }
  },
  "status" : {
    "code" : "404",
    "subCode" : "7200",
    "msg" : "Transaction does not exist."
  }
}
2025-12-07 16:23:19 [WRN] Western Union status update FAILED for EndToEndId=2228682921289164. Received error code=404- Sending this To [WSErrorHistories] Table
2025-12-07 16:23:20 [INF] Sending CANCEL notification to WesternUnionUAT for EndToEndId=2228684241743904 with code=4024
2025-12-07 16:23:20 [INF] WU response OK for EndToEndId=2228684241743904. StatusCode=200, Body={
  "header" : {
    "msgId" : "2228684241743904",
    "creationDateTime" : "2025-12-07 10:23:20.019"
  },
  "paymentInfo" : {
    "identification" : {
      "endToEndId" : "2228684241743904"
    }
  },
  "status" : {
    "code" : "500",
    "subCode" : "1510",
    "msg" : "Invalid payment state transition"
  }
}
2025-12-07 16:23:20 [WRN] Western Union status update FAILED for EndToEndId=2228684241743904. Received error code=500- Sending this To [WSErrorHistories] Table
2025-12-07 16:23:21 [INF] Sending CANCEL notification to WesternUnionUAT for EndToEndId=2228689290367575 with code=4024
2025-12-07 16:23:21 [INF] WU response OK for EndToEndId=2228689290367575. StatusCode=200, Body={
  "header" : {
    "msgId" : "2228689290367575",
    "creationDateTime" : "2025-12-07 10:23:21.031"
  },
  "paymentInfo" : {
    "identification" : {
      "endToEndId" : "2228689290367575"
    }
  },
  "status" : {
    "code" : "200",
    "subCode" : "0000",
    "msg" : "State is changed successfully"
  }
}
2025-12-07 16:23:21 [INF] Western Union status update SUCCESS for EndToEndId=2228689290367575 with subCode=0000 and code=200
2025-12-07 16:23:22 [INF] Sending CANCEL notification to WesternUnionUAT for EndToEndId=2231289051334951 with code=4024
2025-12-07 16:23:22 [INF] WU response OK for EndToEndId=2231289051334951. StatusCode=200, Body={
  "header" : {
    "msgId" : "2231289051334951",
    "creationDateTime" : "2025-12-07 10:23:22.084"
  },
  "paymentInfo" : {
    "identification" : {
      "endToEndId" : "2231289051334951"
    }
  },
  "status" : {
    "code" : "404",
    "subCode" : "7200",
    "msg" : "Transaction does not exist."
  }
}
2025-12-07 16:23:22 [WRN] Western Union status update FAILED for EndToEndId=2231289051334951. Received error code=404- Sending this To [WSErrorHistories] Table
2025-12-07 16:23:23 [INF] Sending CANCEL notification to WesternUnionUAT for EndToEndId=2305284391155202 with code=4024
2025-12-07 16:23:23 [INF] WU response OK for EndToEndId=2305284391155202. StatusCode=200, Body={
  "header" : {
    "msgId" : "2305284391155202",
    "creationDateTime" : "2025-12-07 10:23:23.022"
  },
  "paymentInfo" : {
    "identification" : {
      "endToEndId" : "2305284391155202"
    }
  },
  "status" : {
    "code" : "200",
    "subCode" : "0000",
    "msg" : "State is changed successfully"
  }
}
2025-12-07 16:23:23 [INF] Western Union status update SUCCESS for EndToEndId=2305284391155202 with subCode=0000 and code=200
2025-12-07 16:23:24 [INF] Sending CANCEL notification to WesternUnionUAT for EndToEndId=2305586990205069 with code=4024
2025-12-07 16:23:24 [INF] WU response OK for EndToEndId=2305586990205069. StatusCode=200, Body={
  "header" : {
    "msgId" : "2305586990205069",
    "creationDateTime" : "2025-12-07 10:23:24.086"
  },
  "paymentInfo" : {
    "identification" : {
      "endToEndId" : "2305586990205069"
    }
  },
  "status" : {
    "code" : "200",
    "subCode" : "0000",
    "msg" : "State is changed successfully"
  }
}
2025-12-07 16:23:24 [INF] Western Union status update SUCCESS for EndToEndId=2305586990205069 with subCode=0000 and code=200
2025-12-07 16:23:25 [INF] Sending PAID notification to WesternUnionUAT for EndToEndId=2334184040728559 with code=4030
2025-12-07 16:23:25 [INF] WU response OK for EndToEndId=2334184040728559. StatusCode=200, Body={
  "header" : {
    "msgId" : "2334184040728559",
    "creationDateTime" : "2025-12-07 10:23:25.175"
  },
  "paymentInfo" : {
    "identification" : {
      "endToEndId" : "2334184040728559"
    }
  },
  "status" : {
    "code" : "404",
    "subCode" : "7200",
    "msg" : "Transaction does not exist."
  }
}
2025-12-07 16:23:25 [WRN] Western Union status update FAILED for EndToEndId=2334184040728559. Received error code=404- Sending this To [WSErrorHistories] Table
2025-12-07 16:23:26 [INF] Sending PAID notification to WesternUnionUAT for EndToEndId=2334186940178686 with code=4030
2025-12-07 16:23:26 [INF] WU response OK for EndToEndId=2334186940178686. StatusCode=200, Body={
  "header" : {
    "msgId" : "2334186940178686",
    "creationDateTime" : "2025-12-07 10:23:26.103"
  },
  "paymentInfo" : {
    "identification" : {
      "endToEndId" : "2334186940178686"
    }
  },
  "status" : {
    "code" : "404",
    "subCode" : "7200",
    "msg" : "Transaction does not exist."
  }
}
2025-12-07 16:23:26 [WRN] Western Union status update FAILED for EndToEndId=2334186940178686. Received error code=404- Sending this To [WSErrorHistories] Table
2025-12-07 16:23:27 [INF] Sending PAID notification to WesternUnionUAT for EndToEndId=2334187339242397 with code=4030
2025-12-07 16:23:27 [INF] WU response OK for EndToEndId=2334187339242397. StatusCode=200, Body={
  "header" : {
    "msgId" : "2334187339242397",
    "creationDateTime" : "2025-12-07 10:23:27.034"
  },
  "paymentInfo" : {
    "identification" : {
      "endToEndId" : "2334187339242397"
    }
  },
  "status" : {
    "code" : "404",
    "subCode" : "7200",
    "msg" : "Transaction does not exist."
  }
}
2025-12-07 16:23:27 [WRN] Western Union status update FAILED for EndToEndId=2334187339242397. Received error code=404- Sending this To [WSErrorHistories] Table
2025-12-07 16:23:27 [INF] Sending PAID notification to WesternUnionUAT for EndToEndId=2334188245095223 with code=4030
2025-12-07 16:23:28 [INF] WU response OK for EndToEndId=2334188245095223. StatusCode=200, Body={
  "header" : {
    "msgId" : "2334188245095223",
    "creationDateTime" : "2025-12-07 10:23:27.966"
  },
  "paymentInfo" : {
    "identification" : {
      "endToEndId" : "2334188245095223"
    }
  },
  "status" : {
    "code" : "404",
    "subCode" : "7200",
    "msg" : "Transaction does not exist."
  }
}
2025-12-07 16:23:28 [WRN] Western Union status update FAILED for EndToEndId=2334188245095223. Received error code=404- Sending this To [WSErrorHistories] Table
2025-12-07 16:23:28 [INF] Sending PAID notification to WesternUnionUAT for EndToEndId=2410682753149512 with code=4030
2025-12-07 16:23:29 [INF] WU response OK for EndToEndId=2410682753149512. StatusCode=200, Body={
  "header" : {
    "msgId" : "2410682753149512",
    "creationDateTime" : "2025-12-07 10:23:28.913"
  },
  "paymentInfo" : {
    "identification" : {
      "endToEndId" : "2410682753149512"
    }
  },
  "status" : {
    "code" : "200",
    "subCode" : "0000",
    "msg" : "State is changed successfully"
  }
}
2025-12-07 16:23:29 [INF] Western Union status update SUCCESS for EndToEndId=2410682753149512 with subCode=0000 and code=200
2025-12-07 16:23:29 [INF] Sending PAID notification to WesternUnionUAT for EndToEndId=2410685610728330 with code=4030
2025-12-07 16:23:30 [INF] WU response OK for EndToEndId=2410685610728330. StatusCode=200, Body={
  "header" : {
    "msgId" : "2410685610728330",
    "creationDateTime" : "2025-12-07 10:23:29.972"
  },
  "paymentInfo" : {
    "identification" : {
      "endToEndId" : "2410685610728330"
    }
  },
  "status" : {
    "code" : "200",
    "subCode" : "0000",
    "msg" : "State is changed successfully"
  }
}
2025-12-07 16:23:30 [INF] Western Union status update SUCCESS for EndToEndId=2410685610728330 with subCode=0000 and code=200
2025-12-07 16:23:31 [INF] Sending PAID notification to WesternUnionUAT for EndToEndId=2410689111046871 with code=4030
2025-12-07 16:23:31 [INF] WU response OK for EndToEndId=2410689111046871. StatusCode=200, Body={
  "header" : {
    "msgId" : "2410689111046871",
    "creationDateTime" : "2025-12-07 10:23:31.059"
  },
  "paymentInfo" : {
    "identification" : {
      "endToEndId" : "2410689111046871"
    }
  },
  "status" : {
    "code" : "200",
    "subCode" : "0000",
    "msg" : "State is changed successfully"
  }
}
2025-12-07 16:23:31 [INF] Western Union status update SUCCESS for EndToEndId=2410689111046871 with subCode=0000 and code=200
2025-12-07 16:24:22 [INF] Sending CANCEL notification to WesternUnionUAT for EndToEndId=2228083818368660 with code=4024
2025-12-07 16:24:22 [INF] WU response OK for EndToEndId=2228083818368660. StatusCode=200, Body={
  "header" : {
    "msgId" : "2228083818368660",
    "creationDateTime" : "2025-12-07 10:24:22.153"
  },
  "paymentInfo" : {
    "identification" : {
      "endToEndId" : "2228083818368660"
    }
  },
  "status" : {
    "code" : "404",
    "subCode" : "7200",
    "msg" : "Transaction does not exist."
  }
}
2025-12-07 16:24:22 [WRN] Western Union status update FAILED for EndToEndId=2228083818368660. Received error code=404- Sending this To [WSErrorHistories] Table
2025-12-07 16:24:23 [INF] Sending CANCEL notification to WesternUnionUAT for EndToEndId=2228084322867817 with code=4024
2025-12-07 16:24:23 [INF] WU response OK for EndToEndId=2228084322867817. StatusCode=200, Body={
  "header" : {
    "msgId" : "2228084322867817",
    "creationDateTime" : "2025-12-07 10:24:23.326"
  },
  "paymentInfo" : {
    "identification" : {
      "endToEndId" : "2228084322867817"
    }
  },
  "status" : {
    "code" : "404",
    "subCode" : "7200",
    "msg" : "Transaction does not exist."
  }
}
2025-12-07 16:24:23 [WRN] Western Union status update FAILED for EndToEndId=2228084322867817. Received error code=404- Sending this To [WSErrorHistories] Table
2025-12-07 16:24:24 [INF] Sending CANCEL notification to WesternUnionUAT for EndToEndId=2228480892049530 with code=4024
2025-12-07 16:24:24 [INF] WU response OK for EndToEndId=2228480892049530. StatusCode=200, Body={
  "header" : {
    "msgId" : "2228480892049530",
    "creationDateTime" : "2025-12-07 10:24:24.252"
  },
  "paymentInfo" : {
    "identification" : {
      "endToEndId" : "2228480892049530"
    }
  },
  "status" : {
    "code" : "404",
    "subCode" : "7200",
    "msg" : "Transaction does not exist."
  }
}
2025-12-07 16:24:24 [WRN] Western Union status update FAILED for EndToEndId=2228480892049530. Received error code=404- Sending this To [WSErrorHistories] Table
2025-12-07 16:24:25 [INF] Sending CANCEL notification to WesternUnionUAT for EndToEndId=2228485770766160 with code=4024
2025-12-07 16:24:25 [INF] WU response OK for EndToEndId=2228485770766160. StatusCode=200, Body={
  "header" : {
    "msgId" : "2228485770766160",
    "creationDateTime" : "2025-12-07 10:24:25.194"
  },
  "paymentInfo" : {
    "identification" : {
      "endToEndId" : "2228485770766160"
    }
  },
  "status" : {
    "code" : "404",
    "subCode" : "7200",
    "msg" : "Transaction does not exist."
  }
}
2025-12-07 16:24:25 [WRN] Western Union status update FAILED for EndToEndId=2228485770766160. Received error code=404- Sending this To [WSErrorHistories] Table
2025-12-07 16:24:26 [INF] Sending CANCEL notification to WesternUnionUAT for EndToEndId=2228489720707017 with code=4024
2025-12-07 16:24:26 [INF] WU response OK for EndToEndId=2228489720707017. StatusCode=200, Body={
  "header" : {
    "msgId" : "2228489720707017",
    "creationDateTime" : "2025-12-07 10:24:26.113"
  },
  "paymentInfo" : {
    "identification" : {
      "endToEndId" : "2228489720707017"
    }
  },
  "status" : {
    "code" : "404",
    "subCode" : "7200",
    "msg" : "Transaction does not exist."
  }
}
2025-12-07 16:24:26 [WRN] Western Union status update FAILED for EndToEndId=2228489720707017. Received error code=404- Sending this To [WSErrorHistories] Table
2025-12-07 16:24:27 [INF] Sending CANCEL notification to WesternUnionUAT for EndToEndId=2228680982055570 with code=4024
2025-12-07 16:24:27 [INF] WU response OK for EndToEndId=2228680982055570. StatusCode=200, Body={
  "header" : {
    "msgId" : "2228680982055570",
    "creationDateTime" : "2025-12-07 10:24:27.043"
  },
  "paymentInfo" : {
    "identification" : {
      "endToEndId" : "2228680982055570"
    }
  },
  "status" : {
    "code" : "404",
    "subCode" : "7200",
    "msg" : "Transaction does not exist."
  }
}
2025-12-07 16:24:27 [WRN] Western Union status update FAILED for EndToEndId=2228680982055570. Received error code=404- Sending this To [WSErrorHistories] Table
2025-12-07 16:24:27 [INF] Sending CANCEL notification to WesternUnionUAT for EndToEndId=2228682621874171 with code=4024
2025-12-07 16:24:28 [INF] WU response OK for EndToEndId=2228682621874171. StatusCode=200, Body={
  "header" : {
    "msgId" : "2228682621874171",
    "creationDateTime" : "2025-12-07 10:24:27.970"
  },
  "paymentInfo" : {
    "identification" : {
      "endToEndId" : "2228682621874171"
    }
  },
  "status" : {
    "code" : "200",
    "subCode" : "0000",
    "msg" : "State is changed successfully"
  }
}
2025-12-07 16:24:28 [INF] Western Union status update SUCCESS for EndToEndId=2228682621874171 with subCode=0000 and code=200
2025-12-07 16:24:29 [INF] Sending CANCEL notification to WesternUnionUAT for EndToEndId=2228682921289164 with code=4024
2025-12-07 16:24:29 [INF] WU response OK for EndToEndId=2228682921289164. StatusCode=200, Body={
  "header" : {
    "msgId" : "2228682921289164",
    "creationDateTime" : "2025-12-07 10:24:29.007"
  },
  "paymentInfo" : {
    "identification" : {
      "endToEndId" : "2228682921289164"
    }
  },
  "status" : {
    "code" : "404",
    "subCode" : "7200",
    "msg" : "Transaction does not exist."
  }
}
2025-12-07 16:24:29 [WRN] Western Union status update FAILED for EndToEndId=2228682921289164. Received error code=404- Sending this To [WSErrorHistories] Table
2025-12-07 16:24:29 [INF] Sending CANCEL notification to WesternUnionUAT for EndToEndId=2228684241743904 with code=4024
2025-12-07 16:24:30 [INF] WU response OK for EndToEndId=2228684241743904. StatusCode=200, Body={
  "header" : {
    "msgId" : "2228684241743904",
    "creationDateTime" : "2025-12-07 10:24:29.937"
  },
  "paymentInfo" : {
    "identification" : {
      "endToEndId" : "2228684241743904"
    }
  },
  "status" : {
    "code" : "500",
    "subCode" : "1510",
    "msg" : "Invalid payment state transition"
  }
}
2025-12-07 16:24:30 [WRN] Western Union status update FAILED for EndToEndId=2228684241743904. Received error code=500- Sending this To [WSErrorHistories] Table
2025-12-07 16:24:30 [INF] Sending CANCEL notification to WesternUnionUAT for EndToEndId=2228689290367575 with code=4024
2025-12-07 16:24:31 [INF] WU response OK for EndToEndId=2228689290367575. StatusCode=200, Body={
  "header" : {
    "msgId" : "2228689290367575",
    "creationDateTime" : "2025-12-07 10:24:30.929"
  },
  "paymentInfo" : {
    "identification" : {
      "endToEndId" : "2228689290367575"
    }
  },
  "status" : {
    "code" : "200",
    "subCode" : "0000",
    "msg" : "State is changed successfully"
  }
}
2025-12-07 16:24:31 [INF] Western Union status update SUCCESS for EndToEndId=2228689290367575 with subCode=0000 and code=200
2025-12-07 16:24:32 [INF] Sending CANCEL notification to WesternUnionUAT for EndToEndId=2231289051334951 with code=4024
2025-12-07 16:24:32 [INF] WU response OK for EndToEndId=2231289051334951. StatusCode=200, Body={
  "header" : {
    "msgId" : "2231289051334951",
    "creationDateTime" : "2025-12-07 10:24:32.014"
  },
  "paymentInfo" : {
    "identification" : {
      "endToEndId" : "2231289051334951"
    }
  },
  "status" : {
    "code" : "404",
    "subCode" : "7200",
    "msg" : "Transaction does not exist."
  }
}
2025-12-07 16:24:32 [WRN] Western Union status update FAILED for EndToEndId=2231289051334951. Received error code=404- Sending this To [WSErrorHistories] Table
2025-12-07 16:24:32 [INF] Sending CANCEL notification to WesternUnionUAT for EndToEndId=2305284391155202 with code=4024
2025-12-07 16:24:33 [INF] WU response OK for EndToEndId=2305284391155202. StatusCode=200, Body={
  "header" : {
    "msgId" : "2305284391155202",
    "creationDateTime" : "2025-12-07 10:24:32.945"
  },
  "paymentInfo" : {
    "identification" : {
      "endToEndId" : "2305284391155202"
    }
  },
  "status" : {
    "code" : "200",
    "subCode" : "0000",
    "msg" : "State is changed successfully"
  }
}
2025-12-07 16:24:33 [INF] Western Union status update SUCCESS for EndToEndId=2305284391155202 with subCode=0000 and code=200
2025-12-07 16:24:33 [INF] Sending CANCEL notification to WesternUnionUAT for EndToEndId=2305586990205069 with code=4024
2025-12-07 16:24:34 [INF] WU response OK for EndToEndId=2305586990205069. StatusCode=200, Body={
  "header" : {
    "msgId" : "2305586990205069",
    "creationDateTime" : "2025-12-07 10:24:33.987"
  },
  "paymentInfo" : {
    "identification" : {
      "endToEndId" : "2305586990205069"
    }
  },
  "status" : {
    "code" : "200",
    "subCode" : "0000",
    "msg" : "State is changed successfully"
  }
}
2025-12-07 16:24:34 [INF] Western Union status update SUCCESS for EndToEndId=2305586990205069 with subCode=0000 and code=200
2025-12-07 16:24:35 [INF] Sending PAID notification to WesternUnionUAT for EndToEndId=2334184040728559 with code=4030
2025-12-07 16:24:35 [INF] WU response OK for EndToEndId=2334184040728559. StatusCode=200, Body={
  "header" : {
    "msgId" : "2334184040728559",
    "creationDateTime" : "2025-12-07 10:24:35.025"
  },
  "paymentInfo" : {
    "identification" : {
      "endToEndId" : "2334184040728559"
    }
  },
  "status" : {
    "code" : "404",
    "subCode" : "7200",
    "msg" : "Transaction does not exist."
  }
}
2025-12-07 16:24:35 [WRN] Western Union status update FAILED for EndToEndId=2334184040728559. Received error code=404- Sending this To [WSErrorHistories] Table
2025-12-07 16:24:35 [INF] Sending PAID notification to WesternUnionUAT for EndToEndId=2334186940178686 with code=4030
2025-12-07 16:24:36 [INF] WU response OK for EndToEndId=2334186940178686. StatusCode=200, Body={
  "header" : {
    "msgId" : "2334186940178686",
    "creationDateTime" : "2025-12-07 10:24:35.956"
  },
  "paymentInfo" : {
    "identification" : {
      "endToEndId" : "2334186940178686"
    }
  },
  "status" : {
    "code" : "404",
    "subCode" : "7200",
    "msg" : "Transaction does not exist."
  }
}
2025-12-07 16:24:36 [WRN] Western Union status update FAILED for EndToEndId=2334186940178686. Received error code=404- Sending this To [WSErrorHistories] Table
2025-12-07 16:24:36 [INF] Sending PAID notification to WesternUnionUAT for EndToEndId=2334187339242397 with code=4030
2025-12-07 16:24:37 [INF] WU response OK for EndToEndId=2334187339242397. StatusCode=200, Body={
  "header" : {
    "msgId" : "2334187339242397",
    "creationDateTime" : "2025-12-07 10:24:36.873"
  },
  "paymentInfo" : {
    "identification" : {
      "endToEndId" : "2334187339242397"
    }
  },
  "status" : {
    "code" : "404",
    "subCode" : "7200",
    "msg" : "Transaction does not exist."
  }
}
2025-12-07 16:24:37 [WRN] Western Union status update FAILED for EndToEndId=2334187339242397. Received error code=404- Sending this To [WSErrorHistories] Table
2025-12-07 16:24:37 [INF] Sending PAID notification to WesternUnionUAT for EndToEndId=2334188245095223 with code=4030
2025-12-07 16:24:38 [INF] WU response OK for EndToEndId=2334188245095223. StatusCode=200, Body={
  "header" : {
    "msgId" : "2334188245095223",
    "creationDateTime" : "2025-12-07 10:24:37.800"
  },
  "paymentInfo" : {
    "identification" : {
      "endToEndId" : "2334188245095223"
    }
  },
  "status" : {
    "code" : "404",
    "subCode" : "7200",
    "msg" : "Transaction does not exist."
  }
}
2025-12-07 16:24:38 [WRN] Western Union status update FAILED for EndToEndId=2334188245095223. Received error code=404- Sending this To [WSErrorHistories] Table
2025-12-07 16:24:38 [INF] Sending PAID notification to WesternUnionUAT for EndToEndId=2410682753149512 with code=4030
2025-12-07 16:24:39 [INF] WU response OK for EndToEndId=2410682753149512. StatusCode=200, Body={
  "header" : {
    "msgId" : "2410682753149512",
    "creationDateTime" : "2025-12-07 10:24:38.734"
  },
  "paymentInfo" : {
    "identification" : {
      "endToEndId" : "2410682753149512"
    }
  },
  "status" : {
    "code" : "200",
    "subCode" : "0000",
    "msg" : "State is changed successfully"
  }
}
2025-12-07 16:24:39 [INF] Western Union status update SUCCESS for EndToEndId=2410682753149512 with subCode=0000 and code=200
2025-12-07 16:24:39 [INF] Sending PAID notification to WesternUnionUAT for EndToEndId=2410685610728330 with code=4030
2025-12-07 16:24:40 [INF] WU response OK for EndToEndId=2410685610728330. StatusCode=200, Body={
  "header" : {
    "msgId" : "2410685610728330",
    "creationDateTime" : "2025-12-07 10:24:39.857"
  },
  "paymentInfo" : {
    "identification" : {
      "endToEndId" : "2410685610728330"
    }
  },
  "status" : {
    "code" : "200",
    "subCode" : "0000",
    "msg" : "State is changed successfully"
  }
}
2025-12-07 16:24:40 [INF] Western Union status update SUCCESS for EndToEndId=2410685610728330 with subCode=0000 and code=200
2025-12-07 16:24:40 [INF] Sending PAID notification to WesternUnionUAT for EndToEndId=2410689111046871 with code=4030
2025-12-07 16:24:41 [INF] WU response OK for EndToEndId=2410689111046871. StatusCode=200, Body={
  "header" : {
    "msgId" : "2410689111046871",
    "creationDateTime" : "2025-12-07 10:24:40.954"
  },
  "paymentInfo" : {
    "identification" : {
      "endToEndId" : "2410689111046871"
    }
  },
  "status" : {
    "code" : "200",
    "subCode" : "0000",
    "msg" : "State is changed successfully"
  }
}
2025-12-07 16:24:41 [INF] Western Union status update SUCCESS for EndToEndId=2410689111046871 with subCode=0000 and code=200
