2025-12-06 16:45:40 [ERR] Error processing Western Union statuses.
System.InvalidCastException: Unable to cast object of type 'System.Int32' to type 'System.String'.
   at System.Data.SqlClient.SqlBuffer.get_String()
   at System.Data.SqlClient.SqlDataReader.GetString(Int32 i)
   at PaymentStatusDispatcher.Services.WesternUnionStatusRepository.GetWesternUnionStatusesAsync(String connectionString, ILogger logger, CancellationToken stoppingToken) in E:\Project NEC\NEC_Money_Docs_Files\Reza Sir\Automation 1\PaymentStatusDispatcherWU - RND\PaymentStatusDispatcher\Services\WesternUnionStatusRepository.cs:line 50
   at PaymentStatusDispatcher.Services.WesternUnionStatusRepository.GetWesternUnionStatusesAsync(String connectionString, ILogger logger, CancellationToken stoppingToken) in E:\Project NEC\NEC_Money_Docs_Files\Reza Sir\Automation 1\PaymentStatusDispatcherWU - RND\PaymentStatusDispatcher\Services\WesternUnionStatusRepository.cs:line 66
   at PaymentStatusDispatcher.Services.WesternUnionStatusRepository.GetWesternUnionStatusesAsync(String connectionString, ILogger logger, CancellationToken stoppingToken) in E:\Project NEC\NEC_Money_Docs_Files\Reza Sir\Automation 1\PaymentStatusDispatcherWU - RND\PaymentStatusDispatcher\Services\WesternUnionStatusRepository.cs:line 66
   at PaymentStatusDispatcher.Services.WesternUnionStatusRepository.GetWesternUnionStatusesAsync(String connectionString, ILogger logger, CancellationToken stoppingToken) in E:\Project NEC\NEC_Money_Docs_Files\Reza Sir\Automation 1\PaymentStatusDispatcherWU - RND\PaymentStatusDispatcher\Services\WesternUnionStatusRepository.cs:line 66
   at PaymentStatusDispatcher.Services.Worker.ProcessWesternUnionStatusesAsync(CancellationToken stoppingToken) in E:\Project NEC\NEC_Money_Docs_Files\Reza Sir\Automation 1\PaymentStatusDispatcherWU - RND\PaymentStatusDispatcher\Services\Worker.cs:line 62
2025-12-06 16:45:53 [ERR] Error processing Western Union statuses.
System.InvalidCastException: Unable to cast object of type 'System.Int32' to type 'System.String'.
   at System.Data.SqlClient.SqlBuffer.get_String()
   at System.Data.SqlClient.SqlDataReader.GetString(Int32 i)
   at PaymentStatusDispatcher.Services.WesternUnionStatusRepository.GetWesternUnionStatusesAsync(String connectionString, ILogger logger, CancellationToken stoppingToken) in E:\Project NEC\NEC_Money_Docs_Files\Reza Sir\Automation 1\PaymentStatusDispatcherWU - RND\PaymentStatusDispatcher\Services\WesternUnionStatusRepository.cs:line 50
   at PaymentStatusDispatcher.Services.WesternUnionStatusRepository.GetWesternUnionStatusesAsync(String connectionString, ILogger logger, CancellationToken stoppingToken) in E:\Project NEC\NEC_Money_Docs_Files\Reza Sir\Automation 1\PaymentStatusDispatcherWU - RND\PaymentStatusDispatcher\Services\WesternUnionStatusRepository.cs:line 66
   at PaymentStatusDispatcher.Services.WesternUnionStatusRepository.GetWesternUnionStatusesAsync(String connectionString, ILogger logger, CancellationToken stoppingToken) in E:\Project NEC\NEC_Money_Docs_Files\Reza Sir\Automation 1\PaymentStatusDispatcherWU - RND\PaymentStatusDispatcher\Services\WesternUnionStatusRepository.cs:line 66
   at PaymentStatusDispatcher.Services.WesternUnionStatusRepository.GetWesternUnionStatusesAsync(String connectionString, ILogger logger, CancellationToken stoppingToken) in E:\Project NEC\NEC_Money_Docs_Files\Reza Sir\Automation 1\PaymentStatusDispatcherWU - RND\PaymentStatusDispatcher\Services\WesternUnionStatusRepository.cs:line 66
   at PaymentStatusDispatcher.Services.Worker.ProcessWesternUnionStatusesAsync(CancellationToken stoppingToken) in E:\Project NEC\NEC_Money_Docs_Files\Reza Sir\Automation 1\PaymentStatusDispatcherWU - RND\PaymentStatusDispatcher\Services\Worker.cs:line 62
2025-12-06 16:49:49 [ERR] Error processing Western Union statuses.
System.InvalidCastException: Unable to cast object of type 'System.Int32' to type 'System.String'.
   at System.Data.SqlClient.SqlBuffer.get_String()
   at System.Data.SqlClient.SqlDataReader.GetString(Int32 i)
   at PaymentStatusDispatcher.Services.WesternUnionStatusRepository.GetWesternUnionStatusesAsync(String connectionString, ILogger logger, CancellationToken stoppingToken) in E:\Project NEC\NEC_Money_Docs_Files\Reza Sir\Automation 1\PaymentStatusDispatcherWU - RND\PaymentStatusDispatcher\Services\WesternUnionStatusRepository.cs:line 50
   at PaymentStatusDispatcher.Services.WesternUnionStatusRepository.GetWesternUnionStatusesAsync(String connectionString, ILogger logger, CancellationToken stoppingToken) in E:\Project NEC\NEC_Money_Docs_Files\Reza Sir\Automation 1\PaymentStatusDispatcherWU - RND\PaymentStatusDispatcher\Services\WesternUnionStatusRepository.cs:line 66
   at PaymentStatusDispatcher.Services.WesternUnionStatusRepository.GetWesternUnionStatusesAsync(String connectionString, ILogger logger, CancellationToken stoppingToken) in E:\Project NEC\NEC_Money_Docs_Files\Reza Sir\Automation 1\PaymentStatusDispatcherWU - RND\PaymentStatusDispatcher\Services\WesternUnionStatusRepository.cs:line 66
   at PaymentStatusDispatcher.Services.WesternUnionStatusRepository.GetWesternUnionStatusesAsync(String connectionString, ILogger logger, CancellationToken stoppingToken) in E:\Project NEC\NEC_Money_Docs_Files\Reza Sir\Automation 1\PaymentStatusDispatcherWU - RND\PaymentStatusDispatcher\Services\WesternUnionStatusRepository.cs:line 66
   at PaymentStatusDispatcher.Services.Worker.ProcessWesternUnionStatusesAsync(CancellationToken stoppingToken) in E:\Project NEC\NEC_Money_Docs_Files\Reza Sir\Automation 1\PaymentStatusDispatcherWU - RND\PaymentStatusDispatcher\Services\Worker.cs:line 62
2025-12-06 16:50:39 [ERR] Error processing Western Union statuses.
System.InvalidCastException: Unable to cast object of type 'System.Int32' to type 'System.String'.
   at System.Data.SqlClient.SqlBuffer.get_String()
   at System.Data.SqlClient.SqlDataReader.GetString(Int32 i)
   at PaymentStatusDispatcher.Services.WesternUnionStatusRepository.GetWesternUnionStatusesAsync(String connectionString, ILogger logger, CancellationToken stoppingToken) in E:\Project NEC\NEC_Money_Docs_Files\Reza Sir\Automation 1\PaymentStatusDispatcherWU - RND\PaymentStatusDispatcher\Services\WesternUnionStatusRepository.cs:line 50
   at PaymentStatusDispatcher.Services.WesternUnionStatusRepository.GetWesternUnionStatusesAsync(String connectionString, ILogger logger, CancellationToken stoppingToken) in E:\Project NEC\NEC_Money_Docs_Files\Reza Sir\Automation 1\PaymentStatusDispatcherWU - RND\PaymentStatusDispatcher\Services\WesternUnionStatusRepository.cs:line 66
   at PaymentStatusDispatcher.Services.WesternUnionStatusRepository.GetWesternUnionStatusesAsync(String connectionString, ILogger logger, CancellationToken stoppingToken) in E:\Project NEC\NEC_Money_Docs_Files\Reza Sir\Automation 1\PaymentStatusDispatcherWU - RND\PaymentStatusDispatcher\Services\WesternUnionStatusRepository.cs:line 66
   at PaymentStatusDispatcher.Services.WesternUnionStatusRepository.GetWesternUnionStatusesAsync(String connectionString, ILogger logger, CancellationToken stoppingToken) in E:\Project NEC\NEC_Money_Docs_Files\Reza Sir\Automation 1\PaymentStatusDispatcherWU - RND\PaymentStatusDispatcher\Services\WesternUnionStatusRepository.cs:line 66
   at PaymentStatusDispatcher.Services.Worker.ProcessWesternUnionStatusesAsync(CancellationToken stoppingToken) in E:\Project NEC\NEC_Money_Docs_Files\Reza Sir\Automation 1\PaymentStatusDispatcherWU - RND\PaymentStatusDispatcher\Services\Worker.cs:line 62
2025-12-06 16:54:06 [INF] Sending CANCEL notification to WesternUnionUAT for EndToEndId=2228083818368660 with code=4024
2025-12-06 16:54:10 [INF] WU response OK for EndToEndId=2228083818368660. StatusCode=200, Body={
  "header" : {
    "msgId" : "2228083818368660",
    "creationDateTime" : "2025-12-06 10:54:06.564"
  },
  "paymentInfo" : {
    "identification" : {
      "endToEndId" : "2228083818368660"
    }
  },
  "status" : {
    "code" : "404",
    "subCode" : "7200",
    "msg" : "Transaction does not exist."
  }
}
2025-12-06 16:54:11 [INF] Sending CANCEL notification to WesternUnionUAT for EndToEndId=2228084322867817 with code=4024
2025-12-06 16:54:12 [INF] WU response OK for EndToEndId=2228084322867817. StatusCode=200, Body={
  "header" : {
    "msgId" : "2228084322867817",
    "creationDateTime" : "2025-12-06 10:54:11.851"
  },
  "paymentInfo" : {
    "identification" : {
      "endToEndId" : "2228084322867817"
    }
  },
  "status" : {
    "code" : "404",
    "subCode" : "7200",
    "msg" : "Transaction does not exist."
  }
}
2025-12-06 16:54:13 [INF] Sending CANCEL notification to WesternUnionUAT for EndToEndId=2228480892049530 with code=4024
2025-12-06 16:54:14 [INF] WU response OK for EndToEndId=2228480892049530. StatusCode=200, Body={
  "header" : {
    "msgId" : "2228480892049530",
    "creationDateTime" : "2025-12-06 10:54:13.778"
  },
  "paymentInfo" : {
    "identification" : {
      "endToEndId" : "2228480892049530"
    }
  },
  "status" : {
    "code" : "404",
    "subCode" : "7200",
    "msg" : "Transaction does not exist."
  }
}
2025-12-06 16:54:15 [INF] Sending CANCEL notification to WesternUnionUAT for EndToEndId=2228485770766160 with code=4024
2025-12-06 16:54:16 [INF] WU response OK for EndToEndId=2228485770766160. StatusCode=200, Body={
  "header" : {
    "msgId" : "2228485770766160",
    "creationDateTime" : "2025-12-06 10:54:15.760"
  },
  "paymentInfo" : {
    "identification" : {
      "endToEndId" : "2228485770766160"
    }
  },
  "status" : {
    "code" : "404",
    "subCode" : "7200",
    "msg" : "Transaction does not exist."
  }
}
2025-12-06 16:54:17 [INF] Sending CANCEL notification to WesternUnionUAT for EndToEndId=2228489720707017 with code=4024
2025-12-06 16:54:18 [INF] WU response OK for EndToEndId=2228489720707017. StatusCode=200, Body={
  "header" : {
    "msgId" : "2228489720707017",
    "creationDateTime" : "2025-12-06 10:54:17.733"
  },
  "paymentInfo" : {
    "identification" : {
      "endToEndId" : "2228489720707017"
    }
  },
  "status" : {
    "code" : "404",
    "subCode" : "7200",
    "msg" : "Transaction does not exist."
  }
}
2025-12-06 16:54:19 [INF] Sending CANCEL notification to WesternUnionUAT for EndToEndId=2228680982055570 with code=4024
2025-12-06 16:54:20 [INF] WU response OK for EndToEndId=2228680982055570. StatusCode=200, Body={
  "header" : {
    "msgId" : "2228680982055570",
    "creationDateTime" : "2025-12-06 10:54:19.672"
  },
  "paymentInfo" : {
    "identification" : {
      "endToEndId" : "2228680982055570"
    }
  },
  "status" : {
    "code" : "404",
    "subCode" : "7200",
    "msg" : "Transaction does not exist."
  }
}
2025-12-06 16:54:21 [INF] Sending CANCEL notification to WesternUnionUAT for EndToEndId=2228682621874171 with code=4024
2025-12-06 16:54:22 [INF] WU response OK for EndToEndId=2228682621874171. StatusCode=200, Body={
  "header" : {
    "msgId" : "2228682621874171",
    "creationDateTime" : "2025-12-06 10:54:21.610"
  },
  "paymentInfo" : {
    "identification" : {
      "endToEndId" : "2228682621874171"
    }
  },
  "status" : {
    "code" : "200",
    "subCode" : "0000",
    "msg" : "State is changed successfully"
  }
}
2025-12-06 16:54:23 [INF] Sending CANCEL notification to WesternUnionUAT for EndToEndId=2228682921289164 with code=4024
2025-12-06 16:54:24 [INF] WU response OK for EndToEndId=2228682921289164. StatusCode=200, Body={
  "header" : {
    "msgId" : "2228682921289164",
    "creationDateTime" : "2025-12-06 10:54:23.684"
  },
  "paymentInfo" : {
    "identification" : {
      "endToEndId" : "2228682921289164"
    }
  },
  "status" : {
    "code" : "404",
    "subCode" : "7200",
    "msg" : "Transaction does not exist."
  }
}
2025-12-06 16:54:25 [INF] Sending CANCEL notification to WesternUnionUAT for EndToEndId=2228684241743904 with code=4024
2025-12-06 16:54:26 [INF] WU response OK for EndToEndId=2228684241743904. StatusCode=200, Body={
  "header" : {
    "msgId" : "2228684241743904",
    "creationDateTime" : "2025-12-06 10:54:25.610"
  },
  "paymentInfo" : {
    "identification" : {
      "endToEndId" : "2228684241743904"
    }
  },
  "status" : {
    "code" : "500",
    "subCode" : "1510",
    "msg" : "Invalid payment state transition"
  }
}
2025-12-06 16:54:27 [INF] Sending CANCEL notification to WesternUnionUAT for EndToEndId=2228689290367575 with code=4024
2025-12-06 16:54:28 [INF] WU response OK for EndToEndId=2228689290367575. StatusCode=200, Body={
  "header" : {
    "msgId" : "2228689290367575",
    "creationDateTime" : "2025-12-06 10:54:27.627"
  },
  "paymentInfo" : {
    "identification" : {
      "endToEndId" : "2228689290367575"
    }
  },
  "status" : {
    "code" : "200",
    "subCode" : "0000",
    "msg" : "State is changed successfully"
  }
}
2025-12-06 16:54:29 [INF] Sending CANCEL notification to WesternUnionUAT for EndToEndId=2231289051334951 with code=4024
2025-12-06 16:54:30 [INF] WU response OK for EndToEndId=2231289051334951. StatusCode=200, Body={
  "header" : {
    "msgId" : "2231289051334951",
    "creationDateTime" : "2025-12-06 10:54:29.739"
  },
  "paymentInfo" : {
    "identification" : {
      "endToEndId" : "2231289051334951"
    }
  },
  "status" : {
    "code" : "404",
    "subCode" : "7200",
    "msg" : "Transaction does not exist."
  }
}
2025-12-06 16:54:31 [INF] Sending CANCEL notification to WesternUnionUAT for EndToEndId=2305284391155202 with code=4024
2025-12-06 16:54:32 [INF] WU response OK for EndToEndId=2305284391155202. StatusCode=200, Body={
  "header" : {
    "msgId" : "2305284391155202",
    "creationDateTime" : "2025-12-06 10:54:31.667"
  },
  "paymentInfo" : {
    "identification" : {
      "endToEndId" : "2305284391155202"
    }
  },
  "status" : {
    "code" : "200",
    "subCode" : "0000",
    "msg" : "State is changed successfully"
  }
}
2025-12-06 16:54:33 [INF] Sending CANCEL notification to WesternUnionUAT for EndToEndId=2305586990205069 with code=4024
2025-12-06 16:54:34 [INF] WU response OK for EndToEndId=2305586990205069. StatusCode=200, Body={
  "header" : {
    "msgId" : "2305586990205069",
    "creationDateTime" : "2025-12-06 10:54:33.780"
  },
  "paymentInfo" : {
    "identification" : {
      "endToEndId" : "2305586990205069"
    }
  },
  "status" : {
    "code" : "200",
    "subCode" : "0000",
    "msg" : "State is changed successfully"
  }
}
2025-12-06 16:54:35 [INF] Sending PAID notification to WesternUnionUAT for EndToEndId=2334184040728559 with code=4030
2025-12-06 16:54:36 [INF] WU response OK for EndToEndId=2334184040728559. StatusCode=200, Body={
  "header" : {
    "msgId" : "2334184040728559",
    "creationDateTime" : "2025-12-06 10:54:35.866"
  },
  "paymentInfo" : {
    "identification" : {
      "endToEndId" : "2334184040728559"
    }
  },
  "status" : {
    "code" : "404",
    "subCode" : "7200",
    "msg" : "Transaction does not exist."
  }
}
2025-12-06 16:54:37 [INF] Sending PAID notification to WesternUnionUAT for EndToEndId=2334186940178686 with code=4030
2025-12-06 16:54:38 [INF] WU response OK for EndToEndId=2334186940178686. StatusCode=200, Body={
  "header" : {
    "msgId" : "2334186940178686",
    "creationDateTime" : "2025-12-06 10:54:37.823"
  },
  "paymentInfo" : {
    "identification" : {
      "endToEndId" : "2334186940178686"
    }
  },
  "status" : {
    "code" : "404",
    "subCode" : "7200",
    "msg" : "Transaction does not exist."
  }
}
2025-12-06 16:54:39 [INF] Sending PAID notification to WesternUnionUAT for EndToEndId=2334187339242397 with code=4030
2025-12-06 16:54:40 [INF] WU response OK for EndToEndId=2334187339242397. StatusCode=200, Body={
  "header" : {
    "msgId" : "2334187339242397",
    "creationDateTime" : "2025-12-06 10:54:39.744"
  },
  "paymentInfo" : {
    "identification" : {
      "endToEndId" : "2334187339242397"
    }
  },
  "status" : {
    "code" : "404",
    "subCode" : "7200",
    "msg" : "Transaction does not exist."
  }
}
2025-12-06 17:13:40 [INF] Sending CANCEL notification to WesternUnionUAT for EndToEndId=2228083818368660 with code=4024
2025-12-06 17:13:42 [INF] WU response OK for EndToEndId=2228083818368660. StatusCode=200, Body={
  "header" : {
    "msgId" : "2228083818368660",
    "creationDateTime" : "2025-12-06 11:13:40.857"
  },
  "paymentInfo" : {
    "identification" : {
      "endToEndId" : "2228083818368660"
    }
  },
  "status" : {
    "code" : "404",
    "subCode" : "7200",
    "msg" : "Transaction does not exist."
  }
}
2025-12-06 17:13:43 [INF] Sending CANCEL notification to WesternUnionUAT for EndToEndId=2228084322867817 with code=4024
2025-12-06 17:13:43 [INF] WU response OK for EndToEndId=2228084322867817. StatusCode=200, Body={
  "header" : {
    "msgId" : "2228084322867817",
    "creationDateTime" : "2025-12-06 11:13:43.631"
  },
  "paymentInfo" : {
    "identification" : {
      "endToEndId" : "2228084322867817"
    }
  },
  "status" : {
    "code" : "404",
    "subCode" : "7200",
    "msg" : "Transaction does not exist."
  }
}
2025-12-06 17:13:45 [INF] Sending CANCEL notification to WesternUnionUAT for EndToEndId=2228480892049530 with code=4024
2025-12-06 17:13:45 [INF] WU response OK for EndToEndId=2228480892049530. StatusCode=200, Body={
  "header" : {
    "msgId" : "2228480892049530",
    "creationDateTime" : "2025-12-06 11:13:45.559"
  },
  "paymentInfo" : {
    "identification" : {
      "endToEndId" : "2228480892049530"
    }
  },
  "status" : {
    "code" : "404",
    "subCode" : "7200",
    "msg" : "Transaction does not exist."
  }
}
2025-12-06 17:13:47 [INF] Sending CANCEL notification to WesternUnionUAT for EndToEndId=2228485770766160 with code=4024
2025-12-06 17:13:47 [INF] WU response OK for EndToEndId=2228485770766160. StatusCode=200, Body={
  "header" : {
    "msgId" : "2228485770766160",
    "creationDateTime" : "2025-12-06 11:13:47.486"
  },
  "paymentInfo" : {
    "identification" : {
      "endToEndId" : "2228485770766160"
    }
  },
  "status" : {
    "code" : "404",
    "subCode" : "7200",
    "msg" : "Transaction does not exist."
  }
}
2025-12-06 17:13:49 [INF] Sending CANCEL notification to WesternUnionUAT for EndToEndId=2228489720707017 with code=4024
2025-12-06 17:13:49 [INF] WU response OK for EndToEndId=2228489720707017. StatusCode=200, Body={
  "header" : {
    "msgId" : "2228489720707017",
    "creationDateTime" : "2025-12-06 11:13:49.426"
  },
  "paymentInfo" : {
    "identification" : {
      "endToEndId" : "2228489720707017"
    }
  },
  "status" : {
    "code" : "404",
    "subCode" : "7200",
    "msg" : "Transaction does not exist."
  }
}
2025-12-06 17:13:51 [INF] Sending CANCEL notification to WesternUnionUAT for EndToEndId=2228680982055570 with code=4024
2025-12-06 17:13:51 [INF] WU response OK for EndToEndId=2228680982055570. StatusCode=200, Body={
  "header" : {
    "msgId" : "2228680982055570",
    "creationDateTime" : "2025-12-06 11:13:51.362"
  },
  "paymentInfo" : {
    "identification" : {
      "endToEndId" : "2228680982055570"
    }
  },
  "status" : {
    "code" : "404",
    "subCode" : "7200",
    "msg" : "Transaction does not exist."
  }
}
2025-12-06 17:13:53 [INF] Sending CANCEL notification to WesternUnionUAT for EndToEndId=2228682621874171 with code=4024
2025-12-06 17:13:53 [INF] WU response OK for EndToEndId=2228682621874171. StatusCode=200, Body={
  "header" : {
    "msgId" : "2228682621874171",
    "creationDateTime" : "2025-12-06 11:13:53.293"
  },
  "paymentInfo" : {
    "identification" : {
      "endToEndId" : "2228682621874171"
    }
  },
  "status" : {
    "code" : "200",
    "subCode" : "0000",
    "msg" : "State is changed successfully"
  }
}
2025-12-06 17:13:55 [INF] Sending CANCEL notification to WesternUnionUAT for EndToEndId=2228682921289164 with code=4024
2025-12-06 17:13:55 [INF] WU response OK for EndToEndId=2228682921289164. StatusCode=200, Body={
  "header" : {
    "msgId" : "2228682921289164",
    "creationDateTime" : "2025-12-06 11:13:55.371"
  },
  "paymentInfo" : {
    "identification" : {
      "endToEndId" : "2228682921289164"
    }
  },
  "status" : {
    "code" : "404",
    "subCode" : "7200",
    "msg" : "Transaction does not exist."
  }
}
2025-12-06 17:13:57 [INF] Sending CANCEL notification to WesternUnionUAT for EndToEndId=2228684241743904 with code=4024
2025-12-06 17:13:57 [INF] WU response OK for EndToEndId=2228684241743904. StatusCode=200, Body={
  "header" : {
    "msgId" : "2228684241743904",
    "creationDateTime" : "2025-12-06 11:13:57.292"
  },
  "paymentInfo" : {
    "identification" : {
      "endToEndId" : "2228684241743904"
    }
  },
  "status" : {
    "code" : "500",
    "subCode" : "1510",
    "msg" : "Invalid payment state transition"
  }
}
2025-12-06 17:15:48 [INF] Sending CANCEL notification to WesternUnionUAT for EndToEndId=2228083818368660 with code=4024
2025-12-06 17:15:49 [INF] WU response OK for EndToEndId=2228083818368660. StatusCode=200, Body={
  "header" : {
    "msgId" : "2228083818368660",
    "creationDateTime" : "2025-12-06 11:15:48.280"
  },
  "paymentInfo" : {
    "identification" : {
      "endToEndId" : "2228083818368660"
    }
  },
  "status" : {
    "code" : "404",
    "subCode" : "7200",
    "msg" : "Transaction does not exist."
  }
}
2025-12-06 17:15:51 [INF] Sending CANCEL notification to WesternUnionUAT for EndToEndId=2228084322867817 with code=4024
2025-12-06 17:15:51 [INF] WU response OK for EndToEndId=2228084322867817. StatusCode=200, Body={
  "header" : {
    "msgId" : "2228084322867817",
    "creationDateTime" : "2025-12-06 11:15:51.088"
  },
  "paymentInfo" : {
    "identification" : {
      "endToEndId" : "2228084322867817"
    }
  },
  "status" : {
    "code" : "404",
    "subCode" : "7200",
    "msg" : "Transaction does not exist."
  }
}
2025-12-06 17:15:53 [INF] Sending CANCEL notification to WesternUnionUAT for EndToEndId=2228480892049530 with code=4024
2025-12-06 17:15:53 [INF] WU response OK for EndToEndId=2228480892049530. StatusCode=200, Body={
  "header" : {
    "msgId" : "2228480892049530",
    "creationDateTime" : "2025-12-06 11:15:53.002"
  },
  "paymentInfo" : {
    "identification" : {
      "endToEndId" : "2228480892049530"
    }
  },
  "status" : {
    "code" : "404",
    "subCode" : "7200",
    "msg" : "Transaction does not exist."
  }
}
2025-12-06 17:15:54 [INF] Sending CANCEL notification to WesternUnionUAT for EndToEndId=2228485770766160 with code=4024
2025-12-06 17:15:55 [INF] WU response OK for EndToEndId=2228485770766160. StatusCode=200, Body={
  "header" : {
    "msgId" : "2228485770766160",
    "creationDateTime" : "2025-12-06 11:15:54.935"
  },
  "paymentInfo" : {
    "identification" : {
      "endToEndId" : "2228485770766160"
    }
  },
  "status" : {
    "code" : "404",
    "subCode" : "7200",
    "msg" : "Transaction does not exist."
  }
}
2025-12-06 17:15:56 [INF] Sending CANCEL notification to WesternUnionUAT for EndToEndId=2228489720707017 with code=4024
2025-12-06 17:15:57 [INF] WU response OK for EndToEndId=2228489720707017. StatusCode=200, Body={
  "header" : {
    "msgId" : "2228489720707017",
    "creationDateTime" : "2025-12-06 11:15:56.863"
  },
  "paymentInfo" : {
    "identification" : {
      "endToEndId" : "2228489720707017"
    }
  },
  "status" : {
    "code" : "404",
    "subCode" : "7200",
    "msg" : "Transaction does not exist."
  }
}
2025-12-06 17:15:58 [INF] Sending CANCEL notification to WesternUnionUAT for EndToEndId=2228680982055570 with code=4024
2025-12-06 17:15:59 [INF] WU response OK for EndToEndId=2228680982055570. StatusCode=200, Body={
  "header" : {
    "msgId" : "2228680982055570",
    "creationDateTime" : "2025-12-06 11:15:58.783"
  },
  "paymentInfo" : {
    "identification" : {
      "endToEndId" : "2228680982055570"
    }
  },
  "status" : {
    "code" : "404",
    "subCode" : "7200",
    "msg" : "Transaction does not exist."
  }
}
2025-12-06 17:16:00 [INF] Sending CANCEL notification to WesternUnionUAT for EndToEndId=2228682621874171 with code=4024
2025-12-06 17:16:01 [INF] WU response OK for EndToEndId=2228682621874171. StatusCode=200, Body={
  "header" : {
    "msgId" : "2228682621874171",
    "creationDateTime" : "2025-12-06 11:16:00.706"
  },
  "paymentInfo" : {
    "identification" : {
      "endToEndId" : "2228682621874171"
    }
  },
  "status" : {
    "code" : "200",
    "subCode" : "0000",
    "msg" : "State is changed successfully"
  }
}
2025-12-06 17:16:02 [INF] Sending CANCEL notification to WesternUnionUAT for EndToEndId=2228682921289164 with code=4024
2025-12-06 17:16:03 [INF] WU response OK for EndToEndId=2228682921289164. StatusCode=200, Body={
  "header" : {
    "msgId" : "2228682921289164",
    "creationDateTime" : "2025-12-06 11:16:02.762"
  },
  "paymentInfo" : {
    "identification" : {
      "endToEndId" : "2228682921289164"
    }
  },
  "status" : {
    "code" : "404",
    "subCode" : "7200",
    "msg" : "Transaction does not exist."
  }
}
2025-12-06 17:16:04 [INF] Sending CANCEL notification to WesternUnionUAT for EndToEndId=2228684241743904 with code=4024
2025-12-06 17:16:05 [INF] WU response OK for EndToEndId=2228684241743904. StatusCode=200, Body={
  "header" : {
    "msgId" : "2228684241743904",
    "creationDateTime" : "2025-12-06 11:16:04.686"
  },
  "paymentInfo" : {
    "identification" : {
      "endToEndId" : "2228684241743904"
    }
  },
  "status" : {
    "code" : "500",
    "subCode" : "1510",
    "msg" : "Invalid payment state transition"
  }
}
2025-12-06 17:16:06 [INF] Sending CANCEL notification to WesternUnionUAT for EndToEndId=2228689290367575 with code=4024
2025-12-06 17:16:07 [INF] WU response OK for EndToEndId=2228689290367575. StatusCode=200, Body={
  "header" : {
    "msgId" : "2228689290367575",
    "creationDateTime" : "2025-12-06 11:16:06.708"
  },
  "paymentInfo" : {
    "identification" : {
      "endToEndId" : "2228689290367575"
    }
  },
  "status" : {
    "code" : "200",
    "subCode" : "0000",
    "msg" : "State is changed successfully"
  }
}
2025-12-06 17:16:08 [INF] Sending CANCEL notification to WesternUnionUAT for EndToEndId=2231289051334951 with code=4024
2025-12-06 17:16:09 [INF] WU response OK for EndToEndId=2231289051334951. StatusCode=200, Body={
  "header" : {
    "msgId" : "2231289051334951",
    "creationDateTime" : "2025-12-06 11:16:08.828"
  },
  "paymentInfo" : {
    "identification" : {
      "endToEndId" : "2231289051334951"
    }
  },
  "status" : {
    "code" : "404",
    "subCode" : "7200",
    "msg" : "Transaction does not exist."
  }
}
2025-12-06 17:16:10 [INF] Sending CANCEL notification to WesternUnionUAT for EndToEndId=2305284391155202 with code=4024
2025-12-06 17:16:11 [INF] WU response OK for EndToEndId=2305284391155202. StatusCode=200, Body={
  "header" : {
    "msgId" : "2305284391155202",
    "creationDateTime" : "2025-12-06 11:16:10.766"
  },
  "paymentInfo" : {
    "identification" : {
      "endToEndId" : "2305284391155202"
    }
  },
  "status" : {
    "code" : "200",
    "subCode" : "0000",
    "msg" : "State is changed successfully"
  }
}
2025-12-06 17:16:12 [INF] Sending CANCEL notification to WesternUnionUAT for EndToEndId=2305586990205069 with code=4024
2025-12-06 17:16:13 [INF] WU response OK for EndToEndId=2305586990205069. StatusCode=200, Body={
  "header" : {
    "msgId" : "2305586990205069",
    "creationDateTime" : "2025-12-06 11:16:12.918"
  },
  "paymentInfo" : {
    "identification" : {
      "endToEndId" : "2305586990205069"
    }
  },
  "status" : {
    "code" : "200",
    "subCode" : "0000",
    "msg" : "State is changed successfully"
  }
}
2025-12-06 17:16:15 [INF] Sending PAID notification to WesternUnionUAT for EndToEndId=2334184040728559 with code=4030
2025-12-06 17:16:15 [INF] WU response OK for EndToEndId=2334184040728559. StatusCode=200, Body={
  "header" : {
    "msgId" : "2334184040728559",
    "creationDateTime" : "2025-12-06 11:16:15.038"
  },
  "paymentInfo" : {
    "identification" : {
      "endToEndId" : "2334184040728559"
    }
  },
  "status" : {
    "code" : "404",
    "subCode" : "7200",
    "msg" : "Transaction does not exist."
  }
}
2025-12-06 17:16:16 [INF] Sending PAID notification to WesternUnionUAT for EndToEndId=2334186940178686 with code=4030
2025-12-06 17:16:17 [INF] WU response OK for EndToEndId=2334186940178686. StatusCode=200, Body={
  "header" : {
    "msgId" : "2334186940178686",
    "creationDateTime" : "2025-12-06 11:16:16.976"
  },
  "paymentInfo" : {
    "identification" : {
      "endToEndId" : "2334186940178686"
    }
  },
  "status" : {
    "code" : "404",
    "subCode" : "7200",
    "msg" : "Transaction does not exist."
  }
}
2025-12-06 17:16:18 [INF] Sending PAID notification to WesternUnionUAT for EndToEndId=2334187339242397 with code=4030
2025-12-06 17:16:19 [INF] WU response OK for EndToEndId=2334187339242397. StatusCode=200, Body={
  "header" : {
    "msgId" : "2334187339242397",
    "creationDateTime" : "2025-12-06 11:16:18.910"
  },
  "paymentInfo" : {
    "identification" : {
      "endToEndId" : "2334187339242397"
    }
  },
  "status" : {
    "code" : "404",
    "subCode" : "7200",
    "msg" : "Transaction does not exist."
  }
}
2025-12-06 17:16:20 [INF] Sending PAID notification to WesternUnionUAT for EndToEndId=2334188245095223 with code=4030
2025-12-06 17:16:21 [INF] WU response OK for EndToEndId=2334188245095223. StatusCode=200, Body={
  "header" : {
    "msgId" : "2334188245095223",
    "creationDateTime" : "2025-12-06 11:16:20.830"
  },
  "paymentInfo" : {
    "identification" : {
      "endToEndId" : "2334188245095223"
    }
  },
  "status" : {
    "code" : "404",
    "subCode" : "7200",
    "msg" : "Transaction does not exist."
  }
}
2025-12-06 17:16:22 [INF] Sending PAID notification to WesternUnionUAT for EndToEndId=2410682753149512 with code=4030
2025-12-06 17:16:23 [INF] WU response OK for EndToEndId=2410682753149512. StatusCode=200, Body={
  "header" : {
    "msgId" : "2410682753149512",
    "creationDateTime" : "2025-12-06 11:16:22.758"
  },
  "paymentInfo" : {
    "identification" : {
      "endToEndId" : "2410682753149512"
    }
  },
  "status" : {
    "code" : "200",
    "subCode" : "0000",
    "msg" : "State is changed successfully"
  }
}
2025-12-06 17:16:24 [INF] Sending PAID notification to WesternUnionUAT for EndToEndId=2410685610728330 with code=4030
2025-12-06 17:16:25 [INF] WU response OK for EndToEndId=2410685610728330. StatusCode=200, Body={
  "header" : {
    "msgId" : "2410685610728330",
    "creationDateTime" : "2025-12-06 11:16:24.892"
  },
  "paymentInfo" : {
    "identification" : {
      "endToEndId" : "2410685610728330"
    }
  },
  "status" : {
    "code" : "200",
    "subCode" : "0000",
    "msg" : "State is changed successfully"
  }
}
2025-12-06 17:16:26 [INF] Sending PAID notification to WesternUnionUAT for EndToEndId=2410689111046871 with code=4030
2025-12-06 17:16:27 [INF] WU response OK for EndToEndId=2410689111046871. StatusCode=200, Body={
  "header" : {
    "msgId" : "2410689111046871",
    "creationDateTime" : "2025-12-06 11:16:26.988"
  },
  "paymentInfo" : {
    "identification" : {
      "endToEndId" : "2410689111046871"
    }
  },
  "status" : {
    "code" : "200",
    "subCode" : "0000",
    "msg" : "State is changed successfully"
  }
}
2025-12-06 17:17:19 [INF] Sending CANCEL notification to WesternUnionUAT for EndToEndId=2228083818368660 with code=4024
2025-12-06 17:17:19 [INF] WU response OK for EndToEndId=2228083818368660. StatusCode=200, Body={
  "header" : {
    "msgId" : "2228083818368660",
    "creationDateTime" : "2025-12-06 11:17:19.093"
  },
  "paymentInfo" : {
    "identification" : {
      "endToEndId" : "2228083818368660"
    }
  },
  "status" : {
    "code" : "404",
    "subCode" : "7200",
    "msg" : "Transaction does not exist."
  }
}
2025-12-06 17:17:21 [INF] Sending CANCEL notification to WesternUnionUAT for EndToEndId=2228084322867817 with code=4024
2025-12-06 17:17:21 [INF] WU response OK for EndToEndId=2228084322867817. StatusCode=200, Body={
  "header" : {
    "msgId" : "2228084322867817",
    "creationDateTime" : "2025-12-06 11:17:21.270"
  },
  "paymentInfo" : {
    "identification" : {
      "endToEndId" : "2228084322867817"
    }
  },
  "status" : {
    "code" : "404",
    "subCode" : "7200",
    "msg" : "Transaction does not exist."
  }
}
2025-12-06 17:17:23 [INF] Sending CANCEL notification to WesternUnionUAT for EndToEndId=2228480892049530 with code=4024
2025-12-06 17:17:23 [INF] WU response OK for EndToEndId=2228480892049530. StatusCode=200, Body={
  "header" : {
    "msgId" : "2228480892049530",
    "creationDateTime" : "2025-12-06 11:17:23.178"
  },
  "paymentInfo" : {
    "identification" : {
      "endToEndId" : "2228480892049530"
    }
  },
  "status" : {
    "code" : "404",
    "subCode" : "7200",
    "msg" : "Transaction does not exist."
  }
}
2025-12-06 17:17:25 [INF] Sending CANCEL notification to WesternUnionUAT for EndToEndId=2228485770766160 with code=4024
2025-12-06 17:17:25 [INF] WU response OK for EndToEndId=2228485770766160. StatusCode=200, Body={
  "header" : {
    "msgId" : "2228485770766160",
    "creationDateTime" : "2025-12-06 11:17:25.098"
  },
  "paymentInfo" : {
    "identification" : {
      "endToEndId" : "2228485770766160"
    }
  },
  "status" : {
    "code" : "404",
    "subCode" : "7200",
    "msg" : "Transaction does not exist."
  }
}
2025-12-06 17:17:27 [INF] Sending CANCEL notification to WesternUnionUAT for EndToEndId=2228489720707017 with code=4024
2025-12-06 17:17:27 [INF] WU response OK for EndToEndId=2228489720707017. StatusCode=200, Body={
  "header" : {
    "msgId" : "2228489720707017",
    "creationDateTime" : "2025-12-06 11:17:27.011"
  },
  "paymentInfo" : {
    "identification" : {
      "endToEndId" : "2228489720707017"
    }
  },
  "status" : {
    "code" : "404",
    "subCode" : "7200",
    "msg" : "Transaction does not exist."
  }
}
2025-12-06 17:17:28 [INF] Sending CANCEL notification to WesternUnionUAT for EndToEndId=2228680982055570 with code=4024
2025-12-06 17:17:29 [INF] WU response OK for EndToEndId=2228680982055570. StatusCode=200, Body={
  "header" : {
    "msgId" : "2228680982055570",
    "creationDateTime" : "2025-12-06 11:17:28.921"
  },
  "paymentInfo" : {
    "identification" : {
      "endToEndId" : "2228680982055570"
    }
  },
  "status" : {
    "code" : "404",
    "subCode" : "7200",
    "msg" : "Transaction does not exist."
  }
}
2025-12-06 17:17:30 [INF] Sending CANCEL notification to WesternUnionUAT for EndToEndId=2228682621874171 with code=4024
2025-12-06 17:17:31 [INF] WU response OK for EndToEndId=2228682621874171. StatusCode=200, Body={
  "header" : {
    "msgId" : "2228682621874171",
    "creationDateTime" : "2025-12-06 11:17:30.833"
  },
  "paymentInfo" : {
    "identification" : {
      "endToEndId" : "2228682621874171"
    }
  },
  "status" : {
    "code" : "200",
    "subCode" : "0000",
    "msg" : "State is changed successfully"
  }
}
2025-12-06 17:17:32 [INF] Sending CANCEL notification to WesternUnionUAT for EndToEndId=2228682921289164 with code=4024
2025-12-06 17:17:33 [INF] WU response OK for EndToEndId=2228682921289164. StatusCode=200, Body={
  "header" : {
    "msgId" : "2228682921289164",
    "creationDateTime" : "2025-12-06 11:17:32.851"
  },
  "paymentInfo" : {
    "identification" : {
      "endToEndId" : "2228682921289164"
    }
  },
  "status" : {
    "code" : "404",
    "subCode" : "7200",
    "msg" : "Transaction does not exist."
  }
}
2025-12-06 17:17:34 [INF] Sending CANCEL notification to WesternUnionUAT for EndToEndId=2228684241743904 with code=4024
2025-12-06 17:17:35 [INF] WU response OK for EndToEndId=2228684241743904. StatusCode=200, Body={
  "header" : {
    "msgId" : "2228684241743904",
    "creationDateTime" : "2025-12-06 11:17:34.766"
  },
  "paymentInfo" : {
    "identification" : {
      "endToEndId" : "2228684241743904"
    }
  },
  "status" : {
    "code" : "500",
    "subCode" : "1510",
    "msg" : "Invalid payment state transition"
  }
}
2025-12-06 17:17:36 [INF] Sending CANCEL notification to WesternUnionUAT for EndToEndId=2228689290367575 with code=4024
2025-12-06 17:17:37 [INF] WU response OK for EndToEndId=2228689290367575. StatusCode=200, Body={
  "header" : {
    "msgId" : "2228689290367575",
    "creationDateTime" : "2025-12-06 11:17:36.780"
  },
  "paymentInfo" : {
    "identification" : {
      "endToEndId" : "2228689290367575"
    }
  },
  "status" : {
    "code" : "200",
    "subCode" : "0000",
    "msg" : "State is changed successfully"
  }
}
2025-12-06 17:17:38 [INF] Sending CANCEL notification to WesternUnionUAT for EndToEndId=2231289051334951 with code=4024
2025-12-06 17:17:39 [INF] WU response OK for EndToEndId=2231289051334951. StatusCode=200, Body={
  "header" : {
    "msgId" : "2231289051334951",
    "creationDateTime" : "2025-12-06 11:17:38.806"
  },
  "paymentInfo" : {
    "identification" : {
      "endToEndId" : "2231289051334951"
    }
  },
  "status" : {
    "code" : "404",
    "subCode" : "7200",
    "msg" : "Transaction does not exist."
  }
}
2025-12-06 17:17:40 [INF] Sending CANCEL notification to WesternUnionUAT for EndToEndId=2305284391155202 with code=4024
2025-12-06 17:17:41 [INF] WU response OK for EndToEndId=2305284391155202. StatusCode=200, Body={
  "header" : {
    "msgId" : "2305284391155202",
    "creationDateTime" : "2025-12-06 11:17:40.730"
  },
  "paymentInfo" : {
    "identification" : {
      "endToEndId" : "2305284391155202"
    }
  },
  "status" : {
    "code" : "200",
    "subCode" : "0000",
    "msg" : "State is changed successfully"
  }
}
2025-12-06 17:17:42 [INF] Sending CANCEL notification to WesternUnionUAT for EndToEndId=2305586990205069 with code=4024
2025-12-06 17:17:43 [INF] WU response OK for EndToEndId=2305586990205069. StatusCode=200, Body={
  "header" : {
    "msgId" : "2305586990205069",
    "creationDateTime" : "2025-12-06 11:17:42.743"
  },
  "paymentInfo" : {
    "identification" : {
      "endToEndId" : "2305586990205069"
    }
  },
  "status" : {
    "code" : "200",
    "subCode" : "0000",
    "msg" : "State is changed successfully"
  }
}
2025-12-06 17:17:44 [INF] Sending PAID notification to WesternUnionUAT for EndToEndId=2334184040728559 with code=4030
2025-12-06 17:17:45 [INF] WU response OK for EndToEndId=2334184040728559. StatusCode=200, Body={
  "header" : {
    "msgId" : "2334184040728559",
    "creationDateTime" : "2025-12-06 11:17:44.777"
  },
  "paymentInfo" : {
    "identification" : {
      "endToEndId" : "2334184040728559"
    }
  },
  "status" : {
    "code" : "404",
    "subCode" : "7200",
    "msg" : "Transaction does not exist."
  }
}
2025-12-06 17:17:46 [INF] Sending PAID notification to WesternUnionUAT for EndToEndId=2334186940178686 with code=4030
2025-12-06 17:17:47 [INF] WU response OK for EndToEndId=2334186940178686. StatusCode=200, Body={
  "header" : {
    "msgId" : "2334186940178686",
    "creationDateTime" : "2025-12-06 11:17:46.700"
  },
  "paymentInfo" : {
    "identification" : {
      "endToEndId" : "2334186940178686"
    }
  },
  "status" : {
    "code" : "404",
    "subCode" : "7200",
    "msg" : "Transaction does not exist."
  }
}
2025-12-06 17:17:48 [INF] Sending PAID notification to WesternUnionUAT for EndToEndId=2334187339242397 with code=4030
2025-12-06 17:17:48 [INF] WU response OK for EndToEndId=2334187339242397. StatusCode=200, Body={
  "header" : {
    "msgId" : "2334187339242397",
    "creationDateTime" : "2025-12-06 11:17:48.610"
  },
  "paymentInfo" : {
    "identification" : {
      "endToEndId" : "2334187339242397"
    }
  },
  "status" : {
    "code" : "404",
    "subCode" : "7200",
    "msg" : "Transaction does not exist."
  }
}
2025-12-06 17:17:50 [INF] Sending PAID notification to WesternUnionUAT for EndToEndId=2334188245095223 with code=4030
2025-12-06 17:17:51 [INF] WU response OK for EndToEndId=2334188245095223. StatusCode=200, Body={
  "header" : {
    "msgId" : "2334188245095223",
    "creationDateTime" : "2025-12-06 11:17:50.521"
  },
  "paymentInfo" : {
    "identification" : {
      "endToEndId" : "2334188245095223"
    }
  },
  "status" : {
    "code" : "404",
    "subCode" : "7200",
    "msg" : "Transaction does not exist."
  }
}
2025-12-06 17:17:52 [INF] Sending PAID notification to WesternUnionUAT for EndToEndId=2410682753149512 with code=4030
2025-12-06 17:17:53 [INF] WU response OK for EndToEndId=2410682753149512. StatusCode=200, Body={
  "header" : {
    "msgId" : "2410682753149512",
    "creationDateTime" : "2025-12-06 11:17:52.682"
  },
  "paymentInfo" : {
    "identification" : {
      "endToEndId" : "2410682753149512"
    }
  },
  "status" : {
    "code" : "200",
    "subCode" : "0000",
    "msg" : "State is changed successfully"
  }
}
2025-12-06 17:17:54 [INF] Sending PAID notification to WesternUnionUAT for EndToEndId=2410685610728330 with code=4030
2025-12-06 17:17:55 [INF] WU response OK for EndToEndId=2410685610728330. StatusCode=200, Body={
  "header" : {
    "msgId" : "2410685610728330",
    "creationDateTime" : "2025-12-06 11:17:54.788"
  },
  "paymentInfo" : {
    "identification" : {
      "endToEndId" : "2410685610728330"
    }
  },
  "status" : {
    "code" : "200",
    "subCode" : "0000",
    "msg" : "State is changed successfully"
  }
}
2025-12-06 17:17:56 [INF] Sending PAID notification to WesternUnionUAT for EndToEndId=2410689111046871 with code=4030
2025-12-06 17:17:57 [INF] WU response OK for EndToEndId=2410689111046871. StatusCode=200, Body={
  "header" : {
    "msgId" : "2410689111046871",
    "creationDateTime" : "2025-12-06 11:17:56.857"
  },
  "paymentInfo" : {
    "identification" : {
      "endToEndId" : "2410689111046871"
    }
  },
  "status" : {
    "code" : "200",
    "subCode" : "0000",
    "msg" : "State is changed successfully"
  }
}
2025-12-06 17:18:48 [INF] Sending CANCEL notification to WesternUnionUAT for EndToEndId=2228083818368660 with code=4024
2025-12-06 17:18:49 [INF] WU response OK for EndToEndId=2228083818368660. StatusCode=200, Body={
  "header" : {
    "msgId" : "2228083818368660",
    "creationDateTime" : "2025-12-06 11:18:48.966"
  },
  "paymentInfo" : {
    "identification" : {
      "endToEndId" : "2228083818368660"
    }
  },
  "status" : {
    "code" : "404",
    "subCode" : "7200",
    "msg" : "Transaction does not exist."
  }
}
2025-12-06 17:18:51 [INF] Sending CANCEL notification to WesternUnionUAT for EndToEndId=2228084322867817 with code=4024
2025-12-06 17:18:51 [INF] WU response OK for EndToEndId=2228084322867817. StatusCode=200, Body={
  "header" : {
    "msgId" : "2228084322867817",
    "creationDateTime" : "2025-12-06 11:18:51.262"
  },
  "paymentInfo" : {
    "identification" : {
      "endToEndId" : "2228084322867817"
    }
  },
  "status" : {
    "code" : "404",
    "subCode" : "7200",
    "msg" : "Transaction does not exist."
  }
}
2025-12-06 17:18:53 [INF] Sending CANCEL notification to WesternUnionUAT for EndToEndId=2228480892049530 with code=4024
2025-12-06 17:18:53 [INF] WU response OK for EndToEndId=2228480892049530. StatusCode=200, Body={
  "header" : {
    "msgId" : "2228480892049530",
    "creationDateTime" : "2025-12-06 11:18:53.181"
  },
  "paymentInfo" : {
    "identification" : {
      "endToEndId" : "2228480892049530"
    }
  },
  "status" : {
    "code" : "404",
    "subCode" : "7200",
    "msg" : "Transaction does not exist."
  }
}
2025-12-06 17:18:55 [INF] Sending CANCEL notification to WesternUnionUAT for EndToEndId=2228485770766160 with code=4024
2025-12-06 17:18:55 [INF] WU response OK for EndToEndId=2228485770766160. StatusCode=200, Body={
  "header" : {
    "msgId" : "2228485770766160",
    "creationDateTime" : "2025-12-06 11:18:55.089"
  },
  "paymentInfo" : {
    "identification" : {
      "endToEndId" : "2228485770766160"
    }
  },
  "status" : {
    "code" : "404",
    "subCode" : "7200",
    "msg" : "Transaction does not exist."
  }
}
2025-12-06 17:18:57 [INF] Sending CANCEL notification to WesternUnionUAT for EndToEndId=2228489720707017 with code=4024
2025-12-06 17:18:57 [INF] WU response OK for EndToEndId=2228489720707017. StatusCode=200, Body={
  "header" : {
    "msgId" : "2228489720707017",
    "creationDateTime" : "2025-12-06 11:18:57.008"
  },
  "paymentInfo" : {
    "identification" : {
      "endToEndId" : "2228489720707017"
    }
  },
  "status" : {
    "code" : "404",
    "subCode" : "7200",
    "msg" : "Transaction does not exist."
  }
}
2025-12-06 17:18:58 [INF] Sending CANCEL notification to WesternUnionUAT for EndToEndId=2228680982055570 with code=4024
2025-12-06 17:18:59 [INF] WU response OK for EndToEndId=2228680982055570. StatusCode=200, Body={
  "header" : {
    "msgId" : "2228680982055570",
    "creationDateTime" : "2025-12-06 11:18:58.927"
  },
  "paymentInfo" : {
    "identification" : {
      "endToEndId" : "2228680982055570"
    }
  },
  "status" : {
    "code" : "404",
    "subCode" : "7200",
    "msg" : "Transaction does not exist."
  }
}
2025-12-06 17:19:00 [INF] Sending CANCEL notification to WesternUnionUAT for EndToEndId=2228682621874171 with code=4024
2025-12-06 17:19:01 [INF] WU response OK for EndToEndId=2228682621874171. StatusCode=200, Body={
  "header" : {
    "msgId" : "2228682621874171",
    "creationDateTime" : "2025-12-06 11:19:00.856"
  },
  "paymentInfo" : {
    "identification" : {
      "endToEndId" : "2228682621874171"
    }
  },
  "status" : {
    "code" : "200",
    "subCode" : "0000",
    "msg" : "State is changed successfully"
  }
}
2025-12-06 17:19:02 [INF] Sending CANCEL notification to WesternUnionUAT for EndToEndId=2228682921289164 with code=4024
2025-12-06 17:19:03 [INF] WU response OK for EndToEndId=2228682921289164. StatusCode=200, Body={
  "header" : {
    "msgId" : "2228682921289164",
    "creationDateTime" : "2025-12-06 11:19:02.932"
  },
  "paymentInfo" : {
    "identification" : {
      "endToEndId" : "2228682921289164"
    }
  },
  "status" : {
    "code" : "404",
    "subCode" : "7200",
    "msg" : "Transaction does not exist."
  }
}
2025-12-06 17:19:04 [INF] Sending CANCEL notification to WesternUnionUAT for EndToEndId=2228684241743904 with code=4024
2025-12-06 17:19:05 [INF] WU response OK for EndToEndId=2228684241743904. StatusCode=200, Body={
  "header" : {
    "msgId" : "2228684241743904",
    "creationDateTime" : "2025-12-06 11:19:04.848"
  },
  "paymentInfo" : {
    "identification" : {
      "endToEndId" : "2228684241743904"
    }
  },
  "status" : {
    "code" : "500",
    "subCode" : "1510",
    "msg" : "Invalid payment state transition"
  }
}
2025-12-06 17:19:06 [INF] Sending CANCEL notification to WesternUnionUAT for EndToEndId=2228689290367575 with code=4024
2025-12-06 17:19:07 [INF] WU response OK for EndToEndId=2228689290367575. StatusCode=200, Body={
  "header" : {
    "msgId" : "2228689290367575",
    "creationDateTime" : "2025-12-06 11:19:06.865"
  },
  "paymentInfo" : {
    "identification" : {
      "endToEndId" : "2228689290367575"
    }
  },
  "status" : {
    "code" : "200",
    "subCode" : "0000",
    "msg" : "State is changed successfully"
  }
}
2025-12-06 17:19:08 [INF] Sending CANCEL notification to WesternUnionUAT for EndToEndId=2231289051334951 with code=4024
2025-12-06 17:19:09 [INF] WU response OK for EndToEndId=2231289051334951. StatusCode=200, Body={
  "header" : {
    "msgId" : "2231289051334951",
    "creationDateTime" : "2025-12-06 11:19:08.908"
  },
  "paymentInfo" : {
    "identification" : {
      "endToEndId" : "2231289051334951"
    }
  },
  "status" : {
    "code" : "404",
    "subCode" : "7200",
    "msg" : "Transaction does not exist."
  }
}
2025-12-06 17:19:10 [INF] Sending CANCEL notification to WesternUnionUAT for EndToEndId=2305284391155202 with code=4024
2025-12-06 17:19:11 [INF] WU response OK for EndToEndId=2305284391155202. StatusCode=200, Body={
  "header" : {
    "msgId" : "2305284391155202",
    "creationDateTime" : "2025-12-06 11:19:10.860"
  },
  "paymentInfo" : {
    "identification" : {
      "endToEndId" : "2305284391155202"
    }
  },
  "status" : {
    "code" : "200",
    "subCode" : "0000",
    "msg" : "State is changed successfully"
  }
}
2025-12-06 17:19:12 [INF] Sending CANCEL notification to WesternUnionUAT for EndToEndId=2305586990205069 with code=4024
2025-12-06 17:19:13 [INF] WU response OK for EndToEndId=2305586990205069. StatusCode=200, Body={
  "header" : {
    "msgId" : "2305586990205069",
    "creationDateTime" : "2025-12-06 11:19:12.894"
  },
  "paymentInfo" : {
    "identification" : {
      "endToEndId" : "2305586990205069"
    }
  },
  "status" : {
    "code" : "200",
    "subCode" : "0000",
    "msg" : "State is changed successfully"
  }
}
2025-12-06 17:19:14 [INF] Sending PAID notification to WesternUnionUAT for EndToEndId=2334184040728559 with code=4030
2025-12-06 17:19:15 [INF] WU response OK for EndToEndId=2334184040728559. StatusCode=200, Body={
  "header" : {
    "msgId" : "2334184040728559",
    "creationDateTime" : "2025-12-06 11:19:14.938"
  },
  "paymentInfo" : {
    "identification" : {
      "endToEndId" : "2334184040728559"
    }
  },
  "status" : {
    "code" : "404",
    "subCode" : "7200",
    "msg" : "Transaction does not exist."
  }
}
2025-12-06 17:19:16 [INF] Sending PAID notification to WesternUnionUAT for EndToEndId=2334186940178686 with code=4030
2025-12-06 17:19:17 [INF] WU response OK for EndToEndId=2334186940178686. StatusCode=200, Body={
  "header" : {
    "msgId" : "2334186940178686",
    "creationDateTime" : "2025-12-06 11:19:16.855"
  },
  "paymentInfo" : {
    "identification" : {
      "endToEndId" : "2334186940178686"
    }
  },
  "status" : {
    "code" : "404",
    "subCode" : "7200",
    "msg" : "Transaction does not exist."
  }
}
2025-12-06 17:19:18 [INF] Sending PAID notification to WesternUnionUAT for EndToEndId=2334187339242397 with code=4030
2025-12-06 17:19:19 [INF] WU response OK for EndToEndId=2334187339242397. StatusCode=200, Body={
  "header" : {
    "msgId" : "2334187339242397",
    "creationDateTime" : "2025-12-06 11:19:18.764"
  },
  "paymentInfo" : {
    "identification" : {
      "endToEndId" : "2334187339242397"
    }
  },
  "status" : {
    "code" : "404",
    "subCode" : "7200",
    "msg" : "Transaction does not exist."
  }
}
2025-12-06 17:19:20 [INF] Sending PAID notification to WesternUnionUAT for EndToEndId=2334188245095223 with code=4030
2025-12-06 17:19:20 [INF] WU response OK for EndToEndId=2334188245095223. StatusCode=200, Body={
  "header" : {
    "msgId" : "2334188245095223",
    "creationDateTime" : "2025-12-06 11:19:20.675"
  },
  "paymentInfo" : {
    "identification" : {
      "endToEndId" : "2334188245095223"
    }
  },
  "status" : {
    "code" : "404",
    "subCode" : "7200",
    "msg" : "Transaction does not exist."
  }
}
2025-12-06 17:19:22 [INF] Sending PAID notification to WesternUnionUAT for EndToEndId=2410682753149512 with code=4030
2025-12-06 17:19:23 [INF] WU response OK for EndToEndId=2410682753149512. StatusCode=200, Body={
  "header" : {
    "msgId" : "2410682753149512",
    "creationDateTime" : "2025-12-06 11:19:22.603"
  },
  "paymentInfo" : {
    "identification" : {
      "endToEndId" : "2410682753149512"
    }
  },
  "status" : {
    "code" : "200",
    "subCode" : "0000",
    "msg" : "State is changed successfully"
  }
}
2025-12-06 17:19:24 [INF] Sending PAID notification to WesternUnionUAT for EndToEndId=2410685610728330 with code=4030
2025-12-06 17:19:25 [INF] WU response OK for EndToEndId=2410685610728330. StatusCode=200, Body={
  "header" : {
    "msgId" : "2410685610728330",
    "creationDateTime" : "2025-12-06 11:19:24.635"
  },
  "paymentInfo" : {
    "identification" : {
      "endToEndId" : "2410685610728330"
    }
  },
  "status" : {
    "code" : "200",
    "subCode" : "0000",
    "msg" : "State is changed successfully"
  }
}
2025-12-06 17:19:26 [INF] Sending PAID notification to WesternUnionUAT for EndToEndId=2410689111046871 with code=4030
2025-12-06 17:19:27 [INF] WU response OK for EndToEndId=2410689111046871. StatusCode=200, Body={
  "header" : {
    "msgId" : "2410689111046871",
    "creationDateTime" : "2025-12-06 11:19:26.690"
  },
  "paymentInfo" : {
    "identification" : {
      "endToEndId" : "2410689111046871"
    }
  },
  "status" : {
    "code" : "200",
    "subCode" : "0000",
    "msg" : "State is changed successfully"
  }
}
2025-12-06 17:20:18 [INF] Sending CANCEL notification to WesternUnionUAT for EndToEndId=2228083818368660 with code=4024
2025-12-06 17:20:19 [INF] WU response OK for EndToEndId=2228083818368660. StatusCode=200, Body={
  "header" : {
    "msgId" : "2228083818368660",
    "creationDateTime" : "2025-12-06 11:20:18.780"
  },
  "paymentInfo" : {
    "identification" : {
      "endToEndId" : "2228083818368660"
    }
  },
  "status" : {
    "code" : "404",
    "subCode" : "7200",
    "msg" : "Transaction does not exist."
  }
}
2025-12-06 17:20:20 [INF] Sending CANCEL notification to WesternUnionUAT for EndToEndId=2228084322867817 with code=4024
2025-12-06 17:20:21 [INF] WU response OK for EndToEndId=2228084322867817. StatusCode=200, Body={
  "header" : {
    "msgId" : "2228084322867817",
    "creationDateTime" : "2025-12-06 11:20:20.966"
  },
  "paymentInfo" : {
    "identification" : {
      "endToEndId" : "2228084322867817"
    }
  },
  "status" : {
    "code" : "404",
    "subCode" : "7200",
    "msg" : "Transaction does not exist."
  }
}
2025-12-06 17:20:22 [INF] Sending CANCEL notification to WesternUnionUAT for EndToEndId=2228480892049530 with code=4024
2025-12-06 17:20:23 [INF] WU response OK for EndToEndId=2228480892049530. StatusCode=200, Body={
  "header" : {
    "msgId" : "2228480892049530",
    "creationDateTime" : "2025-12-06 11:20:22.888"
  },
  "paymentInfo" : {
    "identification" : {
      "endToEndId" : "2228480892049530"
    }
  },
  "status" : {
    "code" : "404",
    "subCode" : "7200",
    "msg" : "Transaction does not exist."
  }
}
2025-12-06 17:20:24 [INF] Sending CANCEL notification to WesternUnionUAT for EndToEndId=2228485770766160 with code=4024
2025-12-06 17:20:25 [INF] WU response OK for EndToEndId=2228485770766160. StatusCode=200, Body={
  "header" : {
    "msgId" : "2228485770766160",
    "creationDateTime" : "2025-12-06 11:20:24.801"
  },
  "paymentInfo" : {
    "identification" : {
      "endToEndId" : "2228485770766160"
    }
  },
  "status" : {
    "code" : "404",
    "subCode" : "7200",
    "msg" : "Transaction does not exist."
  }
}
2025-12-06 17:20:26 [INF] Sending CANCEL notification to WesternUnionUAT for EndToEndId=2228489720707017 with code=4024
2025-12-06 17:20:27 [INF] WU response OK for EndToEndId=2228489720707017. StatusCode=200, Body={
  "header" : {
    "msgId" : "2228489720707017",
    "creationDateTime" : "2025-12-06 11:20:26.720"
  },
  "paymentInfo" : {
    "identification" : {
      "endToEndId" : "2228489720707017"
    }
  },
  "status" : {
    "code" : "404",
    "subCode" : "7200",
    "msg" : "Transaction does not exist."
  }
}
2025-12-06 17:20:28 [INF] Sending CANCEL notification to WesternUnionUAT for EndToEndId=2228680982055570 with code=4024
2025-12-06 17:20:28 [INF] WU response OK for EndToEndId=2228680982055570. StatusCode=200, Body={
  "header" : {
    "msgId" : "2228680982055570",
    "creationDateTime" : "2025-12-06 11:20:28.643"
  },
  "paymentInfo" : {
    "identification" : {
      "endToEndId" : "2228680982055570"
    }
  },
  "status" : {
    "code" : "404",
    "subCode" : "7200",
    "msg" : "Transaction does not exist."
  }
}
2025-12-06 17:20:30 [INF] Sending CANCEL notification to WesternUnionUAT for EndToEndId=2228682621874171 with code=4024
2025-12-06 17:20:31 [INF] WU response OK for EndToEndId=2228682621874171. StatusCode=200, Body={
  "header" : {
    "msgId" : "2228682621874171",
    "creationDateTime" : "2025-12-06 11:20:30.571"
  },
  "paymentInfo" : {
    "identification" : {
      "endToEndId" : "2228682621874171"
    }
  },
  "status" : {
    "code" : "200",
    "subCode" : "0000",
    "msg" : "State is changed successfully"
  }
}
2025-12-06 17:20:32 [INF] Sending CANCEL notification to WesternUnionUAT for EndToEndId=2228682921289164 with code=4024
2025-12-06 17:20:32 [INF] WU response OK for EndToEndId=2228682921289164. StatusCode=200, Body={
  "header" : {
    "msgId" : "2228682921289164",
    "creationDateTime" : "2025-12-06 11:20:32.668"
  },
  "paymentInfo" : {
    "identification" : {
      "endToEndId" : "2228682921289164"
    }
  },
  "status" : {
    "code" : "404",
    "subCode" : "7200",
    "msg" : "Transaction does not exist."
  }
}
2025-12-06 17:20:34 [INF] Sending CANCEL notification to WesternUnionUAT for EndToEndId=2228684241743904 with code=4024
2025-12-06 17:20:34 [INF] WU response OK for EndToEndId=2228684241743904. StatusCode=200, Body={
  "header" : {
    "msgId" : "2228684241743904",
    "creationDateTime" : "2025-12-06 11:20:34.586"
  },
  "paymentInfo" : {
    "identification" : {
      "endToEndId" : "2228684241743904"
    }
  },
  "status" : {
    "code" : "500",
    "subCode" : "1510",
    "msg" : "Invalid payment state transition"
  }
}
2025-12-06 17:20:36 [INF] Sending CANCEL notification to WesternUnionUAT for EndToEndId=2228689290367575 with code=4024
2025-12-06 17:20:37 [INF] WU response OK for EndToEndId=2228689290367575. StatusCode=200, Body={
  "header" : {
    "msgId" : "2228689290367575",
    "creationDateTime" : "2025-12-06 11:20:36.603"
  },
  "paymentInfo" : {
    "identification" : {
      "endToEndId" : "2228689290367575"
    }
  },
  "status" : {
    "code" : "200",
    "subCode" : "0000",
    "msg" : "State is changed successfully"
  }
}
2025-12-06 17:20:38 [INF] Sending CANCEL notification to WesternUnionUAT for EndToEndId=2231289051334951 with code=4024
2025-12-06 17:20:38 [INF] WU response OK for EndToEndId=2231289051334951. StatusCode=200, Body={
  "header" : {
    "msgId" : "2231289051334951",
    "creationDateTime" : "2025-12-06 11:20:38.639"
  },
  "paymentInfo" : {
    "identification" : {
      "endToEndId" : "2231289051334951"
    }
  },
  "status" : {
    "code" : "404",
    "subCode" : "7200",
    "msg" : "Transaction does not exist."
  }
}
2025-12-06 17:20:40 [INF] Sending CANCEL notification to WesternUnionUAT for EndToEndId=2305284391155202 with code=4024
2025-12-06 17:20:40 [INF] WU response OK for EndToEndId=2305284391155202. StatusCode=200, Body={
  "header" : {
    "msgId" : "2305284391155202",
    "creationDateTime" : "2025-12-06 11:20:40.566"
  },
  "paymentInfo" : {
    "identification" : {
      "endToEndId" : "2305284391155202"
    }
  },
  "status" : {
    "code" : "200",
    "subCode" : "0000",
    "msg" : "State is changed successfully"
  }
}
2025-12-06 17:20:42 [INF] Sending CANCEL notification to WesternUnionUAT for EndToEndId=2305586990205069 with code=4024
2025-12-06 17:20:43 [INF] WU response OK for EndToEndId=2305586990205069. StatusCode=200, Body={
  "header" : {
    "msgId" : "2305586990205069",
    "creationDateTime" : "2025-12-06 11:20:42.608"
  },
  "paymentInfo" : {
    "identification" : {
      "endToEndId" : "2305586990205069"
    }
  },
  "status" : {
    "code" : "200",
    "subCode" : "0000",
    "msg" : "State is changed successfully"
  }
}
2025-12-06 17:20:44 [INF] Sending PAID notification to WesternUnionUAT for EndToEndId=2334184040728559 with code=4030
2025-12-06 17:20:44 [INF] WU response OK for EndToEndId=2334184040728559. StatusCode=200, Body={
  "header" : {
    "msgId" : "2334184040728559",
    "creationDateTime" : "2025-12-06 11:20:44.657"
  },
  "paymentInfo" : {
    "identification" : {
      "endToEndId" : "2334184040728559"
    }
  },
  "status" : {
    "code" : "404",
    "subCode" : "7200",
    "msg" : "Transaction does not exist."
  }
}
2025-12-06 17:20:46 [INF] Sending PAID notification to WesternUnionUAT for EndToEndId=2334186940178686 with code=4030
2025-12-06 17:20:46 [INF] WU response OK for EndToEndId=2334186940178686. StatusCode=200, Body={
  "header" : {
    "msgId" : "2334186940178686",
    "creationDateTime" : "2025-12-06 11:20:46.576"
  },
  "paymentInfo" : {
    "identification" : {
      "endToEndId" : "2334186940178686"
    }
  },
  "status" : {
    "code" : "404",
    "subCode" : "7200",
    "msg" : "Transaction does not exist."
  }
}
2025-12-06 17:20:48 [INF] Sending PAID notification to WesternUnionUAT for EndToEndId=2334187339242397 with code=4030
2025-12-06 17:20:48 [INF] WU response OK for EndToEndId=2334187339242397. StatusCode=200, Body={
  "header" : {
    "msgId" : "2334187339242397",
    "creationDateTime" : "2025-12-06 11:20:48.517"
  },
  "paymentInfo" : {
    "identification" : {
      "endToEndId" : "2334187339242397"
    }
  },
  "status" : {
    "code" : "404",
    "subCode" : "7200",
    "msg" : "Transaction does not exist."
  }
}
2025-12-06 17:20:50 [INF] Sending PAID notification to WesternUnionUAT for EndToEndId=2334188245095223 with code=4030
2025-12-06 17:20:50 [INF] WU response OK for EndToEndId=2334188245095223. StatusCode=200, Body={
  "header" : {
    "msgId" : "2334188245095223",
    "creationDateTime" : "2025-12-06 11:20:50.452"
  },
  "paymentInfo" : {
    "identification" : {
      "endToEndId" : "2334188245095223"
    }
  },
  "status" : {
    "code" : "404",
    "subCode" : "7200",
    "msg" : "Transaction does not exist."
  }
}
2025-12-06 17:20:52 [INF] Sending PAID notification to WesternUnionUAT for EndToEndId=2410682753149512 with code=4030
2025-12-06 17:20:52 [INF] WU response OK for EndToEndId=2410682753149512. StatusCode=200, Body={
  "header" : {
    "msgId" : "2410682753149512",
    "creationDateTime" : "2025-12-06 11:20:52.383"
  },
  "paymentInfo" : {
    "identification" : {
      "endToEndId" : "2410682753149512"
    }
  },
  "status" : {
    "code" : "200",
    "subCode" : "0000",
    "msg" : "State is changed successfully"
  }
}
2025-12-06 17:20:54 [INF] Sending PAID notification to WesternUnionUAT for EndToEndId=2410685610728330 with code=4030
2025-12-06 17:20:54 [INF] WU response OK for EndToEndId=2410685610728330. StatusCode=200, Body={
  "header" : {
    "msgId" : "2410685610728330",
    "creationDateTime" : "2025-12-06 11:20:54.430"
  },
  "paymentInfo" : {
    "identification" : {
      "endToEndId" : "2410685610728330"
    }
  },
  "status" : {
    "code" : "200",
    "subCode" : "0000",
    "msg" : "State is changed successfully"
  }
}
2025-12-06 17:20:56 [INF] Sending PAID notification to WesternUnionUAT for EndToEndId=2410689111046871 with code=4030
2025-12-06 17:20:56 [INF] WU response OK for EndToEndId=2410689111046871. StatusCode=200, Body={
  "header" : {
    "msgId" : "2410689111046871",
    "creationDateTime" : "2025-12-06 11:20:56.504"
  },
  "paymentInfo" : {
    "identification" : {
      "endToEndId" : "2410689111046871"
    }
  },
  "status" : {
    "code" : "200",
    "subCode" : "0000",
    "msg" : "State is changed successfully"
  }
}
2025-12-06 17:21:48 [INF] Sending CANCEL notification to WesternUnionUAT for EndToEndId=2228083818368660 with code=4024
2025-12-06 17:21:53 [INF] WU response OK for EndToEndId=2228083818368660. StatusCode=200, Body={
  "header" : {
    "msgId" : "2228083818368660",
    "creationDateTime" : "2025-12-06 11:21:48.578"
  },
  "paymentInfo" : {
    "identification" : {
      "endToEndId" : "2228083818368660"
    }
  },
  "status" : {
    "code" : "404",
    "subCode" : "7200",
    "msg" : "Transaction does not exist."
  }
}
2025-12-06 17:21:55 [INF] Sending CANCEL notification to WesternUnionUAT for EndToEndId=2228084322867817 with code=4024
2025-12-06 17:21:55 [INF] WU response OK for EndToEndId=2228084322867817. StatusCode=200, Body={
  "header" : {
    "msgId" : "2228084322867817",
    "creationDateTime" : "2025-12-06 11:21:55.578"
  },
  "paymentInfo" : {
    "identification" : {
      "endToEndId" : "2228084322867817"
    }
  },
  "status" : {
    "code" : "404",
    "subCode" : "7200",
    "msg" : "Transaction does not exist."
  }
}
2025-12-06 17:21:57 [INF] Sending CANCEL notification to WesternUnionUAT for EndToEndId=2228480892049530 with code=4024
2025-12-06 17:21:57 [INF] WU response OK for EndToEndId=2228480892049530. StatusCode=200, Body={
  "header" : {
    "msgId" : "2228480892049530",
    "creationDateTime" : "2025-12-06 11:21:57.489"
  },
  "paymentInfo" : {
    "identification" : {
      "endToEndId" : "2228480892049530"
    }
  },
  "status" : {
    "code" : "404",
    "subCode" : "7200",
    "msg" : "Transaction does not exist."
  }
}
2025-12-06 17:21:59 [INF] Sending CANCEL notification to WesternUnionUAT for EndToEndId=2228485770766160 with code=4024
2025-12-06 17:21:59 [INF] WU response OK for EndToEndId=2228485770766160. StatusCode=200, Body={
  "header" : {
    "msgId" : "2228485770766160",
    "creationDateTime" : "2025-12-06 11:21:59.430"
  },
  "paymentInfo" : {
    "identification" : {
      "endToEndId" : "2228485770766160"
    }
  },
  "status" : {
    "code" : "404",
    "subCode" : "7200",
    "msg" : "Transaction does not exist."
  }
}
2025-12-06 17:22:01 [INF] Sending CANCEL notification to WesternUnionUAT for EndToEndId=2228489720707017 with code=4024
2025-12-06 17:22:01 [INF] WU response OK for EndToEndId=2228489720707017. StatusCode=200, Body={
  "header" : {
    "msgId" : "2228489720707017",
    "creationDateTime" : "2025-12-06 11:22:01.357"
  },
  "paymentInfo" : {
    "identification" : {
      "endToEndId" : "2228489720707017"
    }
  },
  "status" : {
    "code" : "404",
    "subCode" : "7200",
    "msg" : "Transaction does not exist."
  }
}
2025-12-06 17:22:03 [INF] Sending CANCEL notification to WesternUnionUAT for EndToEndId=2228680982055570 with code=4024
2025-12-06 17:22:03 [INF] WU response OK for EndToEndId=2228680982055570. StatusCode=200, Body={
  "header" : {
    "msgId" : "2228680982055570",
    "creationDateTime" : "2025-12-06 11:22:03.274"
  },
  "paymentInfo" : {
    "identification" : {
      "endToEndId" : "2228680982055570"
    }
  },
  "status" : {
    "code" : "404",
    "subCode" : "7200",
    "msg" : "Transaction does not exist."
  }
}
2025-12-06 17:22:05 [INF] Sending CANCEL notification to WesternUnionUAT for EndToEndId=2228682621874171 with code=4024
2025-12-06 17:22:05 [INF] WU response OK for EndToEndId=2228682621874171. StatusCode=200, Body={
  "header" : {
    "msgId" : "2228682621874171",
    "creationDateTime" : "2025-12-06 11:22:05.210"
  },
  "paymentInfo" : {
    "identification" : {
      "endToEndId" : "2228682621874171"
    }
  },
  "status" : {
    "code" : "200",
    "subCode" : "0000",
    "msg" : "State is changed successfully"
  }
}
2025-12-06 17:22:07 [INF] Sending CANCEL notification to WesternUnionUAT for EndToEndId=2228682921289164 with code=4024
2025-12-06 17:22:07 [INF] WU response OK for EndToEndId=2228682921289164. StatusCode=200, Body={
  "header" : {
    "msgId" : "2228682921289164",
    "creationDateTime" : "2025-12-06 11:22:07.252"
  },
  "paymentInfo" : {
    "identification" : {
      "endToEndId" : "2228682921289164"
    }
  },
  "status" : {
    "code" : "404",
    "subCode" : "7200",
    "msg" : "Transaction does not exist."
  }
}
2025-12-06 17:22:09 [INF] Sending CANCEL notification to WesternUnionUAT for EndToEndId=2228684241743904 with code=4024
2025-12-06 17:22:09 [INF] WU response OK for EndToEndId=2228684241743904. StatusCode=200, Body={
  "header" : {
    "msgId" : "2228684241743904",
    "creationDateTime" : "2025-12-06 11:22:09.176"
  },
  "paymentInfo" : {
    "identification" : {
      "endToEndId" : "2228684241743904"
    }
  },
  "status" : {
    "code" : "500",
    "subCode" : "1510",
    "msg" : "Invalid payment state transition"
  }
}
2025-12-06 17:22:11 [INF] Sending CANCEL notification to WesternUnionUAT for EndToEndId=2228689290367575 with code=4024
2025-12-06 17:22:11 [INF] WU response OK for EndToEndId=2228689290367575. StatusCode=200, Body={
  "header" : {
    "msgId" : "2228689290367575",
    "creationDateTime" : "2025-12-06 11:22:11.163"
  },
  "paymentInfo" : {
    "identification" : {
      "endToEndId" : "2228689290367575"
    }
  },
  "status" : {
    "code" : "200",
    "subCode" : "0000",
    "msg" : "State is changed successfully"
  }
}
2025-12-06 17:22:13 [INF] Sending CANCEL notification to WesternUnionUAT for EndToEndId=2231289051334951 with code=4024
2025-12-06 17:22:13 [INF] WU response OK for EndToEndId=2231289051334951. StatusCode=200, Body={
  "header" : {
    "msgId" : "2231289051334951",
    "creationDateTime" : "2025-12-06 11:22:13.197"
  },
  "paymentInfo" : {
    "identification" : {
      "endToEndId" : "2231289051334951"
    }
  },
  "status" : {
    "code" : "404",
    "subCode" : "7200",
    "msg" : "Transaction does not exist."
  }
}
2025-12-06 17:22:15 [INF] Sending CANCEL notification to WesternUnionUAT for EndToEndId=2305284391155202 with code=4024
2025-12-06 17:22:15 [INF] WU response OK for EndToEndId=2305284391155202. StatusCode=200, Body={
  "header" : {
    "msgId" : "2305284391155202",
    "creationDateTime" : "2025-12-06 11:22:15.111"
  },
  "paymentInfo" : {
    "identification" : {
      "endToEndId" : "2305284391155202"
    }
  },
  "status" : {
    "code" : "200",
    "subCode" : "0000",
    "msg" : "State is changed successfully"
  }
}
2025-12-06 17:22:17 [INF] Sending CANCEL notification to WesternUnionUAT for EndToEndId=2305586990205069 with code=4024
2025-12-06 17:22:17 [INF] WU response OK for EndToEndId=2305586990205069. StatusCode=200, Body={
  "header" : {
    "msgId" : "2305586990205069",
    "creationDateTime" : "2025-12-06 11:22:17.155"
  },
  "paymentInfo" : {
    "identification" : {
      "endToEndId" : "2305586990205069"
    }
  },
  "status" : {
    "code" : "200",
    "subCode" : "0000",
    "msg" : "State is changed successfully"
  }
}
2025-12-06 17:22:19 [INF] Sending PAID notification to WesternUnionUAT for EndToEndId=2334184040728559 with code=4030
2025-12-06 17:22:19 [INF] WU response OK for EndToEndId=2334184040728559. StatusCode=200, Body={
  "header" : {
    "msgId" : "2334184040728559",
    "creationDateTime" : "2025-12-06 11:22:19.233"
  },
  "paymentInfo" : {
    "identification" : {
      "endToEndId" : "2334184040728559"
    }
  },
  "status" : {
    "code" : "404",
    "subCode" : "7200",
    "msg" : "Transaction does not exist."
  }
}
2025-12-06 17:22:21 [INF] Sending PAID notification to WesternUnionUAT for EndToEndId=2334186940178686 with code=4030
2025-12-06 17:22:21 [INF] WU response OK for EndToEndId=2334186940178686. StatusCode=200, Body={
  "header" : {
    "msgId" : "2334186940178686",
    "creationDateTime" : "2025-12-06 11:22:21.166"
  },
  "paymentInfo" : {
    "identification" : {
      "endToEndId" : "2334186940178686"
    }
  },
  "status" : {
    "code" : "404",
    "subCode" : "7200",
    "msg" : "Transaction does not exist."
  }
}
2025-12-06 17:22:23 [INF] Sending PAID notification to WesternUnionUAT for EndToEndId=2334187339242397 with code=4030
2025-12-06 17:22:23 [INF] WU response OK for EndToEndId=2334187339242397. StatusCode=200, Body={
  "header" : {
    "msgId" : "2334187339242397",
    "creationDateTime" : "2025-12-06 11:22:23.077"
  },
  "paymentInfo" : {
    "identification" : {
      "endToEndId" : "2334187339242397"
    }
  },
  "status" : {
    "code" : "404",
    "subCode" : "7200",
    "msg" : "Transaction does not exist."
  }
}
2025-12-06 17:22:25 [INF] Sending PAID notification to WesternUnionUAT for EndToEndId=2334188245095223 with code=4030
2025-12-06 17:22:25 [INF] WU response OK for EndToEndId=2334188245095223. StatusCode=200, Body={
  "header" : {
    "msgId" : "2334188245095223",
    "creationDateTime" : "2025-12-06 11:22:25.003"
  },
  "paymentInfo" : {
    "identification" : {
      "endToEndId" : "2334188245095223"
    }
  },
  "status" : {
    "code" : "404",
    "subCode" : "7200",
    "msg" : "Transaction does not exist."
  }
}
2025-12-06 17:22:26 [INF] Sending PAID notification to WesternUnionUAT for EndToEndId=2410682753149512 with code=4030
2025-12-06 17:22:27 [INF] WU response OK for EndToEndId=2410682753149512. StatusCode=200, Body={
  "header" : {
    "msgId" : "2410682753149512",
    "creationDateTime" : "2025-12-06 11:22:26.928"
  },
  "paymentInfo" : {
    "identification" : {
      "endToEndId" : "2410682753149512"
    }
  },
  "status" : {
    "code" : "200",
    "subCode" : "0000",
    "msg" : "State is changed successfully"
  }
}
2025-12-06 17:22:28 [INF] Sending PAID notification to WesternUnionUAT for EndToEndId=2410685610728330 with code=4030
2025-12-06 17:22:29 [INF] WU response OK for EndToEndId=2410685610728330. StatusCode=200, Body={
  "header" : {
    "msgId" : "2410685610728330",
    "creationDateTime" : "2025-12-06 11:22:28.979"
  },
  "paymentInfo" : {
    "identification" : {
      "endToEndId" : "2410685610728330"
    }
  },
  "status" : {
    "code" : "200",
    "subCode" : "0000",
    "msg" : "State is changed successfully"
  }
}
2025-12-06 17:22:31 [INF] Sending PAID notification to WesternUnionUAT for EndToEndId=2410689111046871 with code=4030
2025-12-06 17:22:31 [INF] WU response OK for EndToEndId=2410689111046871. StatusCode=200, Body={
  "header" : {
    "msgId" : "2410689111046871",
    "creationDateTime" : "2025-12-06 11:22:31.041"
  },
  "paymentInfo" : {
    "identification" : {
      "endToEndId" : "2410689111046871"
    }
  },
  "status" : {
    "code" : "200",
    "subCode" : "0000",
    "msg" : "State is changed successfully"
  }
}
2025-12-06 17:23:23 [INF] Sending CANCEL notification to WesternUnionUAT for EndToEndId=2228083818368660 with code=4024
2025-12-06 17:23:23 [INF] WU response OK for EndToEndId=2228083818368660. StatusCode=200, Body={
  "header" : {
    "msgId" : "2228083818368660",
    "creationDateTime" : "2025-12-06 11:23:23.132"
  },
  "paymentInfo" : {
    "identification" : {
      "endToEndId" : "2228083818368660"
    }
  },
  "status" : {
    "code" : "404",
    "subCode" : "7200",
    "msg" : "Transaction does not exist."
  }
}
2025-12-06 17:23:25 [INF] Sending CANCEL notification to WesternUnionUAT for EndToEndId=2228084322867817 with code=4024
2025-12-06 17:23:25 [INF] WU response OK for EndToEndId=2228084322867817. StatusCode=200, Body={
  "header" : {
    "msgId" : "2228084322867817",
    "creationDateTime" : "2025-12-06 11:23:25.296"
  },
  "paymentInfo" : {
    "identification" : {
      "endToEndId" : "2228084322867817"
    }
  },
  "status" : {
    "code" : "404",
    "subCode" : "7200",
    "msg" : "Transaction does not exist."
  }
}
2025-12-06 17:23:27 [INF] Sending CANCEL notification to WesternUnionUAT for EndToEndId=2228480892049530 with code=4024
2025-12-06 17:23:27 [INF] WU response OK for EndToEndId=2228480892049530. StatusCode=200, Body={
  "header" : {
    "msgId" : "2228480892049530",
    "creationDateTime" : "2025-12-06 11:23:27.222"
  },
  "paymentInfo" : {
    "identification" : {
      "endToEndId" : "2228480892049530"
    }
  },
  "status" : {
    "code" : "404",
    "subCode" : "7200",
    "msg" : "Transaction does not exist."
  }
}
2025-12-06 17:23:29 [INF] Sending CANCEL notification to WesternUnionUAT for EndToEndId=2228485770766160 with code=4024
2025-12-06 17:23:29 [INF] WU response OK for EndToEndId=2228485770766160. StatusCode=200, Body={
  "header" : {
    "msgId" : "2228485770766160",
    "creationDateTime" : "2025-12-06 11:23:29.135"
  },
  "paymentInfo" : {
    "identification" : {
      "endToEndId" : "2228485770766160"
    }
  },
  "status" : {
    "code" : "404",
    "subCode" : "7200",
    "msg" : "Transaction does not exist."
  }
}
2025-12-06 17:23:31 [INF] Sending CANCEL notification to WesternUnionUAT for EndToEndId=2228489720707017 with code=4024
2025-12-06 17:23:31 [INF] WU response OK for EndToEndId=2228489720707017. StatusCode=200, Body={
  "header" : {
    "msgId" : "2228489720707017",
    "creationDateTime" : "2025-12-06 11:23:31.057"
  },
  "paymentInfo" : {
    "identification" : {
      "endToEndId" : "2228489720707017"
    }
  },
  "status" : {
    "code" : "404",
    "subCode" : "7200",
    "msg" : "Transaction does not exist."
  }
}
2025-12-06 17:23:32 [INF] Sending CANCEL notification to WesternUnionUAT for EndToEndId=2228680982055570 with code=4024
2025-12-06 17:23:33 [INF] WU response OK for EndToEndId=2228680982055570. StatusCode=200, Body={
  "header" : {
    "msgId" : "2228680982055570",
    "creationDateTime" : "2025-12-06 11:23:32.996"
  },
  "paymentInfo" : {
    "identification" : {
      "endToEndId" : "2228680982055570"
    }
  },
  "status" : {
    "code" : "404",
    "subCode" : "7200",
    "msg" : "Transaction does not exist."
  }
}
2025-12-06 17:23:34 [INF] Sending CANCEL notification to WesternUnionUAT for EndToEndId=2228682621874171 with code=4024
2025-12-06 17:23:35 [INF] WU response OK for EndToEndId=2228682621874171. StatusCode=200, Body={
  "header" : {
    "msgId" : "2228682621874171",
    "creationDateTime" : "2025-12-06 11:23:34.918"
  },
  "paymentInfo" : {
    "identification" : {
      "endToEndId" : "2228682621874171"
    }
  },
  "status" : {
    "code" : "200",
    "subCode" : "0000",
    "msg" : "State is changed successfully"
  }
}
2025-12-06 17:23:36 [INF] Sending CANCEL notification to WesternUnionUAT for EndToEndId=2228682921289164 with code=4024
2025-12-06 17:23:37 [INF] WU response OK for EndToEndId=2228682921289164. StatusCode=200, Body={
  "header" : {
    "msgId" : "2228682921289164",
    "creationDateTime" : "2025-12-06 11:23:36.952"
  },
  "paymentInfo" : {
    "identification" : {
      "endToEndId" : "2228682921289164"
    }
  },
  "status" : {
    "code" : "404",
    "subCode" : "7200",
    "msg" : "Transaction does not exist."
  }
}
2025-12-06 17:23:38 [INF] Sending CANCEL notification to WesternUnionUAT for EndToEndId=2228684241743904 with code=4024
2025-12-06 17:23:39 [INF] WU response OK for EndToEndId=2228684241743904. StatusCode=200, Body={
  "header" : {
    "msgId" : "2228684241743904",
    "creationDateTime" : "2025-12-06 11:23:38.877"
  },
  "paymentInfo" : {
    "identification" : {
      "endToEndId" : "2228684241743904"
    }
  },
  "status" : {
    "code" : "500",
    "subCode" : "1510",
    "msg" : "Invalid payment state transition"
  }
}
2025-12-06 17:23:40 [INF] Sending CANCEL notification to WesternUnionUAT for EndToEndId=2228689290367575 with code=4024
2025-12-06 17:23:41 [INF] WU response OK for EndToEndId=2228689290367575. StatusCode=200, Body={
  "header" : {
    "msgId" : "2228689290367575",
    "creationDateTime" : "2025-12-06 11:23:40.881"
  },
  "paymentInfo" : {
    "identification" : {
      "endToEndId" : "2228689290367575"
    }
  },
  "status" : {
    "code" : "200",
    "subCode" : "0000",
    "msg" : "State is changed successfully"
  }
}
2025-12-06 17:23:42 [INF] Sending CANCEL notification to WesternUnionUAT for EndToEndId=2231289051334951 with code=4024
2025-12-06 17:23:43 [INF] WU response OK for EndToEndId=2231289051334951. StatusCode=200, Body={
  "header" : {
    "msgId" : "2231289051334951",
    "creationDateTime" : "2025-12-06 11:23:42.940"
  },
  "paymentInfo" : {
    "identification" : {
      "endToEndId" : "2231289051334951"
    }
  },
  "status" : {
    "code" : "404",
    "subCode" : "7200",
    "msg" : "Transaction does not exist."
  }
}
2025-12-06 17:23:44 [INF] Sending CANCEL notification to WesternUnionUAT for EndToEndId=2305284391155202 with code=4024
2025-12-06 17:23:45 [INF] WU response OK for EndToEndId=2305284391155202. StatusCode=200, Body={
  "header" : {
    "msgId" : "2305284391155202",
    "creationDateTime" : "2025-12-06 11:23:44.860"
  },
  "paymentInfo" : {
    "identification" : {
      "endToEndId" : "2305284391155202"
    }
  },
  "status" : {
    "code" : "200",
    "subCode" : "0000",
    "msg" : "State is changed successfully"
  }
}
2025-12-06 17:23:46 [INF] Sending CANCEL notification to WesternUnionUAT for EndToEndId=2305586990205069 with code=4024
2025-12-06 17:23:47 [INF] WU response OK for EndToEndId=2305586990205069. StatusCode=200, Body={
  "header" : {
    "msgId" : "2305586990205069",
    "creationDateTime" : "2025-12-06 11:23:46.893"
  },
  "paymentInfo" : {
    "identification" : {
      "endToEndId" : "2305586990205069"
    }
  },
  "status" : {
    "code" : "200",
    "subCode" : "0000",
    "msg" : "State is changed successfully"
  }
}
2025-12-06 17:23:48 [INF] Sending PAID notification to WesternUnionUAT for EndToEndId=2334184040728559 with code=4030
2025-12-06 17:23:49 [INF] WU response OK for EndToEndId=2334184040728559. StatusCode=200, Body={
  "header" : {
    "msgId" : "2334184040728559",
    "creationDateTime" : "2025-12-06 11:23:48.955"
  },
  "paymentInfo" : {
    "identification" : {
      "endToEndId" : "2334184040728559"
    }
  },
  "status" : {
    "code" : "404",
    "subCode" : "7200",
    "msg" : "Transaction does not exist."
  }
}
2025-12-06 17:23:50 [INF] Sending PAID notification to WesternUnionUAT for EndToEndId=2334186940178686 with code=4030
2025-12-06 17:23:51 [INF] WU response OK for EndToEndId=2334186940178686. StatusCode=200, Body={
  "header" : {
    "msgId" : "2334186940178686",
    "creationDateTime" : "2025-12-06 11:23:50.870"
  },
  "paymentInfo" : {
    "identification" : {
      "endToEndId" : "2334186940178686"
    }
  },
  "status" : {
    "code" : "404",
    "subCode" : "7200",
    "msg" : "Transaction does not exist."
  }
}
2025-12-06 17:23:52 [INF] Sending PAID notification to WesternUnionUAT for EndToEndId=2334187339242397 with code=4030
2025-12-06 17:23:53 [INF] WU response OK for EndToEndId=2334187339242397. StatusCode=200, Body={
  "header" : {
    "msgId" : "2334187339242397",
    "creationDateTime" : "2025-12-06 11:23:52.809"
  },
  "paymentInfo" : {
    "identification" : {
      "endToEndId" : "2334187339242397"
    }
  },
  "status" : {
    "code" : "404",
    "subCode" : "7200",
    "msg" : "Transaction does not exist."
  }
}
2025-12-06 17:23:54 [INF] Sending PAID notification to WesternUnionUAT for EndToEndId=2334188245095223 with code=4030
2025-12-06 17:23:55 [INF] WU response OK for EndToEndId=2334188245095223. StatusCode=200, Body={
  "header" : {
    "msgId" : "2334188245095223",
    "creationDateTime" : "2025-12-06 11:23:54.744"
  },
  "paymentInfo" : {
    "identification" : {
      "endToEndId" : "2334188245095223"
    }
  },
  "status" : {
    "code" : "404",
    "subCode" : "7200",
    "msg" : "Transaction does not exist."
  }
}
2025-12-06 17:23:56 [INF] Sending PAID notification to WesternUnionUAT for EndToEndId=2410682753149512 with code=4030
2025-12-06 17:23:57 [INF] WU response OK for EndToEndId=2410682753149512. StatusCode=200, Body={
  "header" : {
    "msgId" : "2410682753149512",
    "creationDateTime" : "2025-12-06 11:23:56.897"
  },
  "paymentInfo" : {
    "identification" : {
      "endToEndId" : "2410682753149512"
    }
  },
  "status" : {
    "code" : "200",
    "subCode" : "0000",
    "msg" : "State is changed successfully"
  }
}
2025-12-06 17:23:58 [INF] Sending PAID notification to WesternUnionUAT for EndToEndId=2410685610728330 with code=4030
2025-12-06 17:23:59 [INF] WU response OK for EndToEndId=2410685610728330. StatusCode=200, Body={
  "header" : {
    "msgId" : "2410685610728330",
    "creationDateTime" : "2025-12-06 11:23:58.965"
  },
  "paymentInfo" : {
    "identification" : {
      "endToEndId" : "2410685610728330"
    }
  },
  "status" : {
    "code" : "200",
    "subCode" : "0000",
    "msg" : "State is changed successfully"
  }
}
2025-12-06 17:24:01 [INF] Sending PAID notification to WesternUnionUAT for EndToEndId=2410689111046871 with code=4030
2025-12-06 17:24:01 [INF] WU response OK for EndToEndId=2410689111046871. StatusCode=200, Body={
  "header" : {
    "msgId" : "2410689111046871",
    "creationDateTime" : "2025-12-06 11:24:01.016"
  },
  "paymentInfo" : {
    "identification" : {
      "endToEndId" : "2410689111046871"
    }
  },
  "status" : {
    "code" : "200",
    "subCode" : "0000",
    "msg" : "State is changed successfully"
  }
}
2025-12-06 17:24:53 [INF] Sending CANCEL notification to WesternUnionUAT for EndToEndId=2228083818368660 with code=4024
2025-12-06 17:24:53 [INF] WU response OK for EndToEndId=2228083818368660. StatusCode=200, Body={
  "header" : {
    "msgId" : "2228083818368660",
    "creationDateTime" : "2025-12-06 11:24:53.100"
  },
  "paymentInfo" : {
    "identification" : {
      "endToEndId" : "2228083818368660"
    }
  },
  "status" : {
    "code" : "404",
    "subCode" : "7200",
    "msg" : "Transaction does not exist."
  }
}
2025-12-06 17:24:55 [INF] Sending CANCEL notification to WesternUnionUAT for EndToEndId=2228084322867817 with code=4024
2025-12-06 17:24:55 [INF] WU response OK for EndToEndId=2228084322867817. StatusCode=200, Body={
  "header" : {
    "msgId" : "2228084322867817",
    "creationDateTime" : "2025-12-06 11:24:55.297"
  },
  "paymentInfo" : {
    "identification" : {
      "endToEndId" : "2228084322867817"
    }
  },
  "status" : {
    "code" : "404",
    "subCode" : "7200",
    "msg" : "Transaction does not exist."
  }
}
2025-12-06 17:24:57 [INF] Sending CANCEL notification to WesternUnionUAT for EndToEndId=2228480892049530 with code=4024
2025-12-06 17:24:57 [INF] WU response OK for EndToEndId=2228480892049530. StatusCode=200, Body={
  "header" : {
    "msgId" : "2228480892049530",
    "creationDateTime" : "2025-12-06 11:24:57.219"
  },
  "paymentInfo" : {
    "identification" : {
      "endToEndId" : "2228480892049530"
    }
  },
  "status" : {
    "code" : "404",
    "subCode" : "7200",
    "msg" : "Transaction does not exist."
  }
}
2025-12-06 17:24:59 [INF] Sending CANCEL notification to WesternUnionUAT for EndToEndId=2228485770766160 with code=4024
2025-12-06 17:24:59 [INF] WU response OK for EndToEndId=2228485770766160. StatusCode=200, Body={
  "header" : {
    "msgId" : "2228485770766160",
    "creationDateTime" : "2025-12-06 11:24:59.147"
  },
  "paymentInfo" : {
    "identification" : {
      "endToEndId" : "2228485770766160"
    }
  },
  "status" : {
    "code" : "404",
    "subCode" : "7200",
    "msg" : "Transaction does not exist."
  }
}
2025-12-06 17:25:01 [INF] Sending CANCEL notification to WesternUnionUAT for EndToEndId=2228489720707017 with code=4024
2025-12-06 17:25:01 [INF] WU response OK for EndToEndId=2228489720707017. StatusCode=200, Body={
  "header" : {
    "msgId" : "2228489720707017",
    "creationDateTime" : "2025-12-06 11:25:01.098"
  },
  "paymentInfo" : {
    "identification" : {
      "endToEndId" : "2228489720707017"
    }
  },
  "status" : {
    "code" : "404",
    "subCode" : "7200",
    "msg" : "Transaction does not exist."
  }
}
2025-12-06 17:25:03 [INF] Sending CANCEL notification to WesternUnionUAT for EndToEndId=2228680982055570 with code=4024
2025-12-06 17:25:03 [INF] WU response OK for EndToEndId=2228680982055570. StatusCode=200, Body={
  "header" : {
    "msgId" : "2228680982055570",
    "creationDateTime" : "2025-12-06 11:25:03.028"
  },
  "paymentInfo" : {
    "identification" : {
      "endToEndId" : "2228680982055570"
    }
  },
  "status" : {
    "code" : "404",
    "subCode" : "7200",
    "msg" : "Transaction does not exist."
  }
}
2025-12-06 17:25:04 [INF] Sending CANCEL notification to WesternUnionUAT for EndToEndId=2228682621874171 with code=4024
2025-12-06 17:25:05 [INF] WU response OK for EndToEndId=2228682621874171. StatusCode=200, Body={
  "header" : {
    "msgId" : "2228682621874171",
    "creationDateTime" : "2025-12-06 11:25:04.946"
  },
  "paymentInfo" : {
    "identification" : {
      "endToEndId" : "2228682621874171"
    }
  },
  "status" : {
    "code" : "200",
    "subCode" : "0000",
    "msg" : "State is changed successfully"
  }
}
2025-12-06 17:25:06 [INF] Sending CANCEL notification to WesternUnionUAT for EndToEndId=2228682921289164 with code=4024
2025-12-06 17:25:07 [INF] WU response OK for EndToEndId=2228682921289164. StatusCode=200, Body={
  "header" : {
    "msgId" : "2228682921289164",
    "creationDateTime" : "2025-12-06 11:25:06.988"
  },
  "paymentInfo" : {
    "identification" : {
      "endToEndId" : "2228682921289164"
    }
  },
  "status" : {
    "code" : "404",
    "subCode" : "7200",
    "msg" : "Transaction does not exist."
  }
}
2025-12-06 17:25:08 [INF] Sending CANCEL notification to WesternUnionUAT for EndToEndId=2228684241743904 with code=4024
2025-12-06 17:25:09 [INF] WU response OK for EndToEndId=2228684241743904. StatusCode=200, Body={
  "header" : {
    "msgId" : "2228684241743904",
    "creationDateTime" : "2025-12-06 11:25:08.912"
  },
  "paymentInfo" : {
    "identification" : {
      "endToEndId" : "2228684241743904"
    }
  },
  "status" : {
    "code" : "500",
    "subCode" : "1510",
    "msg" : "Invalid payment state transition"
  }
}
2025-12-06 17:25:10 [INF] Sending CANCEL notification to WesternUnionUAT for EndToEndId=2228689290367575 with code=4024
2025-12-06 17:25:11 [INF] WU response OK for EndToEndId=2228689290367575. StatusCode=200, Body={
  "header" : {
    "msgId" : "2228689290367575",
    "creationDateTime" : "2025-12-06 11:25:10.928"
  },
  "paymentInfo" : {
    "identification" : {
      "endToEndId" : "2228689290367575"
    }
  },
  "status" : {
    "code" : "200",
    "subCode" : "0000",
    "msg" : "State is changed successfully"
  }
}
2025-12-06 17:25:12 [INF] Sending CANCEL notification to WesternUnionUAT for EndToEndId=2231289051334951 with code=4024
2025-12-06 17:25:13 [INF] WU response OK for EndToEndId=2231289051334951. StatusCode=200, Body={
  "header" : {
    "msgId" : "2231289051334951",
    "creationDateTime" : "2025-12-06 11:25:12.943"
  },
  "paymentInfo" : {
    "identification" : {
      "endToEndId" : "2231289051334951"
    }
  },
  "status" : {
    "code" : "404",
    "subCode" : "7200",
    "msg" : "Transaction does not exist."
  }
}
2025-12-06 17:25:14 [INF] Sending CANCEL notification to WesternUnionUAT for EndToEndId=2305284391155202 with code=4024
2025-12-06 17:25:15 [INF] WU response OK for EndToEndId=2305284391155202. StatusCode=200, Body={
  "header" : {
    "msgId" : "2305284391155202",
    "creationDateTime" : "2025-12-06 11:25:14.881"
  },
  "paymentInfo" : {
    "identification" : {
      "endToEndId" : "2305284391155202"
    }
  },
  "status" : {
    "code" : "200",
    "subCode" : "0000",
    "msg" : "State is changed successfully"
  }
}
2025-12-06 17:25:16 [INF] Sending CANCEL notification to WesternUnionUAT for EndToEndId=2305586990205069 with code=4024
2025-12-06 17:25:17 [INF] WU response OK for EndToEndId=2305586990205069. StatusCode=200, Body={
  "header" : {
    "msgId" : "2305586990205069",
    "creationDateTime" : "2025-12-06 11:25:16.933"
  },
  "paymentInfo" : {
    "identification" : {
      "endToEndId" : "2305586990205069"
    }
  },
  "status" : {
    "code" : "200",
    "subCode" : "0000",
    "msg" : "State is changed successfully"
  }
}
2025-12-06 17:25:19 [INF] Sending PAID notification to WesternUnionUAT for EndToEndId=2334184040728559 with code=4030
2025-12-06 17:25:19 [INF] WU response OK for EndToEndId=2334184040728559. StatusCode=200, Body={
  "header" : {
    "msgId" : "2334184040728559",
    "creationDateTime" : "2025-12-06 11:25:19.213"
  },
  "paymentInfo" : {
    "identification" : {
      "endToEndId" : "2334184040728559"
    }
  },
  "status" : {
    "code" : "404",
    "subCode" : "7200",
    "msg" : "Transaction does not exist."
  }
}
2025-12-06 17:25:21 [INF] Sending PAID notification to WesternUnionUAT for EndToEndId=2334186940178686 with code=4030
2025-12-06 17:25:21 [INF] WU response OK for EndToEndId=2334186940178686. StatusCode=200, Body={
  "header" : {
    "msgId" : "2334186940178686",
    "creationDateTime" : "2025-12-06 11:25:21.141"
  },
  "paymentInfo" : {
    "identification" : {
      "endToEndId" : "2334186940178686"
    }
  },
  "status" : {
    "code" : "404",
    "subCode" : "7200",
    "msg" : "Transaction does not exist."
  }
}
2025-12-06 17:25:23 [INF] Sending PAID notification to WesternUnionUAT for EndToEndId=2334187339242397 with code=4030
2025-12-06 17:25:23 [INF] WU response OK for EndToEndId=2334187339242397. StatusCode=200, Body={
  "header" : {
    "msgId" : "2334187339242397",
    "creationDateTime" : "2025-12-06 11:25:23.063"
  },
  "paymentInfo" : {
    "identification" : {
      "endToEndId" : "2334187339242397"
    }
  },
  "status" : {
    "code" : "404",
    "subCode" : "7200",
    "msg" : "Transaction does not exist."
  }
}
2025-12-06 17:25:25 [INF] Sending PAID notification to WesternUnionUAT for EndToEndId=2334188245095223 with code=4030
2025-12-06 17:25:25 [INF] WU response OK for EndToEndId=2334188245095223. StatusCode=200, Body={
  "header" : {
    "msgId" : "2334188245095223",
    "creationDateTime" : "2025-12-06 11:25:25.008"
  },
  "paymentInfo" : {
    "identification" : {
      "endToEndId" : "2334188245095223"
    }
  },
  "status" : {
    "code" : "404",
    "subCode" : "7200",
    "msg" : "Transaction does not exist."
  }
}
2025-12-06 17:25:27 [INF] Sending PAID notification to WesternUnionUAT for EndToEndId=2410682753149512 with code=4030
2025-12-06 17:25:27 [INF] WU response OK for EndToEndId=2410682753149512. StatusCode=200, Body={
  "header" : {
    "msgId" : "2410682753149512",
    "creationDateTime" : "2025-12-06 11:25:27.186"
  },
  "paymentInfo" : {
    "identification" : {
      "endToEndId" : "2410682753149512"
    }
  },
  "status" : {
    "code" : "200",
    "subCode" : "0000",
    "msg" : "State is changed successfully"
  }
}
2025-12-06 17:25:29 [INF] Sending PAID notification to WesternUnionUAT for EndToEndId=2410685610728330 with code=4030
2025-12-06 17:25:29 [INF] WU response OK for EndToEndId=2410685610728330. StatusCode=200, Body={
  "header" : {
    "msgId" : "2410685610728330",
    "creationDateTime" : "2025-12-06 11:25:29.265"
  },
  "paymentInfo" : {
    "identification" : {
      "endToEndId" : "2410685610728330"
    }
  },
  "status" : {
    "code" : "200",
    "subCode" : "0000",
    "msg" : "State is changed successfully"
  }
}
2025-12-06 17:25:31 [INF] Sending PAID notification to WesternUnionUAT for EndToEndId=2410689111046871 with code=4030
2025-12-06 17:25:31 [INF] WU response OK for EndToEndId=2410689111046871. StatusCode=200, Body={
  "header" : {
    "msgId" : "2410689111046871",
    "creationDateTime" : "2025-12-06 11:25:31.313"
  },
  "paymentInfo" : {
    "identification" : {
      "endToEndId" : "2410689111046871"
    }
  },
  "status" : {
    "code" : "200",
    "subCode" : "0000",
    "msg" : "State is changed successfully"
  }
}
2025-12-06 17:26:23 [INF] Sending CANCEL notification to WesternUnionUAT for EndToEndId=2228083818368660 with code=4024
2025-12-06 17:26:23 [INF] WU response OK for EndToEndId=2228083818368660. StatusCode=200, Body={
  "header" : {
    "msgId" : "2228083818368660",
    "creationDateTime" : "2025-12-06 11:26:23.388"
  },
  "paymentInfo" : {
    "identification" : {
      "endToEndId" : "2228083818368660"
    }
  },
  "status" : {
    "code" : "404",
    "subCode" : "7200",
    "msg" : "Transaction does not exist."
  }
}
2025-12-06 17:26:25 [INF] Sending CANCEL notification to WesternUnionUAT for EndToEndId=2228084322867817 with code=4024
2025-12-06 17:26:25 [INF] WU response OK for EndToEndId=2228084322867817. StatusCode=200, Body={
  "header" : {
    "msgId" : "2228084322867817",
    "creationDateTime" : "2025-12-06 11:26:25.582"
  },
  "paymentInfo" : {
    "identification" : {
      "endToEndId" : "2228084322867817"
    }
  },
  "status" : {
    "code" : "404",
    "subCode" : "7200",
    "msg" : "Transaction does not exist."
  }
}
2025-12-06 17:26:27 [INF] Sending CANCEL notification to WesternUnionUAT for EndToEndId=2228480892049530 with code=4024
2025-12-06 17:26:27 [INF] WU response OK for EndToEndId=2228480892049530. StatusCode=200, Body={
  "header" : {
    "msgId" : "2228480892049530",
    "creationDateTime" : "2025-12-06 11:26:27.511"
  },
  "paymentInfo" : {
    "identification" : {
      "endToEndId" : "2228480892049530"
    }
  },
  "status" : {
    "code" : "404",
    "subCode" : "7200",
    "msg" : "Transaction does not exist."
  }
}
2025-12-06 17:26:29 [INF] Sending CANCEL notification to WesternUnionUAT for EndToEndId=2228485770766160 with code=4024
2025-12-06 17:26:29 [INF] WU response OK for EndToEndId=2228485770766160. StatusCode=200, Body={
  "header" : {
    "msgId" : "2228485770766160",
    "creationDateTime" : "2025-12-06 11:26:29.434"
  },
  "paymentInfo" : {
    "identification" : {
      "endToEndId" : "2228485770766160"
    }
  },
  "status" : {
    "code" : "404",
    "subCode" : "7200",
    "msg" : "Transaction does not exist."
  }
}
2025-12-06 17:26:31 [INF] Sending CANCEL notification to WesternUnionUAT for EndToEndId=2228489720707017 with code=4024
2025-12-06 17:26:31 [INF] WU response OK for EndToEndId=2228489720707017. StatusCode=200, Body={
  "header" : {
    "msgId" : "2228489720707017",
    "creationDateTime" : "2025-12-06 11:26:31.385"
  },
  "paymentInfo" : {
    "identification" : {
      "endToEndId" : "2228489720707017"
    }
  },
  "status" : {
    "code" : "404",
    "subCode" : "7200",
    "msg" : "Transaction does not exist."
  }
}
2025-12-06 17:26:33 [INF] Sending CANCEL notification to WesternUnionUAT for EndToEndId=2228680982055570 with code=4024
2025-12-06 17:26:33 [INF] WU response OK for EndToEndId=2228680982055570. StatusCode=200, Body={
  "header" : {
    "msgId" : "2228680982055570",
    "creationDateTime" : "2025-12-06 11:26:33.524"
  },
  "paymentInfo" : {
    "identification" : {
      "endToEndId" : "2228680982055570"
    }
  },
  "status" : {
    "code" : "404",
    "subCode" : "7200",
    "msg" : "Transaction does not exist."
  }
}
2025-12-06 17:26:35 [INF] Sending CANCEL notification to WesternUnionUAT for EndToEndId=2228682621874171 with code=4024
2025-12-06 17:26:35 [INF] WU response OK for EndToEndId=2228682621874171. StatusCode=200, Body={
  "header" : {
    "msgId" : "2228682621874171",
    "creationDateTime" : "2025-12-06 11:26:35.437"
  },
  "paymentInfo" : {
    "identification" : {
      "endToEndId" : "2228682621874171"
    }
  },
  "status" : {
    "code" : "200",
    "subCode" : "0000",
    "msg" : "State is changed successfully"
  }
}
2025-12-06 17:26:37 [INF] Sending CANCEL notification to WesternUnionUAT for EndToEndId=2228682921289164 with code=4024
2025-12-06 17:26:37 [INF] WU response OK for EndToEndId=2228682921289164. StatusCode=200, Body={
  "header" : {
    "msgId" : "2228682921289164",
    "creationDateTime" : "2025-12-06 11:26:37.467"
  },
  "paymentInfo" : {
    "identification" : {
      "endToEndId" : "2228682921289164"
    }
  },
  "status" : {
    "code" : "404",
    "subCode" : "7200",
    "msg" : "Transaction does not exist."
  }
}
2025-12-06 17:26:39 [INF] Sending CANCEL notification to WesternUnionUAT for EndToEndId=2228684241743904 with code=4024
2025-12-06 17:26:39 [INF] WU response OK for EndToEndId=2228684241743904. StatusCode=200, Body={
  "header" : {
    "msgId" : "2228684241743904",
    "creationDateTime" : "2025-12-06 11:26:39.396"
  },
  "paymentInfo" : {
    "identification" : {
      "endToEndId" : "2228684241743904"
    }
  },
  "status" : {
    "code" : "500",
    "subCode" : "1510",
    "msg" : "Invalid payment state transition"
  }
}
2025-12-06 17:26:41 [INF] Sending CANCEL notification to WesternUnionUAT for EndToEndId=2228689290367575 with code=4024
2025-12-06 17:26:41 [INF] WU response OK for EndToEndId=2228689290367575. StatusCode=200, Body={
  "header" : {
    "msgId" : "2228689290367575",
    "creationDateTime" : "2025-12-06 11:26:41.392"
  },
  "paymentInfo" : {
    "identification" : {
      "endToEndId" : "2228689290367575"
    }
  },
  "status" : {
    "code" : "200",
    "subCode" : "0000",
    "msg" : "State is changed successfully"
  }
}
2025-12-06 17:26:43 [INF] Sending CANCEL notification to WesternUnionUAT for EndToEndId=2231289051334951 with code=4024
2025-12-06 17:26:43 [INF] WU response OK for EndToEndId=2231289051334951. StatusCode=200, Body={
  "header" : {
    "msgId" : "2231289051334951",
    "creationDateTime" : "2025-12-06 11:26:43.417"
  },
  "paymentInfo" : {
    "identification" : {
      "endToEndId" : "2231289051334951"
    }
  },
  "status" : {
    "code" : "404",
    "subCode" : "7200",
    "msg" : "Transaction does not exist."
  }
}
2025-12-06 17:26:45 [INF] Sending CANCEL notification to WesternUnionUAT for EndToEndId=2305284391155202 with code=4024
2025-12-06 17:26:45 [INF] WU response OK for EndToEndId=2305284391155202. StatusCode=200, Body={
  "header" : {
    "msgId" : "2305284391155202",
    "creationDateTime" : "2025-12-06 11:26:45.342"
  },
  "paymentInfo" : {
    "identification" : {
      "endToEndId" : "2305284391155202"
    }
  },
  "status" : {
    "code" : "200",
    "subCode" : "0000",
    "msg" : "State is changed successfully"
  }
}
2025-12-06 17:26:47 [INF] Sending CANCEL notification to WesternUnionUAT for EndToEndId=2305586990205069 with code=4024
2025-12-06 17:26:47 [INF] WU response OK for EndToEndId=2305586990205069. StatusCode=200, Body={
  "header" : {
    "msgId" : "2305586990205069",
    "creationDateTime" : "2025-12-06 11:26:47.371"
  },
  "paymentInfo" : {
    "identification" : {
      "endToEndId" : "2305586990205069"
    }
  },
  "status" : {
    "code" : "200",
    "subCode" : "0000",
    "msg" : "State is changed successfully"
  }
}
2025-12-06 17:26:49 [INF] Sending PAID notification to WesternUnionUAT for EndToEndId=2334184040728559 with code=4030
2025-12-06 17:26:49 [INF] WU response OK for EndToEndId=2334184040728559. StatusCode=200, Body={
  "header" : {
    "msgId" : "2334184040728559",
    "creationDateTime" : "2025-12-06 11:26:49.402"
  },
  "paymentInfo" : {
    "identification" : {
      "endToEndId" : "2334184040728559"
    }
  },
  "status" : {
    "code" : "404",
    "subCode" : "7200",
    "msg" : "Transaction does not exist."
  }
}
2025-12-06 17:26:51 [INF] Sending PAID notification to WesternUnionUAT for EndToEndId=2334186940178686 with code=4030
2025-12-06 17:26:51 [INF] WU response OK for EndToEndId=2334186940178686. StatusCode=200, Body={
  "header" : {
    "msgId" : "2334186940178686",
    "creationDateTime" : "2025-12-06 11:26:51.320"
  },
  "paymentInfo" : {
    "identification" : {
      "endToEndId" : "2334186940178686"
    }
  },
  "status" : {
    "code" : "404",
    "subCode" : "7200",
    "msg" : "Transaction does not exist."
  }
}
2025-12-06 17:26:53 [INF] Sending PAID notification to WesternUnionUAT for EndToEndId=2334187339242397 with code=4030
2025-12-06 17:26:53 [INF] WU response OK for EndToEndId=2334187339242397. StatusCode=200, Body={
  "header" : {
    "msgId" : "2334187339242397",
    "creationDateTime" : "2025-12-06 11:26:53.263"
  },
  "paymentInfo" : {
    "identification" : {
      "endToEndId" : "2334187339242397"
    }
  },
  "status" : {
    "code" : "404",
    "subCode" : "7200",
    "msg" : "Transaction does not exist."
  }
}
2025-12-06 17:26:55 [INF] Sending PAID notification to WesternUnionUAT for EndToEndId=2334188245095223 with code=4030
2025-12-06 17:26:55 [INF] WU response OK for EndToEndId=2334188245095223. StatusCode=200, Body={
  "header" : {
    "msgId" : "2334188245095223",
    "creationDateTime" : "2025-12-06 11:26:55.184"
  },
  "paymentInfo" : {
    "identification" : {
      "endToEndId" : "2334188245095223"
    }
  },
  "status" : {
    "code" : "404",
    "subCode" : "7200",
    "msg" : "Transaction does not exist."
  }
}
2025-12-06 17:26:57 [INF] Sending PAID notification to WesternUnionUAT for EndToEndId=2410682753149512 with code=4030
2025-12-06 17:26:57 [INF] WU response OK for EndToEndId=2410682753149512. StatusCode=200, Body={
  "header" : {
    "msgId" : "2410682753149512",
    "creationDateTime" : "2025-12-06 11:26:57.355"
  },
  "paymentInfo" : {
    "identification" : {
      "endToEndId" : "2410682753149512"
    }
  },
  "status" : {
    "code" : "200",
    "subCode" : "0000",
    "msg" : "State is changed successfully"
  }
}
2025-12-06 17:26:59 [INF] Sending PAID notification to WesternUnionUAT for EndToEndId=2410685610728330 with code=4030
2025-12-06 17:26:59 [INF] WU response OK for EndToEndId=2410685610728330. StatusCode=200, Body={
  "header" : {
    "msgId" : "2410685610728330",
    "creationDateTime" : "2025-12-06 11:26:59.457"
  },
  "paymentInfo" : {
    "identification" : {
      "endToEndId" : "2410685610728330"
    }
  },
  "status" : {
    "code" : "200",
    "subCode" : "0000",
    "msg" : "State is changed successfully"
  }
}
2025-12-06 17:27:01 [INF] Sending PAID notification to WesternUnionUAT for EndToEndId=2410689111046871 with code=4030
2025-12-06 17:27:01 [INF] WU response OK for EndToEndId=2410689111046871. StatusCode=200, Body={
  "header" : {
    "msgId" : "2410689111046871",
    "creationDateTime" : "2025-12-06 11:27:01.512"
  },
  "paymentInfo" : {
    "identification" : {
      "endToEndId" : "2410689111046871"
    }
  },
  "status" : {
    "code" : "200",
    "subCode" : "0000",
    "msg" : "State is changed successfully"
  }
}
2025-12-06 17:27:53 [INF] Sending CANCEL notification to WesternUnionUAT for EndToEndId=2228083818368660 with code=4024
2025-12-06 17:27:54 [INF] WU response OK for EndToEndId=2228083818368660. StatusCode=200, Body={
  "header" : {
    "msgId" : "2228083818368660",
    "creationDateTime" : "2025-12-06 11:27:53.607"
  },
  "paymentInfo" : {
    "identification" : {
      "endToEndId" : "2228083818368660"
    }
  },
  "status" : {
    "code" : "404",
    "subCode" : "7200",
    "msg" : "Transaction does not exist."
  }
}
2025-12-06 17:27:56 [INF] Sending CANCEL notification to WesternUnionUAT for EndToEndId=2228084322867817 with code=4024
2025-12-06 17:27:56 [INF] WU response OK for EndToEndId=2228084322867817. StatusCode=200, Body={
  "header" : {
    "msgId" : "2228084322867817",
    "creationDateTime" : "2025-12-06 11:27:56.283"
  },
  "paymentInfo" : {
    "identification" : {
      "endToEndId" : "2228084322867817"
    }
  },
  "status" : {
    "code" : "404",
    "subCode" : "7200",
    "msg" : "Transaction does not exist."
  }
}
2025-12-06 17:27:58 [INF] Sending CANCEL notification to WesternUnionUAT for EndToEndId=2228480892049530 with code=4024
2025-12-06 17:27:58 [INF] WU response OK for EndToEndId=2228480892049530. StatusCode=200, Body={
  "header" : {
    "msgId" : "2228480892049530",
    "creationDateTime" : "2025-12-06 11:27:58.225"
  },
  "paymentInfo" : {
    "identification" : {
      "endToEndId" : "2228480892049530"
    }
  },
  "status" : {
    "code" : "404",
    "subCode" : "7200",
    "msg" : "Transaction does not exist."
  }
}
2025-12-06 17:28:00 [INF] Sending CANCEL notification to WesternUnionUAT for EndToEndId=2228485770766160 with code=4024
2025-12-06 17:28:00 [INF] WU response OK for EndToEndId=2228485770766160. StatusCode=200, Body={
  "header" : {
    "msgId" : "2228485770766160",
    "creationDateTime" : "2025-12-06 11:28:00.134"
  },
  "paymentInfo" : {
    "identification" : {
      "endToEndId" : "2228485770766160"
    }
  },
  "status" : {
    "code" : "404",
    "subCode" : "7200",
    "msg" : "Transaction does not exist."
  }
}
2025-12-06 17:28:02 [INF] Sending CANCEL notification to WesternUnionUAT for EndToEndId=2228489720707017 with code=4024
2025-12-06 17:28:02 [INF] WU response OK for EndToEndId=2228489720707017. StatusCode=200, Body={
  "header" : {
    "msgId" : "2228489720707017",
    "creationDateTime" : "2025-12-06 11:28:02.053"
  },
  "paymentInfo" : {
    "identification" : {
      "endToEndId" : "2228489720707017"
    }
  },
  "status" : {
    "code" : "404",
    "subCode" : "7200",
    "msg" : "Transaction does not exist."
  }
}
2025-12-06 17:28:03 [INF] Sending CANCEL notification to WesternUnionUAT for EndToEndId=2228680982055570 with code=4024
2025-12-06 17:28:04 [INF] WU response OK for EndToEndId=2228680982055570. StatusCode=200, Body={
  "header" : {
    "msgId" : "2228680982055570",
    "creationDateTime" : "2025-12-06 11:28:03.960"
  },
  "paymentInfo" : {
    "identification" : {
      "endToEndId" : "2228680982055570"
    }
  },
  "status" : {
    "code" : "404",
    "subCode" : "7200",
    "msg" : "Transaction does not exist."
  }
}
2025-12-06 17:28:05 [INF] Sending CANCEL notification to WesternUnionUAT for EndToEndId=2228682621874171 with code=4024
2025-12-06 17:28:06 [INF] WU response OK for EndToEndId=2228682621874171. StatusCode=200, Body={
  "header" : {
    "msgId" : "2228682621874171",
    "creationDateTime" : "2025-12-06 11:28:05.869"
  },
  "paymentInfo" : {
    "identification" : {
      "endToEndId" : "2228682621874171"
    }
  },
  "status" : {
    "code" : "200",
    "subCode" : "0000",
    "msg" : "State is changed successfully"
  }
}
2025-12-06 17:28:07 [INF] Sending CANCEL notification to WesternUnionUAT for EndToEndId=2228682921289164 with code=4024
2025-12-06 17:28:08 [INF] WU response OK for EndToEndId=2228682921289164. StatusCode=200, Body={
  "header" : {
    "msgId" : "2228682921289164",
    "creationDateTime" : "2025-12-06 11:28:07.928"
  },
  "paymentInfo" : {
    "identification" : {
      "endToEndId" : "2228682921289164"
    }
  },
  "status" : {
    "code" : "404",
    "subCode" : "7200",
    "msg" : "Transaction does not exist."
  }
}
2025-12-06 17:28:09 [INF] Sending CANCEL notification to WesternUnionUAT for EndToEndId=2228684241743904 with code=4024
2025-12-06 17:28:10 [INF] WU response OK for EndToEndId=2228684241743904. StatusCode=200, Body={
  "header" : {
    "msgId" : "2228684241743904",
    "creationDateTime" : "2025-12-06 11:28:09.874"
  },
  "paymentInfo" : {
    "identification" : {
      "endToEndId" : "2228684241743904"
    }
  },
  "status" : {
    "code" : "500",
    "subCode" : "1510",
    "msg" : "Invalid payment state transition"
  }
}
2025-12-06 17:28:11 [INF] Sending CANCEL notification to WesternUnionUAT for EndToEndId=2228689290367575 with code=4024
2025-12-06 17:28:12 [INF] WU response OK for EndToEndId=2228689290367575. StatusCode=200, Body={
  "header" : {
    "msgId" : "2228689290367575",
    "creationDateTime" : "2025-12-06 11:28:11.886"
  },
  "paymentInfo" : {
    "identification" : {
      "endToEndId" : "2228689290367575"
    }
  },
  "status" : {
    "code" : "200",
    "subCode" : "0000",
    "msg" : "State is changed successfully"
  }
}
2025-12-06 17:28:13 [INF] Sending CANCEL notification to WesternUnionUAT for EndToEndId=2231289051334951 with code=4024
2025-12-06 17:28:14 [INF] WU response OK for EndToEndId=2231289051334951. StatusCode=200, Body={
  "header" : {
    "msgId" : "2231289051334951",
    "creationDateTime" : "2025-12-06 11:28:13.952"
  },
  "paymentInfo" : {
    "identification" : {
      "endToEndId" : "2231289051334951"
    }
  },
  "status" : {
    "code" : "404",
    "subCode" : "7200",
    "msg" : "Transaction does not exist."
  }
}
2025-12-06 17:28:15 [INF] Sending CANCEL notification to WesternUnionUAT for EndToEndId=2305284391155202 with code=4024
2025-12-06 17:28:16 [INF] WU response OK for EndToEndId=2305284391155202. StatusCode=200, Body={
  "header" : {
    "msgId" : "2305284391155202",
    "creationDateTime" : "2025-12-06 11:28:15.876"
  },
  "paymentInfo" : {
    "identification" : {
      "endToEndId" : "2305284391155202"
    }
  },
  "status" : {
    "code" : "200",
    "subCode" : "0000",
    "msg" : "State is changed successfully"
  }
}
2025-12-06 17:28:17 [INF] Sending CANCEL notification to WesternUnionUAT for EndToEndId=2305586990205069 with code=4024
2025-12-06 17:28:18 [INF] WU response OK for EndToEndId=2305586990205069. StatusCode=200, Body={
  "header" : {
    "msgId" : "2305586990205069",
    "creationDateTime" : "2025-12-06 11:28:17.905"
  },
  "paymentInfo" : {
    "identification" : {
      "endToEndId" : "2305586990205069"
    }
  },
  "status" : {
    "code" : "200",
    "subCode" : "0000",
    "msg" : "State is changed successfully"
  }
}
2025-12-06 17:28:19 [INF] Sending PAID notification to WesternUnionUAT for EndToEndId=2334184040728559 with code=4030
2025-12-06 17:28:20 [INF] WU response OK for EndToEndId=2334184040728559. StatusCode=200, Body={
  "header" : {
    "msgId" : "2334184040728559",
    "creationDateTime" : "2025-12-06 11:28:19.968"
  },
  "paymentInfo" : {
    "identification" : {
      "endToEndId" : "2334184040728559"
    }
  },
  "status" : {
    "code" : "404",
    "subCode" : "7200",
    "msg" : "Transaction does not exist."
  }
}
2025-12-06 17:28:21 [INF] Sending PAID notification to WesternUnionUAT for EndToEndId=2334186940178686 with code=4030
2025-12-06 17:28:22 [INF] WU response OK for EndToEndId=2334186940178686. StatusCode=200, Body={
  "header" : {
    "msgId" : "2334186940178686",
    "creationDateTime" : "2025-12-06 11:28:21.904"
  },
  "paymentInfo" : {
    "identification" : {
      "endToEndId" : "2334186940178686"
    }
  },
  "status" : {
    "code" : "404",
    "subCode" : "7200",
    "msg" : "Transaction does not exist."
  }
}
2025-12-06 17:28:23 [INF] Sending PAID notification to WesternUnionUAT for EndToEndId=2334187339242397 with code=4030
2025-12-06 17:28:24 [INF] WU response OK for EndToEndId=2334187339242397. StatusCode=200, Body={
  "header" : {
    "msgId" : "2334187339242397",
    "creationDateTime" : "2025-12-06 11:28:23.851"
  },
  "paymentInfo" : {
    "identification" : {
      "endToEndId" : "2334187339242397"
    }
  },
  "status" : {
    "code" : "404",
    "subCode" : "7200",
    "msg" : "Transaction does not exist."
  }
}
2025-12-06 17:28:25 [INF] Sending PAID notification to WesternUnionUAT for EndToEndId=2334188245095223 with code=4030
2025-12-06 17:28:26 [INF] WU response OK for EndToEndId=2334188245095223. StatusCode=200, Body={
  "header" : {
    "msgId" : "2334188245095223",
    "creationDateTime" : "2025-12-06 11:28:25.773"
  },
  "paymentInfo" : {
    "identification" : {
      "endToEndId" : "2334188245095223"
    }
  },
  "status" : {
    "code" : "404",
    "subCode" : "7200",
    "msg" : "Transaction does not exist."
  }
}
2025-12-06 17:28:27 [INF] Sending PAID notification to WesternUnionUAT for EndToEndId=2410682753149512 with code=4030
2025-12-06 17:28:28 [INF] WU response OK for EndToEndId=2410682753149512. StatusCode=200, Body={
  "header" : {
    "msgId" : "2410682753149512",
    "creationDateTime" : "2025-12-06 11:28:27.940"
  },
  "paymentInfo" : {
    "identification" : {
      "endToEndId" : "2410682753149512"
    }
  },
  "status" : {
    "code" : "200",
    "subCode" : "0000",
    "msg" : "State is changed successfully"
  }
}
2025-12-06 17:28:30 [INF] Sending PAID notification to WesternUnionUAT for EndToEndId=2410685610728330 with code=4030
2025-12-06 17:28:30 [INF] WU response OK for EndToEndId=2410685610728330. StatusCode=200, Body={
  "header" : {
    "msgId" : "2410685610728330",
    "creationDateTime" : "2025-12-06 11:28:30.017"
  },
  "paymentInfo" : {
    "identification" : {
      "endToEndId" : "2410685610728330"
    }
  },
  "status" : {
    "code" : "200",
    "subCode" : "0000",
    "msg" : "State is changed successfully"
  }
}
2025-12-06 17:28:32 [INF] Sending PAID notification to WesternUnionUAT for EndToEndId=2410689111046871 with code=4030
2025-12-06 17:28:32 [INF] WU response OK for EndToEndId=2410689111046871. StatusCode=200, Body={
  "header" : {
    "msgId" : "2410689111046871",
    "creationDateTime" : "2025-12-06 11:28:32.075"
  },
  "paymentInfo" : {
    "identification" : {
      "endToEndId" : "2410689111046871"
    }
  },
  "status" : {
    "code" : "200",
    "subCode" : "0000",
    "msg" : "State is changed successfully"
  }
}
2025-12-06 17:29:24 [INF] Sending CANCEL notification to WesternUnionUAT for EndToEndId=2228083818368660 with code=4024
2025-12-06 17:29:24 [INF] WU response OK for EndToEndId=2228083818368660. StatusCode=200, Body={
  "header" : {
    "msgId" : "2228083818368660",
    "creationDateTime" : "2025-12-06 11:29:24.203"
  },
  "paymentInfo" : {
    "identification" : {
      "endToEndId" : "2228083818368660"
    }
  },
  "status" : {
    "code" : "404",
    "subCode" : "7200",
    "msg" : "Transaction does not exist."
  }
}
2025-12-06 17:29:26 [INF] Sending CANCEL notification to WesternUnionUAT for EndToEndId=2228084322867817 with code=4024
2025-12-06 17:29:26 [INF] WU response OK for EndToEndId=2228084322867817. StatusCode=200, Body={
  "header" : {
    "msgId" : "2228084322867817",
    "creationDateTime" : "2025-12-06 11:29:26.396"
  },
  "paymentInfo" : {
    "identification" : {
      "endToEndId" : "2228084322867817"
    }
  },
  "status" : {
    "code" : "404",
    "subCode" : "7200",
    "msg" : "Transaction does not exist."
  }
}
2025-12-06 17:29:28 [INF] Sending CANCEL notification to WesternUnionUAT for EndToEndId=2228480892049530 with code=4024
2025-12-06 17:29:28 [INF] WU response OK for EndToEndId=2228480892049530. StatusCode=200, Body={
  "header" : {
    "msgId" : "2228480892049530",
    "creationDateTime" : "2025-12-06 11:29:28.341"
  },
  "paymentInfo" : {
    "identification" : {
      "endToEndId" : "2228480892049530"
    }
  },
  "status" : {
    "code" : "404",
    "subCode" : "7200",
    "msg" : "Transaction does not exist."
  }
}
2025-12-06 17:29:30 [INF] Sending CANCEL notification to WesternUnionUAT for EndToEndId=2228485770766160 with code=4024
2025-12-06 17:29:30 [INF] WU response OK for EndToEndId=2228485770766160. StatusCode=200, Body={
  "header" : {
    "msgId" : "2228485770766160",
    "creationDateTime" : "2025-12-06 11:29:30.267"
  },
  "paymentInfo" : {
    "identification" : {
      "endToEndId" : "2228485770766160"
    }
  },
  "status" : {
    "code" : "404",
    "subCode" : "7200",
    "msg" : "Transaction does not exist."
  }
}
2025-12-06 17:29:32 [INF] Sending CANCEL notification to WesternUnionUAT for EndToEndId=2228489720707017 with code=4024
2025-12-06 17:29:32 [INF] WU response OK for EndToEndId=2228489720707017. StatusCode=200, Body={
  "header" : {
    "msgId" : "2228489720707017",
    "creationDateTime" : "2025-12-06 11:29:32.204"
  },
  "paymentInfo" : {
    "identification" : {
      "endToEndId" : "2228489720707017"
    }
  },
  "status" : {
    "code" : "404",
    "subCode" : "7200",
    "msg" : "Transaction does not exist."
  }
}
2025-12-06 17:29:34 [INF] Sending CANCEL notification to WesternUnionUAT for EndToEndId=2228680982055570 with code=4024
2025-12-06 17:29:34 [INF] WU response OK for EndToEndId=2228680982055570. StatusCode=200, Body={
  "header" : {
    "msgId" : "2228680982055570",
    "creationDateTime" : "2025-12-06 11:29:34.138"
  },
  "paymentInfo" : {
    "identification" : {
      "endToEndId" : "2228680982055570"
    }
  },
  "status" : {
    "code" : "404",
    "subCode" : "7200",
    "msg" : "Transaction does not exist."
  }
}
2025-12-06 17:29:36 [INF] Sending CANCEL notification to WesternUnionUAT for EndToEndId=2228682621874171 with code=4024
2025-12-06 17:29:36 [INF] WU response OK for EndToEndId=2228682621874171. StatusCode=200, Body={
  "header" : {
    "msgId" : "2228682621874171",
    "creationDateTime" : "2025-12-06 11:29:36.076"
  },
  "paymentInfo" : {
    "identification" : {
      "endToEndId" : "2228682621874171"
    }
  },
  "status" : {
    "code" : "200",
    "subCode" : "0000",
    "msg" : "State is changed successfully"
  }
}
2025-12-06 17:29:38 [INF] Sending CANCEL notification to WesternUnionUAT for EndToEndId=2228682921289164 with code=4024
2025-12-06 17:29:38 [INF] WU response OK for EndToEndId=2228682921289164. StatusCode=200, Body={
  "header" : {
    "msgId" : "2228682921289164",
    "creationDateTime" : "2025-12-06 11:29:38.109"
  },
  "paymentInfo" : {
    "identification" : {
      "endToEndId" : "2228682921289164"
    }
  },
  "status" : {
    "code" : "404",
    "subCode" : "7200",
    "msg" : "Transaction does not exist."
  }
}
2025-12-06 17:29:40 [INF] Sending CANCEL notification to WesternUnionUAT for EndToEndId=2228684241743904 with code=4024
2025-12-06 17:29:40 [INF] WU response OK for EndToEndId=2228684241743904. StatusCode=200, Body={
  "header" : {
    "msgId" : "2228684241743904",
    "creationDateTime" : "2025-12-06 11:29:40.030"
  },
  "paymentInfo" : {
    "identification" : {
      "endToEndId" : "2228684241743904"
    }
  },
  "status" : {
    "code" : "500",
    "subCode" : "1510",
    "msg" : "Invalid payment state transition"
  }
}
2025-12-06 17:29:42 [INF] Sending CANCEL notification to WesternUnionUAT for EndToEndId=2228689290367575 with code=4024
2025-12-06 17:29:42 [INF] WU response OK for EndToEndId=2228689290367575. StatusCode=200, Body={
  "header" : {
    "msgId" : "2228689290367575",
    "creationDateTime" : "2025-12-06 11:29:42.017"
  },
  "paymentInfo" : {
    "identification" : {
      "endToEndId" : "2228689290367575"
    }
  },
  "status" : {
    "code" : "200",
    "subCode" : "0000",
    "msg" : "State is changed successfully"
  }
}
2025-12-06 17:29:44 [INF] Sending CANCEL notification to WesternUnionUAT for EndToEndId=2231289051334951 with code=4024
2025-12-06 17:29:44 [INF] WU response OK for EndToEndId=2231289051334951. StatusCode=200, Body={
  "header" : {
    "msgId" : "2231289051334951",
    "creationDateTime" : "2025-12-06 11:29:44.076"
  },
  "paymentInfo" : {
    "identification" : {
      "endToEndId" : "2231289051334951"
    }
  },
  "status" : {
    "code" : "404",
    "subCode" : "7200",
    "msg" : "Transaction does not exist."
  }
}
2025-12-06 17:29:46 [INF] Sending CANCEL notification to WesternUnionUAT for EndToEndId=2305284391155202 with code=4024
2025-12-06 17:29:46 [INF] WU response OK for EndToEndId=2305284391155202. StatusCode=200, Body={
  "header" : {
    "msgId" : "2305284391155202",
    "creationDateTime" : "2025-12-06 11:29:46.016"
  },
  "paymentInfo" : {
    "identification" : {
      "endToEndId" : "2305284391155202"
    }
  },
  "status" : {
    "code" : "200",
    "subCode" : "0000",
    "msg" : "State is changed successfully"
  }
}
2025-12-06 17:29:48 [INF] Sending CANCEL notification to WesternUnionUAT for EndToEndId=2305586990205069 with code=4024
2025-12-06 17:29:48 [INF] WU response OK for EndToEndId=2305586990205069. StatusCode=200, Body={
  "header" : {
    "msgId" : "2305586990205069",
    "creationDateTime" : "2025-12-06 11:29:48.048"
  },
  "paymentInfo" : {
    "identification" : {
      "endToEndId" : "2305586990205069"
    }
  },
  "status" : {
    "code" : "200",
    "subCode" : "0000",
    "msg" : "State is changed successfully"
  }
}
2025-12-06 17:29:50 [INF] Sending PAID notification to WesternUnionUAT for EndToEndId=2334184040728559 with code=4030
2025-12-06 17:29:50 [INF] WU response OK for EndToEndId=2334184040728559. StatusCode=200, Body={
  "header" : {
    "msgId" : "2334184040728559",
    "creationDateTime" : "2025-12-06 11:29:50.099"
  },
  "paymentInfo" : {
    "identification" : {
      "endToEndId" : "2334184040728559"
    }
  },
  "status" : {
    "code" : "404",
    "subCode" : "7200",
    "msg" : "Transaction does not exist."
  }
}
2025-12-06 17:29:52 [INF] Sending PAID notification to WesternUnionUAT for EndToEndId=2334186940178686 with code=4030
2025-12-06 17:29:52 [INF] WU response OK for EndToEndId=2334186940178686. StatusCode=200, Body={
  "header" : {
    "msgId" : "2334186940178686",
    "creationDateTime" : "2025-12-06 11:29:52.060"
  },
  "paymentInfo" : {
    "identification" : {
      "endToEndId" : "2334186940178686"
    }
  },
  "status" : {
    "code" : "404",
    "subCode" : "7200",
    "msg" : "Transaction does not exist."
  }
}
2025-12-06 17:29:53 [INF] Sending PAID notification to WesternUnionUAT for EndToEndId=2334187339242397 with code=4030
2025-12-06 17:29:54 [INF] WU response OK for EndToEndId=2334187339242397. StatusCode=200, Body={
  "header" : {
    "msgId" : "2334187339242397",
    "creationDateTime" : "2025-12-06 11:29:53.974"
  },
  "paymentInfo" : {
    "identification" : {
      "endToEndId" : "2334187339242397"
    }
  },
  "status" : {
    "code" : "404",
    "subCode" : "7200",
    "msg" : "Transaction does not exist."
  }
}
2025-12-06 17:29:55 [INF] Sending PAID notification to WesternUnionUAT for EndToEndId=2334188245095223 with code=4030
2025-12-06 17:29:56 [INF] WU response OK for EndToEndId=2334188245095223. StatusCode=200, Body={
  "header" : {
    "msgId" : "2334188245095223",
    "creationDateTime" : "2025-12-06 11:29:55.897"
  },
  "paymentInfo" : {
    "identification" : {
      "endToEndId" : "2334188245095223"
    }
  },
  "status" : {
    "code" : "404",
    "subCode" : "7200",
    "msg" : "Transaction does not exist."
  }
}
2025-12-06 17:29:58 [INF] Sending PAID notification to WesternUnionUAT for EndToEndId=2410682753149512 with code=4030
2025-12-06 17:29:58 [INF] WU response OK for EndToEndId=2410682753149512. StatusCode=200, Body={
  "header" : {
    "msgId" : "2410682753149512",
    "creationDateTime" : "2025-12-06 11:29:58.086"
  },
  "paymentInfo" : {
    "identification" : {
      "endToEndId" : "2410682753149512"
    }
  },
  "status" : {
    "code" : "200",
    "subCode" : "0000",
    "msg" : "State is changed successfully"
  }
}
2025-12-06 17:30:00 [INF] Sending PAID notification to WesternUnionUAT for EndToEndId=2410685610728330 with code=4030
2025-12-06 17:30:00 [INF] WU response OK for EndToEndId=2410685610728330. StatusCode=200, Body={
  "header" : {
    "msgId" : "2410685610728330",
    "creationDateTime" : "2025-12-06 11:30:00.201"
  },
  "paymentInfo" : {
    "identification" : {
      "endToEndId" : "2410685610728330"
    }
  },
  "status" : {
    "code" : "200",
    "subCode" : "0000",
    "msg" : "State is changed successfully"
  }
}
2025-12-06 17:30:02 [INF] Sending PAID notification to WesternUnionUAT for EndToEndId=2410689111046871 with code=4030
2025-12-06 17:30:02 [INF] WU response OK for EndToEndId=2410689111046871. StatusCode=200, Body={
  "header" : {
    "msgId" : "2410689111046871",
    "creationDateTime" : "2025-12-06 11:30:02.345"
  },
  "paymentInfo" : {
    "identification" : {
      "endToEndId" : "2410689111046871"
    }
  },
  "status" : {
    "code" : "200",
    "subCode" : "0000",
    "msg" : "State is changed successfully"
  }
}
2025-12-06 17:30:54 [INF] Sending CANCEL notification to WesternUnionUAT for EndToEndId=2228083818368660 with code=4024
2025-12-06 17:30:55 [INF] WU response OK for EndToEndId=2228083818368660. StatusCode=200, Body={
  "header" : {
    "msgId" : "2228083818368660",
    "creationDateTime" : "2025-12-06 11:30:54.439"
  },
  "paymentInfo" : {
    "identification" : {
      "endToEndId" : "2228083818368660"
    }
  },
  "status" : {
    "code" : "404",
    "subCode" : "7200",
    "msg" : "Transaction does not exist."
  }
}
2025-12-06 17:30:57 [INF] Sending CANCEL notification to WesternUnionUAT for EndToEndId=2228084322867817 with code=4024
2025-12-06 17:30:57 [INF] WU response OK for EndToEndId=2228084322867817. StatusCode=200, Body={
  "header" : {
    "msgId" : "2228084322867817",
    "creationDateTime" : "2025-12-06 11:30:57.160"
  },
  "paymentInfo" : {
    "identification" : {
      "endToEndId" : "2228084322867817"
    }
  },
  "status" : {
    "code" : "404",
    "subCode" : "7200",
    "msg" : "Transaction does not exist."
  }
}
2025-12-06 17:30:59 [INF] Sending CANCEL notification to WesternUnionUAT for EndToEndId=2228480892049530 with code=4024
2025-12-06 17:30:59 [INF] WU response OK for EndToEndId=2228480892049530. StatusCode=200, Body={
  "header" : {
    "msgId" : "2228480892049530",
    "creationDateTime" : "2025-12-06 11:30:59.091"
  },
  "paymentInfo" : {
    "identification" : {
      "endToEndId" : "2228480892049530"
    }
  },
  "status" : {
    "code" : "404",
    "subCode" : "7200",
    "msg" : "Transaction does not exist."
  }
}
2025-12-06 17:31:01 [INF] Sending CANCEL notification to WesternUnionUAT for EndToEndId=2228485770766160 with code=4024
2025-12-06 17:31:01 [INF] WU response OK for EndToEndId=2228485770766160. StatusCode=200, Body={
  "header" : {
    "msgId" : "2228485770766160",
    "creationDateTime" : "2025-12-06 11:31:01.018"
  },
  "paymentInfo" : {
    "identification" : {
      "endToEndId" : "2228485770766160"
    }
  },
  "status" : {
    "code" : "404",
    "subCode" : "7200",
    "msg" : "Transaction does not exist."
  }
}
2025-12-06 17:31:02 [INF] Sending CANCEL notification to WesternUnionUAT for EndToEndId=2228489720707017 with code=4024
2025-12-06 17:31:03 [INF] WU response OK for EndToEndId=2228489720707017. StatusCode=200, Body={
  "header" : {
    "msgId" : "2228489720707017",
    "creationDateTime" : "2025-12-06 11:31:02.952"
  },
  "paymentInfo" : {
    "identification" : {
      "endToEndId" : "2228489720707017"
    }
  },
  "status" : {
    "code" : "404",
    "subCode" : "7200",
    "msg" : "Transaction does not exist."
  }
}
2025-12-06 17:31:04 [INF] Sending CANCEL notification to WesternUnionUAT for EndToEndId=2228680982055570 with code=4024
2025-12-06 17:31:05 [INF] WU response OK for EndToEndId=2228680982055570. StatusCode=200, Body={
  "header" : {
    "msgId" : "2228680982055570",
    "creationDateTime" : "2025-12-06 11:31:04.875"
  },
  "paymentInfo" : {
    "identification" : {
      "endToEndId" : "2228680982055570"
    }
  },
  "status" : {
    "code" : "404",
    "subCode" : "7200",
    "msg" : "Transaction does not exist."
  }
}
2025-12-06 17:31:06 [INF] Sending CANCEL notification to WesternUnionUAT for EndToEndId=2228682621874171 with code=4024
2025-12-06 17:31:07 [INF] WU response OK for EndToEndId=2228682621874171. StatusCode=200, Body={
  "header" : {
    "msgId" : "2228682621874171",
    "creationDateTime" : "2025-12-06 11:31:06.798"
  },
  "paymentInfo" : {
    "identification" : {
      "endToEndId" : "2228682621874171"
    }
  },
  "status" : {
    "code" : "200",
    "subCode" : "0000",
    "msg" : "State is changed successfully"
  }
}
2025-12-06 17:31:08 [INF] Sending CANCEL notification to WesternUnionUAT for EndToEndId=2228682921289164 with code=4024
2025-12-06 17:31:09 [INF] WU response OK for EndToEndId=2228682921289164. StatusCode=200, Body={
  "header" : {
    "msgId" : "2228682921289164",
    "creationDateTime" : "2025-12-06 11:31:08.967"
  },
  "paymentInfo" : {
    "identification" : {
      "endToEndId" : "2228682921289164"
    }
  },
  "status" : {
    "code" : "404",
    "subCode" : "7200",
    "msg" : "Transaction does not exist."
  }
}
2025-12-06 17:31:10 [INF] Sending CANCEL notification to WesternUnionUAT for EndToEndId=2228684241743904 with code=4024
2025-12-06 17:31:11 [INF] WU response OK for EndToEndId=2228684241743904. StatusCode=200, Body={
  "header" : {
    "msgId" : "2228684241743904",
    "creationDateTime" : "2025-12-06 11:31:10.896"
  },
  "paymentInfo" : {
    "identification" : {
      "endToEndId" : "2228684241743904"
    }
  },
  "status" : {
    "code" : "500",
    "subCode" : "1510",
    "msg" : "Invalid payment state transition"
  }
}
2025-12-06 17:31:12 [INF] Sending CANCEL notification to WesternUnionUAT for EndToEndId=2228689290367575 with code=4024
2025-12-06 17:31:13 [INF] WU response OK for EndToEndId=2228689290367575. StatusCode=200, Body={
  "header" : {
    "msgId" : "2228689290367575",
    "creationDateTime" : "2025-12-06 11:31:12.935"
  },
  "paymentInfo" : {
    "identification" : {
      "endToEndId" : "2228689290367575"
    }
  },
  "status" : {
    "code" : "200",
    "subCode" : "0000",
    "msg" : "State is changed successfully"
  }
}
2025-12-06 17:31:15 [INF] Sending CANCEL notification to WesternUnionUAT for EndToEndId=2231289051334951 with code=4024
2025-12-06 17:31:15 [INF] WU response OK for EndToEndId=2231289051334951. StatusCode=200, Body={
  "header" : {
    "msgId" : "2231289051334951",
    "creationDateTime" : "2025-12-06 11:31:15.039"
  },
  "paymentInfo" : {
    "identification" : {
      "endToEndId" : "2231289051334951"
    }
  },
  "status" : {
    "code" : "404",
    "subCode" : "7200",
    "msg" : "Transaction does not exist."
  }
}
2025-12-06 17:31:16 [INF] Sending CANCEL notification to WesternUnionUAT for EndToEndId=2305284391155202 with code=4024
2025-12-06 17:31:17 [INF] WU response OK for EndToEndId=2305284391155202. StatusCode=200, Body={
  "header" : {
    "msgId" : "2305284391155202",
    "creationDateTime" : "2025-12-06 11:31:16.958"
  },
  "paymentInfo" : {
    "identification" : {
      "endToEndId" : "2305284391155202"
    }
  },
  "status" : {
    "code" : "200",
    "subCode" : "0000",
    "msg" : "State is changed successfully"
  }
}
2025-12-06 17:31:18 [INF] Sending CANCEL notification to WesternUnionUAT for EndToEndId=2305586990205069 with code=4024
2025-12-06 17:31:19 [INF] WU response OK for EndToEndId=2305586990205069. StatusCode=200, Body={
  "header" : {
    "msgId" : "2305586990205069",
    "creationDateTime" : "2025-12-06 11:31:18.972"
  },
  "paymentInfo" : {
    "identification" : {
      "endToEndId" : "2305586990205069"
    }
  },
  "status" : {
    "code" : "200",
    "subCode" : "0000",
    "msg" : "State is changed successfully"
  }
}
2025-12-06 17:31:21 [INF] Sending PAID notification to WesternUnionUAT for EndToEndId=2334184040728559 with code=4030
2025-12-06 17:31:21 [INF] WU response OK for EndToEndId=2334184040728559. StatusCode=200, Body={
  "header" : {
    "msgId" : "2334184040728559",
    "creationDateTime" : "2025-12-06 11:31:21.025"
  },
  "paymentInfo" : {
    "identification" : {
      "endToEndId" : "2334184040728559"
    }
  },
  "status" : {
    "code" : "404",
    "subCode" : "7200",
    "msg" : "Transaction does not exist."
  }
}
2025-12-06 17:31:22 [INF] Sending PAID notification to WesternUnionUAT for EndToEndId=2334186940178686 with code=4030
2025-12-06 17:31:23 [INF] WU response OK for EndToEndId=2334186940178686. StatusCode=200, Body={
  "header" : {
    "msgId" : "2334186940178686",
    "creationDateTime" : "2025-12-06 11:31:22.942"
  },
  "paymentInfo" : {
    "identification" : {
      "endToEndId" : "2334186940178686"
    }
  },
  "status" : {
    "code" : "404",
    "subCode" : "7200",
    "msg" : "Transaction does not exist."
  }
}
2025-12-06 17:31:24 [INF] Sending PAID notification to WesternUnionUAT for EndToEndId=2334187339242397 with code=4030
2025-12-06 17:31:25 [INF] WU response OK for EndToEndId=2334187339242397. StatusCode=200, Body={
  "header" : {
    "msgId" : "2334187339242397",
    "creationDateTime" : "2025-12-06 11:31:24.887"
  },
  "paymentInfo" : {
    "identification" : {
      "endToEndId" : "2334187339242397"
    }
  },
  "status" : {
    "code" : "404",
    "subCode" : "7200",
    "msg" : "Transaction does not exist."
  }
}
2025-12-06 17:31:26 [INF] Sending PAID notification to WesternUnionUAT for EndToEndId=2334188245095223 with code=4030
2025-12-06 17:31:27 [INF] WU response OK for EndToEndId=2334188245095223. StatusCode=200, Body={
  "header" : {
    "msgId" : "2334188245095223",
    "creationDateTime" : "2025-12-06 11:31:26.831"
  },
  "paymentInfo" : {
    "identification" : {
      "endToEndId" : "2334188245095223"
    }
  },
  "status" : {
    "code" : "404",
    "subCode" : "7200",
    "msg" : "Transaction does not exist."
  }
}
2025-12-06 17:31:28 [INF] Sending PAID notification to WesternUnionUAT for EndToEndId=2410682753149512 with code=4030
2025-12-06 18:21:02 [INF] Sending CANCEL notification to WesternUnionUAT for EndToEndId=2228083818368660 with code=4024
2025-12-06 18:21:04 [INF] WU response OK for EndToEndId=2228083818368660. StatusCode=200, Body={
  "header" : {
    "msgId" : "2228083818368660",
    "creationDateTime" : "2025-12-06 12:21:02.474"
  },
  "paymentInfo" : {
    "identification" : {
      "endToEndId" : "2228083818368660"
    }
  },
  "status" : {
    "code" : "404",
    "subCode" : "7200",
    "msg" : "Transaction does not exist."
  }
}
2025-12-06 18:21:06 [INF] Sending CANCEL notification to WesternUnionUAT for EndToEndId=2228084322867817 with code=4024
2025-12-06 18:21:06 [INF] WU response OK for EndToEndId=2228084322867817. StatusCode=200, Body={
  "header" : {
    "msgId" : "2228084322867817",
    "creationDateTime" : "2025-12-06 12:21:06.590"
  },
  "paymentInfo" : {
    "identification" : {
      "endToEndId" : "2228084322867817"
    }
  },
  "status" : {
    "code" : "404",
    "subCode" : "7200",
    "msg" : "Transaction does not exist."
  }
}
2025-12-06 18:21:08 [INF] Sending CANCEL notification to WesternUnionUAT for EndToEndId=2228480892049530 with code=4024
2025-12-06 18:21:08 [INF] WU response OK for EndToEndId=2228480892049530. StatusCode=200, Body={
  "header" : {
    "msgId" : "2228480892049530",
    "creationDateTime" : "2025-12-06 12:21:08.550"
  },
  "paymentInfo" : {
    "identification" : {
      "endToEndId" : "2228480892049530"
    }
  },
  "status" : {
    "code" : "404",
    "subCode" : "7200",
    "msg" : "Transaction does not exist."
  }
}
2025-12-06 18:21:10 [INF] Sending CANCEL notification to WesternUnionUAT for EndToEndId=2228485770766160 with code=4024
2025-12-06 18:21:10 [INF] WU response OK for EndToEndId=2228485770766160. StatusCode=200, Body={
  "header" : {
    "msgId" : "2228485770766160",
    "creationDateTime" : "2025-12-06 12:21:10.478"
  },
  "paymentInfo" : {
    "identification" : {
      "endToEndId" : "2228485770766160"
    }
  },
  "status" : {
    "code" : "404",
    "subCode" : "7200",
    "msg" : "Transaction does not exist."
  }
}
2025-12-06 18:21:12 [INF] Sending CANCEL notification to WesternUnionUAT for EndToEndId=2228489720707017 with code=4024
2025-12-06 18:21:12 [INF] WU response OK for EndToEndId=2228489720707017. StatusCode=200, Body={
  "header" : {
    "msgId" : "2228489720707017",
    "creationDateTime" : "2025-12-06 12:21:12.418"
  },
  "paymentInfo" : {
    "identification" : {
      "endToEndId" : "2228489720707017"
    }
  },
  "status" : {
    "code" : "404",
    "subCode" : "7200",
    "msg" : "Transaction does not exist."
  }
}
2025-12-06 18:21:14 [INF] Sending CANCEL notification to WesternUnionUAT for EndToEndId=2228680982055570 with code=4024
2025-12-06 18:21:14 [INF] WU response OK for EndToEndId=2228680982055570. StatusCode=200, Body={
  "header" : {
    "msgId" : "2228680982055570",
    "creationDateTime" : "2025-12-06 12:21:14.345"
  },
  "paymentInfo" : {
    "identification" : {
      "endToEndId" : "2228680982055570"
    }
  },
  "status" : {
    "code" : "404",
    "subCode" : "7200",
    "msg" : "Transaction does not exist."
  }
}
2025-12-06 18:21:16 [INF] Sending CANCEL notification to WesternUnionUAT for EndToEndId=2228682621874171 with code=4024
2025-12-06 18:21:16 [INF] WU response OK for EndToEndId=2228682621874171. StatusCode=200, Body={
  "header" : {
    "msgId" : "2228682621874171",
    "creationDateTime" : "2025-12-06 12:21:16.278"
  },
  "paymentInfo" : {
    "identification" : {
      "endToEndId" : "2228682621874171"
    }
  },
  "status" : {
    "code" : "200",
    "subCode" : "0000",
    "msg" : "State is changed successfully"
  }
}
2025-12-06 18:21:18 [INF] Sending CANCEL notification to WesternUnionUAT for EndToEndId=2228682921289164 with code=4024
2025-12-06 18:21:18 [INF] WU response OK for EndToEndId=2228682921289164. StatusCode=200, Body={
  "header" : {
    "msgId" : "2228682921289164",
    "creationDateTime" : "2025-12-06 12:21:18.346"
  },
  "paymentInfo" : {
    "identification" : {
      "endToEndId" : "2228682921289164"
    }
  },
  "status" : {
    "code" : "404",
    "subCode" : "7200",
    "msg" : "Transaction does not exist."
  }
}
2025-12-06 18:21:20 [INF] Sending CANCEL notification to WesternUnionUAT for EndToEndId=2228684241743904 with code=4024
2025-12-06 18:21:20 [INF] WU response OK for EndToEndId=2228684241743904. StatusCode=200, Body={
  "header" : {
    "msgId" : "2228684241743904",
    "creationDateTime" : "2025-12-06 12:21:20.273"
  },
  "paymentInfo" : {
    "identification" : {
      "endToEndId" : "2228684241743904"
    }
  },
  "status" : {
    "code" : "500",
    "subCode" : "1510",
    "msg" : "Invalid payment state transition"
  }
}
2025-12-06 18:21:22 [INF] Sending CANCEL notification to WesternUnionUAT for EndToEndId=2228689290367575 with code=4024
2025-12-06 18:21:22 [INF] WU response OK for EndToEndId=2228689290367575. StatusCode=200, Body={
  "header" : {
    "msgId" : "2228689290367575",
    "creationDateTime" : "2025-12-06 12:21:22.277"
  },
  "paymentInfo" : {
    "identification" : {
      "endToEndId" : "2228689290367575"
    }
  },
  "status" : {
    "code" : "200",
    "subCode" : "0000",
    "msg" : "State is changed successfully"
  }
}
2025-12-06 18:21:24 [INF] Sending CANCEL notification to WesternUnionUAT for EndToEndId=2231289051334951 with code=4024
2025-12-06 18:21:24 [INF] WU response OK for EndToEndId=2231289051334951. StatusCode=200, Body={
  "header" : {
    "msgId" : "2231289051334951",
    "creationDateTime" : "2025-12-06 12:21:24.306"
  },
  "paymentInfo" : {
    "identification" : {
      "endToEndId" : "2231289051334951"
    }
  },
  "status" : {
    "code" : "404",
    "subCode" : "7200",
    "msg" : "Transaction does not exist."
  }
}
2025-12-06 18:21:26 [INF] Sending CANCEL notification to WesternUnionUAT for EndToEndId=2305284391155202 with code=4024
2025-12-06 18:21:26 [INF] WU response OK for EndToEndId=2305284391155202. StatusCode=200, Body={
  "header" : {
    "msgId" : "2305284391155202",
    "creationDateTime" : "2025-12-06 12:21:26.229"
  },
  "paymentInfo" : {
    "identification" : {
      "endToEndId" : "2305284391155202"
    }
  },
  "status" : {
    "code" : "200",
    "subCode" : "0000",
    "msg" : "State is changed successfully"
  }
}
2025-12-06 18:21:28 [INF] Sending CANCEL notification to WesternUnionUAT for EndToEndId=2305586990205069 with code=4024
2025-12-06 18:21:28 [INF] WU response OK for EndToEndId=2305586990205069. StatusCode=200, Body={
  "header" : {
    "msgId" : "2305586990205069",
    "creationDateTime" : "2025-12-06 12:21:28.311"
  },
  "paymentInfo" : {
    "identification" : {
      "endToEndId" : "2305586990205069"
    }
  },
  "status" : {
    "code" : "200",
    "subCode" : "0000",
    "msg" : "State is changed successfully"
  }
}
2025-12-06 18:21:30 [INF] Sending PAID notification to WesternUnionUAT for EndToEndId=2334184040728559 with code=4030
2025-12-06 18:21:30 [INF] WU response OK for EndToEndId=2334184040728559. StatusCode=200, Body={
  "header" : {
    "msgId" : "2334184040728559",
    "creationDateTime" : "2025-12-06 12:21:30.359"
  },
  "paymentInfo" : {
    "identification" : {
      "endToEndId" : "2334184040728559"
    }
  },
  "status" : {
    "code" : "404",
    "subCode" : "7200",
    "msg" : "Transaction does not exist."
  }
}
2025-12-06 18:21:32 [INF] Sending PAID notification to WesternUnionUAT for EndToEndId=2334186940178686 with code=4030
2025-12-06 18:21:32 [INF] WU response OK for EndToEndId=2334186940178686. StatusCode=200, Body={
  "header" : {
    "msgId" : "2334186940178686",
    "creationDateTime" : "2025-12-06 12:21:32.287"
  },
  "paymentInfo" : {
    "identification" : {
      "endToEndId" : "2334186940178686"
    }
  },
  "status" : {
    "code" : "404",
    "subCode" : "7200",
    "msg" : "Transaction does not exist."
  }
}
2025-12-06 18:21:34 [INF] Sending PAID notification to WesternUnionUAT for EndToEndId=2334187339242397 with code=4030
2025-12-06 18:21:34 [INF] WU response OK for EndToEndId=2334187339242397. StatusCode=200, Body={
  "header" : {
    "msgId" : "2334187339242397",
    "creationDateTime" : "2025-12-06 12:21:34.214"
  },
  "paymentInfo" : {
    "identification" : {
      "endToEndId" : "2334187339242397"
    }
  },
  "status" : {
    "code" : "404",
    "subCode" : "7200",
    "msg" : "Transaction does not exist."
  }
}
2025-12-06 18:21:36 [INF] Sending PAID notification to WesternUnionUAT for EndToEndId=2334188245095223 with code=4030
2025-12-06 18:21:36 [INF] WU response OK for EndToEndId=2334188245095223. StatusCode=200, Body={
  "header" : {
    "msgId" : "2334188245095223",
    "creationDateTime" : "2025-12-06 12:21:36.145"
  },
  "paymentInfo" : {
    "identification" : {
      "endToEndId" : "2334188245095223"
    }
  },
  "status" : {
    "code" : "404",
    "subCode" : "7200",
    "msg" : "Transaction does not exist."
  }
}
2025-12-06 18:21:41 [INF] Sending CANCEL notification to WesternUnionUAT for EndToEndId=2228083818368660 with code=4024
2025-12-06 18:21:42 [INF] WU response OK for EndToEndId=2228083818368660. StatusCode=200, Body={
  "header" : {
    "msgId" : "2228083818368660",
    "creationDateTime" : "2025-12-06 12:21:41.458"
  },
  "paymentInfo" : {
    "identification" : {
      "endToEndId" : "2228083818368660"
    }
  },
  "status" : {
    "code" : "404",
    "subCode" : "7200",
    "msg" : "Transaction does not exist."
  }
}
2025-12-06 18:21:43 [INF] Sending CANCEL notification to WesternUnionUAT for EndToEndId=2228084322867817 with code=4024
2025-12-06 18:21:44 [INF] WU response OK for EndToEndId=2228084322867817. StatusCode=200, Body={
  "header" : {
    "msgId" : "2228084322867817",
    "creationDateTime" : "2025-12-06 12:21:43.685"
  },
  "paymentInfo" : {
    "identification" : {
      "endToEndId" : "2228084322867817"
    }
  },
  "status" : {
    "code" : "404",
    "subCode" : "7200",
    "msg" : "Transaction does not exist."
  }
}
2025-12-06 18:21:45 [INF] Sending CANCEL notification to WesternUnionUAT for EndToEndId=2228480892049530 with code=4024
2025-12-06 18:21:46 [INF] WU response OK for EndToEndId=2228480892049530. StatusCode=200, Body={
  "header" : {
    "msgId" : "2228480892049530",
    "creationDateTime" : "2025-12-06 12:21:45.846"
  },
  "paymentInfo" : {
    "identification" : {
      "endToEndId" : "2228480892049530"
    }
  },
  "status" : {
    "code" : "404",
    "subCode" : "7200",
    "msg" : "Transaction does not exist."
  }
}
2025-12-06 18:21:47 [INF] Sending CANCEL notification to WesternUnionUAT for EndToEndId=2228485770766160 with code=4024
2025-12-06 18:21:48 [INF] WU response OK for EndToEndId=2228485770766160. StatusCode=200, Body={
  "header" : {
    "msgId" : "2228485770766160",
    "creationDateTime" : "2025-12-06 12:21:47.763"
  },
  "paymentInfo" : {
    "identification" : {
      "endToEndId" : "2228485770766160"
    }
  },
  "status" : {
    "code" : "404",
    "subCode" : "7200",
    "msg" : "Transaction does not exist."
  }
}
2025-12-06 18:21:49 [INF] Sending CANCEL notification to WesternUnionUAT for EndToEndId=2228489720707017 with code=4024
2025-12-06 18:21:50 [INF] WU response OK for EndToEndId=2228489720707017. StatusCode=200, Body={
  "header" : {
    "msgId" : "2228489720707017",
    "creationDateTime" : "2025-12-06 12:21:49.694"
  },
  "paymentInfo" : {
    "identification" : {
      "endToEndId" : "2228489720707017"
    }
  },
  "status" : {
    "code" : "404",
    "subCode" : "7200",
    "msg" : "Transaction does not exist."
  }
}
2025-12-06 18:21:51 [INF] Sending CANCEL notification to WesternUnionUAT for EndToEndId=2228680982055570 with code=4024
2025-12-06 18:21:51 [INF] WU response OK for EndToEndId=2228680982055570. StatusCode=200, Body={
  "header" : {
    "msgId" : "2228680982055570",
    "creationDateTime" : "2025-12-06 12:21:51.621"
  },
  "paymentInfo" : {
    "identification" : {
      "endToEndId" : "2228680982055570"
    }
  },
  "status" : {
    "code" : "404",
    "subCode" : "7200",
    "msg" : "Transaction does not exist."
  }
}
2025-12-06 18:21:53 [INF] Sending CANCEL notification to WesternUnionUAT for EndToEndId=2228682621874171 with code=4024
2025-12-06 18:21:53 [INF] WU response OK for EndToEndId=2228682621874171. StatusCode=200, Body={
  "header" : {
    "msgId" : "2228682621874171",
    "creationDateTime" : "2025-12-06 12:21:53.538"
  },
  "paymentInfo" : {
    "identification" : {
      "endToEndId" : "2228682621874171"
    }
  },
  "status" : {
    "code" : "200",
    "subCode" : "0000",
    "msg" : "State is changed successfully"
  }
}
2025-12-06 18:21:55 [INF] Sending CANCEL notification to WesternUnionUAT for EndToEndId=2228682921289164 with code=4024
2025-12-06 18:21:55 [INF] WU response OK for EndToEndId=2228682921289164. StatusCode=200, Body={
  "header" : {
    "msgId" : "2228682921289164",
    "creationDateTime" : "2025-12-06 12:21:55.591"
  },
  "paymentInfo" : {
    "identification" : {
      "endToEndId" : "2228682921289164"
    }
  },
  "status" : {
    "code" : "404",
    "subCode" : "7200",
    "msg" : "Transaction does not exist."
  }
}
2025-12-06 18:21:57 [INF] Sending CANCEL notification to WesternUnionUAT for EndToEndId=2228684241743904 with code=4024
2025-12-06 18:21:57 [INF] WU response OK for EndToEndId=2228684241743904. StatusCode=200, Body={
  "header" : {
    "msgId" : "2228684241743904",
    "creationDateTime" : "2025-12-06 12:21:57.499"
  },
  "paymentInfo" : {
    "identification" : {
      "endToEndId" : "2228684241743904"
    }
  },
  "status" : {
    "code" : "500",
    "subCode" : "1510",
    "msg" : "Invalid payment state transition"
  }
}
2025-12-06 18:21:59 [INF] Sending CANCEL notification to WesternUnionUAT for EndToEndId=2228689290367575 with code=4024
2025-12-06 18:21:59 [INF] WU response OK for EndToEndId=2228689290367575. StatusCode=200, Body={
  "header" : {
    "msgId" : "2228689290367575",
    "creationDateTime" : "2025-12-06 12:21:59.510"
  },
  "paymentInfo" : {
    "identification" : {
      "endToEndId" : "2228689290367575"
    }
  },
  "status" : {
    "code" : "200",
    "subCode" : "0000",
    "msg" : "State is changed successfully"
  }
}
2025-12-06 18:22:01 [INF] Sending CANCEL notification to WesternUnionUAT for EndToEndId=2231289051334951 with code=4024
2025-12-06 18:22:01 [INF] WU response OK for EndToEndId=2231289051334951. StatusCode=200, Body={
  "header" : {
    "msgId" : "2231289051334951",
    "creationDateTime" : "2025-12-06 12:22:01.570"
  },
  "paymentInfo" : {
    "identification" : {
      "endToEndId" : "2231289051334951"
    }
  },
  "status" : {
    "code" : "404",
    "subCode" : "7200",
    "msg" : "Transaction does not exist."
  }
}
2025-12-06 18:22:03 [INF] Sending CANCEL notification to WesternUnionUAT for EndToEndId=2305284391155202 with code=4024
2025-12-06 18:22:03 [INF] WU response OK for EndToEndId=2305284391155202. StatusCode=200, Body={
  "header" : {
    "msgId" : "2305284391155202",
    "creationDateTime" : "2025-12-06 12:22:03.490"
  },
  "paymentInfo" : {
    "identification" : {
      "endToEndId" : "2305284391155202"
    }
  },
  "status" : {
    "code" : "200",
    "subCode" : "0000",
    "msg" : "State is changed successfully"
  }
}
2025-12-06 18:22:05 [INF] Sending CANCEL notification to WesternUnionUAT for EndToEndId=2305586990205069 with code=4024
2025-12-06 18:22:05 [INF] WU response OK for EndToEndId=2305586990205069. StatusCode=200, Body={
  "header" : {
    "msgId" : "2305586990205069",
    "creationDateTime" : "2025-12-06 12:22:05.514"
  },
  "paymentInfo" : {
    "identification" : {
      "endToEndId" : "2305586990205069"
    }
  },
  "status" : {
    "code" : "200",
    "subCode" : "0000",
    "msg" : "State is changed successfully"
  }
}
2025-12-06 18:22:07 [INF] Sending PAID notification to WesternUnionUAT for EndToEndId=2334184040728559 with code=4030
2025-12-06 18:22:07 [INF] WU response OK for EndToEndId=2334184040728559. StatusCode=200, Body={
  "header" : {
    "msgId" : "2334184040728559",
    "creationDateTime" : "2025-12-06 12:22:07.569"
  },
  "paymentInfo" : {
    "identification" : {
      "endToEndId" : "2334184040728559"
    }
  },
  "status" : {
    "code" : "404",
    "subCode" : "7200",
    "msg" : "Transaction does not exist."
  }
}
2025-12-06 18:22:09 [INF] Sending PAID notification to WesternUnionUAT for EndToEndId=2334186940178686 with code=4030
2025-12-06 18:22:09 [INF] WU response OK for EndToEndId=2334186940178686. StatusCode=200, Body={
  "header" : {
    "msgId" : "2334186940178686",
    "creationDateTime" : "2025-12-06 12:22:09.494"
  },
  "paymentInfo" : {
    "identification" : {
      "endToEndId" : "2334186940178686"
    }
  },
  "status" : {
    "code" : "404",
    "subCode" : "7200",
    "msg" : "Transaction does not exist."
  }
}
2025-12-06 18:22:11 [INF] Sending PAID notification to WesternUnionUAT for EndToEndId=2334187339242397 with code=4030
2025-12-06 18:22:11 [INF] WU response OK for EndToEndId=2334187339242397. StatusCode=200, Body={
  "header" : {
    "msgId" : "2334187339242397",
    "creationDateTime" : "2025-12-06 12:22:11.410"
  },
  "paymentInfo" : {
    "identification" : {
      "endToEndId" : "2334187339242397"
    }
  },
  "status" : {
    "code" : "404",
    "subCode" : "7200",
    "msg" : "Transaction does not exist."
  }
}
2025-12-06 18:22:13 [INF] Sending PAID notification to WesternUnionUAT for EndToEndId=2334188245095223 with code=4030
2025-12-06 18:22:13 [INF] WU response OK for EndToEndId=2334188245095223. StatusCode=200, Body={
  "header" : {
    "msgId" : "2334188245095223",
    "creationDateTime" : "2025-12-06 12:22:13.332"
  },
  "paymentInfo" : {
    "identification" : {
      "endToEndId" : "2334188245095223"
    }
  },
  "status" : {
    "code" : "404",
    "subCode" : "7200",
    "msg" : "Transaction does not exist."
  }
}
2025-12-06 18:22:15 [INF] Sending PAID notification to WesternUnionUAT for EndToEndId=2410682753149512 with code=4030
2025-12-06 18:22:16 [INF] WU response OK for EndToEndId=2410682753149512. StatusCode=200, Body={
  "header" : {
    "msgId" : "2410682753149512",
    "creationDateTime" : "2025-12-06 12:22:15.268"
  },
  "paymentInfo" : {
    "identification" : {
      "endToEndId" : "2410682753149512"
    }
  },
  "status" : {
    "code" : "200",
    "subCode" : "0000",
    "msg" : "State is changed successfully"
  }
}
2025-12-06 18:22:17 [INF] Sending PAID notification to WesternUnionUAT for EndToEndId=2410685610728330 with code=4030
2025-12-06 18:22:18 [INF] WU response OK for EndToEndId=2410685610728330. StatusCode=200, Body={
  "header" : {
    "msgId" : "2410685610728330",
    "creationDateTime" : "2025-12-06 12:22:17.617"
  },
  "paymentInfo" : {
    "identification" : {
      "endToEndId" : "2410685610728330"
    }
  },
  "status" : {
    "code" : "200",
    "subCode" : "0000",
    "msg" : "State is changed successfully"
  }
}
2025-12-06 18:22:19 [INF] Sending PAID notification to WesternUnionUAT for EndToEndId=2410689111046871 with code=4030
2025-12-06 18:22:20 [INF] WU response OK for EndToEndId=2410689111046871. StatusCode=200, Body={
  "header" : {
    "msgId" : "2410689111046871",
    "creationDateTime" : "2025-12-06 12:22:19.681"
  },
  "paymentInfo" : {
    "identification" : {
      "endToEndId" : "2410689111046871"
    }
  },
  "status" : {
    "code" : "200",
    "subCode" : "0000",
    "msg" : "State is changed successfully"
  }
}
2025-12-06 18:23:11 [INF] Sending CANCEL notification to WesternUnionUAT for EndToEndId=2228083818368660 with code=4024
2025-12-06 18:23:12 [INF] WU response OK for EndToEndId=2228083818368660. StatusCode=200, Body={
  "header" : {
    "msgId" : "2228083818368660",
    "creationDateTime" : "2025-12-06 12:23:11.762"
  },
  "paymentInfo" : {
    "identification" : {
      "endToEndId" : "2228083818368660"
    }
  },
  "status" : {
    "code" : "404",
    "subCode" : "7200",
    "msg" : "Transaction does not exist."
  }
}
2025-12-06 18:23:13 [INF] Sending CANCEL notification to WesternUnionUAT for EndToEndId=2228084322867817 with code=4024
2025-12-06 18:23:14 [INF] WU response OK for EndToEndId=2228084322867817. StatusCode=200, Body={
  "header" : {
    "msgId" : "2228084322867817",
    "creationDateTime" : "2025-12-06 12:23:13.966"
  },
  "paymentInfo" : {
    "identification" : {
      "endToEndId" : "2228084322867817"
    }
  },
  "status" : {
    "code" : "404",
    "subCode" : "7200",
    "msg" : "Transaction does not exist."
  }
}
2025-12-06 18:23:15 [INF] Sending CANCEL notification to WesternUnionUAT for EndToEndId=2228480892049530 with code=4024
2025-12-06 18:23:16 [INF] WU response OK for EndToEndId=2228480892049530. StatusCode=200, Body={
  "header" : {
    "msgId" : "2228480892049530",
    "creationDateTime" : "2025-12-06 12:23:15.912"
  },
  "paymentInfo" : {
    "identification" : {
      "endToEndId" : "2228480892049530"
    }
  },
  "status" : {
    "code" : "404",
    "subCode" : "7200",
    "msg" : "Transaction does not exist."
  }
}
2025-12-06 18:23:17 [INF] Sending CANCEL notification to WesternUnionUAT for EndToEndId=2228485770766160 with code=4024
2025-12-06 18:23:18 [INF] WU response OK for EndToEndId=2228485770766160. StatusCode=200, Body={
  "header" : {
    "msgId" : "2228485770766160",
    "creationDateTime" : "2025-12-06 12:23:17.857"
  },
  "paymentInfo" : {
    "identification" : {
      "endToEndId" : "2228485770766160"
    }
  },
  "status" : {
    "code" : "404",
    "subCode" : "7200",
    "msg" : "Transaction does not exist."
  }
}
2025-12-06 18:23:19 [INF] Sending CANCEL notification to WesternUnionUAT for EndToEndId=2228489720707017 with code=4024
2025-12-06 18:23:20 [INF] WU response OK for EndToEndId=2228489720707017. StatusCode=200, Body={
  "header" : {
    "msgId" : "2228489720707017",
    "creationDateTime" : "2025-12-06 12:23:19.779"
  },
  "paymentInfo" : {
    "identification" : {
      "endToEndId" : "2228489720707017"
    }
  },
  "status" : {
    "code" : "404",
    "subCode" : "7200",
    "msg" : "Transaction does not exist."
  }
}
2025-12-06 18:23:21 [INF] Sending CANCEL notification to WesternUnionUAT for EndToEndId=2228680982055570 with code=4024
2025-12-06 18:23:22 [INF] WU response OK for EndToEndId=2228680982055570. StatusCode=200, Body={
  "header" : {
    "msgId" : "2228680982055570",
    "creationDateTime" : "2025-12-06 12:23:21.699"
  },
  "paymentInfo" : {
    "identification" : {
      "endToEndId" : "2228680982055570"
    }
  },
  "status" : {
    "code" : "404",
    "subCode" : "7200",
    "msg" : "Transaction does not exist."
  }
}
2025-12-06 18:23:23 [INF] Sending CANCEL notification to WesternUnionUAT for EndToEndId=2228682621874171 with code=4024
2025-12-06 18:23:24 [INF] WU response OK for EndToEndId=2228682621874171. StatusCode=200, Body={
  "header" : {
    "msgId" : "2228682621874171",
    "creationDateTime" : "2025-12-06 12:23:23.626"
  },
  "paymentInfo" : {
    "identification" : {
      "endToEndId" : "2228682621874171"
    }
  },
  "status" : {
    "code" : "200",
    "subCode" : "0000",
    "msg" : "State is changed successfully"
  }
}
2025-12-06 18:23:25 [INF] Sending CANCEL notification to WesternUnionUAT for EndToEndId=2228682921289164 with code=4024
2025-12-06 18:23:25 [INF] WU response OK for EndToEndId=2228682921289164. StatusCode=200, Body={
  "header" : {
    "msgId" : "2228682921289164",
    "creationDateTime" : "2025-12-06 12:23:25.682"
  },
  "paymentInfo" : {
    "identification" : {
      "endToEndId" : "2228682921289164"
    }
  },
  "status" : {
    "code" : "404",
    "subCode" : "7200",
    "msg" : "Transaction does not exist."
  }
}
2025-12-06 18:23:27 [INF] Sending CANCEL notification to WesternUnionUAT for EndToEndId=2228684241743904 with code=4024
2025-12-06 18:23:27 [INF] WU response OK for EndToEndId=2228684241743904. StatusCode=200, Body={
  "header" : {
    "msgId" : "2228684241743904",
    "creationDateTime" : "2025-12-06 12:23:27.601"
  },
  "paymentInfo" : {
    "identification" : {
      "endToEndId" : "2228684241743904"
    }
  },
  "status" : {
    "code" : "500",
    "subCode" : "1510",
    "msg" : "Invalid payment state transition"
  }
}
2025-12-06 18:23:29 [INF] Sending CANCEL notification to WesternUnionUAT for EndToEndId=2228689290367575 with code=4024
2025-12-06 18:23:30 [INF] WU response OK for EndToEndId=2228689290367575. StatusCode=200, Body={
  "header" : {
    "msgId" : "2228689290367575",
    "creationDateTime" : "2025-12-06 12:23:29.600"
  },
  "paymentInfo" : {
    "identification" : {
      "endToEndId" : "2228689290367575"
    }
  },
  "status" : {
    "code" : "200",
    "subCode" : "0000",
    "msg" : "State is changed successfully"
  }
}
2025-12-06 18:23:31 [INF] Sending CANCEL notification to WesternUnionUAT for EndToEndId=2231289051334951 with code=4024
2025-12-06 18:23:31 [INF] WU response OK for EndToEndId=2231289051334951. StatusCode=200, Body={
  "header" : {
    "msgId" : "2231289051334951",
    "creationDateTime" : "2025-12-06 12:23:31.623"
  },
  "paymentInfo" : {
    "identification" : {
      "endToEndId" : "2231289051334951"
    }
  },
  "status" : {
    "code" : "404",
    "subCode" : "7200",
    "msg" : "Transaction does not exist."
  }
}
2025-12-06 18:23:33 [INF] Sending CANCEL notification to WesternUnionUAT for EndToEndId=2305284391155202 with code=4024
2025-12-06 18:23:33 [INF] WU response OK for EndToEndId=2305284391155202. StatusCode=200, Body={
  "header" : {
    "msgId" : "2305284391155202",
    "creationDateTime" : "2025-12-06 12:23:33.549"
  },
  "paymentInfo" : {
    "identification" : {
      "endToEndId" : "2305284391155202"
    }
  },
  "status" : {
    "code" : "200",
    "subCode" : "0000",
    "msg" : "State is changed successfully"
  }
}
2025-12-06 18:23:35 [INF] Sending CANCEL notification to WesternUnionUAT for EndToEndId=2305586990205069 with code=4024
2025-12-06 18:23:36 [INF] WU response OK for EndToEndId=2305586990205069. StatusCode=200, Body={
  "header" : {
    "msgId" : "2305586990205069",
    "creationDateTime" : "2025-12-06 12:23:35.602"
  },
  "paymentInfo" : {
    "identification" : {
      "endToEndId" : "2305586990205069"
    }
  },
  "status" : {
    "code" : "200",
    "subCode" : "0000",
    "msg" : "State is changed successfully"
  }
}
2025-12-06 18:23:37 [INF] Sending PAID notification to WesternUnionUAT for EndToEndId=2334184040728559 with code=4030
2025-12-06 18:23:37 [INF] WU response OK for EndToEndId=2334184040728559. StatusCode=200, Body={
  "header" : {
    "msgId" : "2334184040728559",
    "creationDateTime" : "2025-12-06 12:23:37.624"
  },
  "paymentInfo" : {
    "identification" : {
      "endToEndId" : "2334184040728559"
    }
  },
  "status" : {
    "code" : "404",
    "subCode" : "7200",
    "msg" : "Transaction does not exist."
  }
}
2025-12-06 18:23:39 [INF] Sending PAID notification to WesternUnionUAT for EndToEndId=2334186940178686 with code=4030
2025-12-06 18:23:39 [INF] WU response OK for EndToEndId=2334186940178686. StatusCode=200, Body={
  "header" : {
    "msgId" : "2334186940178686",
    "creationDateTime" : "2025-12-06 12:23:39.534"
  },
  "paymentInfo" : {
    "identification" : {
      "endToEndId" : "2334186940178686"
    }
  },
  "status" : {
    "code" : "404",
    "subCode" : "7200",
    "msg" : "Transaction does not exist."
  }
}
2025-12-06 18:23:41 [INF] Sending PAID notification to WesternUnionUAT for EndToEndId=2334187339242397 with code=4030
2025-12-06 18:23:41 [INF] WU response OK for EndToEndId=2334187339242397. StatusCode=200, Body={
  "header" : {
    "msgId" : "2334187339242397",
    "creationDateTime" : "2025-12-06 12:23:41.479"
  },
  "paymentInfo" : {
    "identification" : {
      "endToEndId" : "2334187339242397"
    }
  },
  "status" : {
    "code" : "404",
    "subCode" : "7200",
    "msg" : "Transaction does not exist."
  }
}
2025-12-06 18:23:43 [INF] Sending PAID notification to WesternUnionUAT for EndToEndId=2334188245095223 with code=4030
2025-12-06 18:23:43 [INF] WU response OK for EndToEndId=2334188245095223. StatusCode=200, Body={
  "header" : {
    "msgId" : "2334188245095223",
    "creationDateTime" : "2025-12-06 12:23:43.407"
  },
  "paymentInfo" : {
    "identification" : {
      "endToEndId" : "2334188245095223"
    }
  },
  "status" : {
    "code" : "404",
    "subCode" : "7200",
    "msg" : "Transaction does not exist."
  }
}
2025-12-06 18:23:45 [INF] Sending PAID notification to WesternUnionUAT for EndToEndId=2410682753149512 with code=4030
2025-12-06 18:23:46 [INF] WU response OK for EndToEndId=2410682753149512. StatusCode=200, Body={
  "header" : {
    "msgId" : "2410682753149512",
    "creationDateTime" : "2025-12-06 12:23:45.329"
  },
  "paymentInfo" : {
    "identification" : {
      "endToEndId" : "2410682753149512"
    }
  },
  "status" : {
    "code" : "200",
    "subCode" : "0000",
    "msg" : "State is changed successfully"
  }
}
2025-12-06 18:23:47 [INF] Sending PAID notification to WesternUnionUAT for EndToEndId=2410685610728330 with code=4030
2025-12-06 18:23:48 [INF] WU response OK for EndToEndId=2410685610728330. StatusCode=200, Body={
  "header" : {
    "msgId" : "2410685610728330",
    "creationDateTime" : "2025-12-06 12:23:47.693"
  },
  "paymentInfo" : {
    "identification" : {
      "endToEndId" : "2410685610728330"
    }
  },
  "status" : {
    "code" : "200",
    "subCode" : "0000",
    "msg" : "State is changed successfully"
  }
}
2025-12-06 18:23:49 [INF] Sending PAID notification to WesternUnionUAT for EndToEndId=2410689111046871 with code=4030
2025-12-06 18:23:50 [INF] WU response OK for EndToEndId=2410689111046871. StatusCode=200, Body={
  "header" : {
    "msgId" : "2410689111046871",
    "creationDateTime" : "2025-12-06 12:23:49.730"
  },
  "paymentInfo" : {
    "identification" : {
      "endToEndId" : "2410689111046871"
    }
  },
  "status" : {
    "code" : "200",
    "subCode" : "0000",
    "msg" : "State is changed successfully"
  }
}
2025-12-06 18:24:41 [INF] Sending CANCEL notification to WesternUnionUAT for EndToEndId=2228083818368660 with code=4024
2025-12-06 18:24:42 [INF] WU response OK for EndToEndId=2228083818368660. StatusCode=200, Body={
  "header" : {
    "msgId" : "2228083818368660",
    "creationDateTime" : "2025-12-06 12:24:41.832"
  },
  "paymentInfo" : {
    "identification" : {
      "endToEndId" : "2228083818368660"
    }
  },
  "status" : {
    "code" : "404",
    "subCode" : "7200",
    "msg" : "Transaction does not exist."
  }
}
2025-12-06 18:24:44 [INF] Sending CANCEL notification to WesternUnionUAT for EndToEndId=2228084322867817 with code=4024
2025-12-06 18:24:44 [INF] WU response OK for EndToEndId=2228084322867817. StatusCode=200, Body={
  "header" : {
    "msgId" : "2228084322867817",
    "creationDateTime" : "2025-12-06 12:24:44.329"
  },
  "paymentInfo" : {
    "identification" : {
      "endToEndId" : "2228084322867817"
    }
  },
  "status" : {
    "code" : "404",
    "subCode" : "7200",
    "msg" : "Transaction does not exist."
  }
}
2025-12-06 18:24:46 [INF] Sending CANCEL notification to WesternUnionUAT for EndToEndId=2228480892049530 with code=4024
2025-12-06 18:24:46 [INF] WU response OK for EndToEndId=2228480892049530. StatusCode=200, Body={
  "header" : {
    "msgId" : "2228480892049530",
    "creationDateTime" : "2025-12-06 12:24:46.255"
  },
  "paymentInfo" : {
    "identification" : {
      "endToEndId" : "2228480892049530"
    }
  },
  "status" : {
    "code" : "404",
    "subCode" : "7200",
    "msg" : "Transaction does not exist."
  }
}
2025-12-06 18:24:48 [INF] Sending CANCEL notification to WesternUnionUAT for EndToEndId=2228485770766160 with code=4024
2025-12-06 18:24:48 [INF] WU response OK for EndToEndId=2228485770766160. StatusCode=200, Body={
  "header" : {
    "msgId" : "2228485770766160",
    "creationDateTime" : "2025-12-06 12:24:48.177"
  },
  "paymentInfo" : {
    "identification" : {
      "endToEndId" : "2228485770766160"
    }
  },
  "status" : {
    "code" : "404",
    "subCode" : "7200",
    "msg" : "Transaction does not exist."
  }
}
2025-12-06 18:24:50 [INF] Sending CANCEL notification to WesternUnionUAT for EndToEndId=2228489720707017 with code=4024
2025-12-06 18:24:50 [INF] WU response OK for EndToEndId=2228489720707017. StatusCode=200, Body={
  "header" : {
    "msgId" : "2228489720707017",
    "creationDateTime" : "2025-12-06 12:24:50.102"
  },
  "paymentInfo" : {
    "identification" : {
      "endToEndId" : "2228489720707017"
    }
  },
  "status" : {
    "code" : "404",
    "subCode" : "7200",
    "msg" : "Transaction does not exist."
  }
}
2025-12-06 18:24:52 [INF] Sending CANCEL notification to WesternUnionUAT for EndToEndId=2228680982055570 with code=4024
2025-12-06 18:24:52 [INF] WU response OK for EndToEndId=2228680982055570. StatusCode=200, Body={
  "header" : {
    "msgId" : "2228680982055570",
    "creationDateTime" : "2025-12-06 12:24:52.024"
  },
  "paymentInfo" : {
    "identification" : {
      "endToEndId" : "2228680982055570"
    }
  },
  "status" : {
    "code" : "404",
    "subCode" : "7200",
    "msg" : "Transaction does not exist."
  }
}
2025-12-06 18:24:53 [INF] Sending CANCEL notification to WesternUnionUAT for EndToEndId=2228682621874171 with code=4024
2025-12-06 18:24:54 [INF] WU response OK for EndToEndId=2228682621874171. StatusCode=200, Body={
  "header" : {
    "msgId" : "2228682621874171",
    "creationDateTime" : "2025-12-06 12:24:53.940"
  },
  "paymentInfo" : {
    "identification" : {
      "endToEndId" : "2228682621874171"
    }
  },
  "status" : {
    "code" : "200",
    "subCode" : "0000",
    "msg" : "State is changed successfully"
  }
}
2025-12-06 18:24:56 [INF] Sending CANCEL notification to WesternUnionUAT for EndToEndId=2228682921289164 with code=4024
2025-12-06 18:24:56 [INF] WU response OK for EndToEndId=2228682921289164. StatusCode=200, Body={
  "header" : {
    "msgId" : "2228682921289164",
    "creationDateTime" : "2025-12-06 12:24:56.000"
  },
  "paymentInfo" : {
    "identification" : {
      "endToEndId" : "2228682921289164"
    }
  },
  "status" : {
    "code" : "404",
    "subCode" : "7200",
    "msg" : "Transaction does not exist."
  }
}
2025-12-06 18:24:57 [INF] Sending CANCEL notification to WesternUnionUAT for EndToEndId=2228684241743904 with code=4024
2025-12-06 18:24:58 [INF] WU response OK for EndToEndId=2228684241743904. StatusCode=200, Body={
  "header" : {
    "msgId" : "2228684241743904",
    "creationDateTime" : "2025-12-06 12:24:57.915"
  },
  "paymentInfo" : {
    "identification" : {
      "endToEndId" : "2228684241743904"
    }
  },
  "status" : {
    "code" : "500",
    "subCode" : "1510",
    "msg" : "Invalid payment state transition"
  }
}
2025-12-06 18:24:59 [INF] Sending CANCEL notification to WesternUnionUAT for EndToEndId=2228689290367575 with code=4024
2025-12-06 18:25:00 [INF] WU response OK for EndToEndId=2228689290367575. StatusCode=200, Body={
  "header" : {
    "msgId" : "2228689290367575",
    "creationDateTime" : "2025-12-06 12:24:59.909"
  },
  "paymentInfo" : {
    "identification" : {
      "endToEndId" : "2228689290367575"
    }
  },
  "status" : {
    "code" : "200",
    "subCode" : "0000",
    "msg" : "State is changed successfully"
  }
}
2025-12-06 18:25:01 [INF] Sending CANCEL notification to WesternUnionUAT for EndToEndId=2231289051334951 with code=4024
2025-12-06 18:25:02 [INF] WU response OK for EndToEndId=2231289051334951. StatusCode=200, Body={
  "header" : {
    "msgId" : "2231289051334951",
    "creationDateTime" : "2025-12-06 12:25:01.916"
  },
  "paymentInfo" : {
    "identification" : {
      "endToEndId" : "2231289051334951"
    }
  },
  "status" : {
    "code" : "404",
    "subCode" : "7200",
    "msg" : "Transaction does not exist."
  }
}
2025-12-06 18:25:03 [INF] Sending CANCEL notification to WesternUnionUAT for EndToEndId=2305284391155202 with code=4024
2025-12-06 18:25:04 [INF] WU response OK for EndToEndId=2305284391155202. StatusCode=200, Body={
  "header" : {
    "msgId" : "2305284391155202",
    "creationDateTime" : "2025-12-06 12:25:03.849"
  },
  "paymentInfo" : {
    "identification" : {
      "endToEndId" : "2305284391155202"
    }
  },
  "status" : {
    "code" : "200",
    "subCode" : "0000",
    "msg" : "State is changed successfully"
  }
}
2025-12-06 18:25:05 [INF] Sending CANCEL notification to WesternUnionUAT for EndToEndId=2305586990205069 with code=4024
2025-12-06 18:25:06 [INF] WU response OK for EndToEndId=2305586990205069. StatusCode=200, Body={
  "header" : {
    "msgId" : "2305586990205069",
    "creationDateTime" : "2025-12-06 12:25:05.888"
  },
  "paymentInfo" : {
    "identification" : {
      "endToEndId" : "2305586990205069"
    }
  },
  "status" : {
    "code" : "200",
    "subCode" : "0000",
    "msg" : "State is changed successfully"
  }
}
2025-12-06 18:25:07 [INF] Sending PAID notification to WesternUnionUAT for EndToEndId=2334184040728559 with code=4030
2025-12-06 18:25:08 [INF] WU response OK for EndToEndId=2334184040728559. StatusCode=200, Body={
  "header" : {
    "msgId" : "2334184040728559",
    "creationDateTime" : "2025-12-06 12:25:07.905"
  },
  "paymentInfo" : {
    "identification" : {
      "endToEndId" : "2334184040728559"
    }
  },
  "status" : {
    "code" : "404",
    "subCode" : "7200",
    "msg" : "Transaction does not exist."
  }
}
2025-12-06 18:25:09 [INF] Sending PAID notification to WesternUnionUAT for EndToEndId=2334186940178686 with code=4030
2025-12-06 18:25:10 [INF] WU response OK for EndToEndId=2334186940178686. StatusCode=200, Body={
  "header" : {
    "msgId" : "2334186940178686",
    "creationDateTime" : "2025-12-06 12:25:09.832"
  },
  "paymentInfo" : {
    "identification" : {
      "endToEndId" : "2334186940178686"
    }
  },
  "status" : {
    "code" : "404",
    "subCode" : "7200",
    "msg" : "Transaction does not exist."
  }
}
2025-12-06 18:25:11 [INF] Sending PAID notification to WesternUnionUAT for EndToEndId=2334187339242397 with code=4030
2025-12-06 18:25:12 [INF] WU response OK for EndToEndId=2334187339242397. StatusCode=200, Body={
  "header" : {
    "msgId" : "2334187339242397",
    "creationDateTime" : "2025-12-06 12:25:11.756"
  },
  "paymentInfo" : {
    "identification" : {
      "endToEndId" : "2334187339242397"
    }
  },
  "status" : {
    "code" : "404",
    "subCode" : "7200",
    "msg" : "Transaction does not exist."
  }
}
2025-12-06 18:25:13 [INF] Sending PAID notification to WesternUnionUAT for EndToEndId=2334188245095223 with code=4030
2025-12-06 18:25:13 [INF] WU response OK for EndToEndId=2334188245095223. StatusCode=200, Body={
  "header" : {
    "msgId" : "2334188245095223",
    "creationDateTime" : "2025-12-06 12:25:13.680"
  },
  "paymentInfo" : {
    "identification" : {
      "endToEndId" : "2334188245095223"
    }
  },
  "status" : {
    "code" : "404",
    "subCode" : "7200",
    "msg" : "Transaction does not exist."
  }
}
2025-12-06 18:25:15 [INF] Sending PAID notification to WesternUnionUAT for EndToEndId=2410682753149512 with code=4030
2025-12-06 18:25:16 [INF] WU response OK for EndToEndId=2410682753149512. StatusCode=200, Body={
  "header" : {
    "msgId" : "2410682753149512",
    "creationDateTime" : "2025-12-06 12:25:15.602"
  },
  "paymentInfo" : {
    "identification" : {
      "endToEndId" : "2410682753149512"
    }
  },
  "status" : {
    "code" : "200",
    "subCode" : "0000",
    "msg" : "State is changed successfully"
  }
}
2025-12-06 18:25:17 [INF] Sending PAID notification to WesternUnionUAT for EndToEndId=2410685610728330 with code=4030
2025-12-06 18:25:18 [INF] WU response OK for EndToEndId=2410685610728330. StatusCode=200, Body={
  "header" : {
    "msgId" : "2410685610728330",
    "creationDateTime" : "2025-12-06 12:25:17.635"
  },
  "paymentInfo" : {
    "identification" : {
      "endToEndId" : "2410685610728330"
    }
  },
  "status" : {
    "code" : "200",
    "subCode" : "0000",
    "msg" : "State is changed successfully"
  }
}
2025-12-06 18:25:19 [INF] Sending PAID notification to WesternUnionUAT for EndToEndId=2410689111046871 with code=4030
2025-12-06 18:25:20 [INF] WU response OK for EndToEndId=2410689111046871. StatusCode=200, Body={
  "header" : {
    "msgId" : "2410689111046871",
    "creationDateTime" : "2025-12-06 12:25:19.685"
  },
  "paymentInfo" : {
    "identification" : {
      "endToEndId" : "2410689111046871"
    }
  },
  "status" : {
    "code" : "200",
    "subCode" : "0000",
    "msg" : "State is changed successfully"
  }
}
